"lon","lat","county","piece","election","turnout"
-83.706,38.638,"Adams County","p001","2016",54.8
-83.673,39.02,"Adams County","p001","2016",54.8
-83.612,39.019,"Adams County","p001","2016",54.8
-83.386,39.055,"Adams County","p001","2016",54.8
-83.315,39.052,"Adams County","p001","2016",54.8
-83.271,39.016,"Adams County","p001","2016",54.8
-83.264,38.613,"Adams County","p001","2016",54.8
-83.287,38.599,"Adams County","p001","2016",54.8
-83.376,38.661,"Adams County","p001","2016",54.8
-83.44,38.669,"Adams County","p001","2016",54.8
-83.533,38.702,"Adams County","p001","2016",54.8
-83.627,38.679,"Adams County","p001","2016",54.8
-83.643,38.643,"Adams County","p001","2016",54.8
-83.679,38.63,"Adams County","p001","2016",54.8
-83.706,38.638,"Adams County","p001","2016",54.8
-84.397,40.816,"Allen County","p002","2016",58.7
-84.341,40.859,"Allen County","p002","2016",58.7
-84.11,40.861,"Allen County","p002","2016",58.7
-84.11,40.905,"Allen County","p002","2016",58.7
-83.88,40.92,"Allen County","p002","2016",58.7
-83.88,40.645,"Allen County","p002","2016",58.7
-84.108,40.643,"Allen County","p002","2016",58.7
-84.223,40.686,"Allen County","p002","2016",58.7
-84.397,40.685,"Allen County","p002","2016",58.7
-84.397,40.816,"Allen County","p002","2016",58.7
-82.437,41.065,"Ashland County","p003","2016",61.9
-82.171,41.064,"Ashland County","p003","2016",61.9
-82.173,40.992,"Ashland County","p003","2016",61.9
-82.129,40.992,"Ashland County","p003","2016",61.9
-82.126,40.668,"Ashland County","p003","2016",61.9
-82.221,40.667,"Ashland County","p003","2016",61.9
-82.22,40.568,"Ashland County","p003","2016",61.9
-82.337,40.555,"Ashland County","p003","2016",61.9
-82.339,40.727,"Ashland County","p003","2016",61.9
-82.421,40.824,"Ashland County","p003","2016",61.9
-82.437,41.065,"Ashland County","p003","2016",61.9
-81.003,41.715,"Ashtabula County","p004","2016",54.9
-81.002,41.849,"Ashtabula County","p004","2016",54.9
-80.9,41.869,"Ashtabula County","p004","2016",54.9
-80.801,41.91,"Ashtabula County","p004","2016",54.9
-80.519,41.978,"Ashtabula County","p004","2016",54.9
-80.519,41.499,"Ashtabula County","p004","2016",54.9
-81.003,41.501,"Ashtabula County","p004","2016",54.9
-81.003,41.715,"Ashtabula County","p004","2016",54.9
-82.28,39.473,"Athens County","p005","2016",56.6
-82.167,39.466,"Athens County","p005","2016",56.6
-82.159,39.557,"Athens County","p005","2016",56.6
-82.048,39.551,"Athens County","p005","2016",56.6
-82.056,39.46,"Athens County","p005","2016",56.6
-81.845,39.45,"Athens County","p005","2016",56.6
-81.854,39.318,"Athens County","p005","2016",56.6
-81.818,39.273,"Athens County","p005","2016",56.6
-81.722,39.27,"Athens County","p005","2016",56.6
-81.721,39.211,"Athens County","p005","2016",56.6
-81.752,39.181,"Athens County","p005","2016",56.6
-82.269,39.204,"Athens County","p005","2016",56.6
-82.26,39.293,"Athens County","p005","2016",56.6
-82.29,39.384,"Athens County","p005","2016",56.6
-82.28,39.473,"Athens County","p005","2016",56.6
-84.456,40.685,"Auglaize County","p006","2016",69.5
-84.223,40.686,"Auglaize County","p006","2016",69.5
-84.108,40.643,"Auglaize County","p006","2016",69.5
-83.88,40.645,"Auglaize County","p006","2016",69.5
-83.88,40.539,"Auglaize County","p006","2016",69.5
-83.994,40.535,"Auglaize County","p006","2016",69.5
-84.002,40.483,"Auglaize County","p006","2016",69.5
-84.339,40.481,"Auglaize County","p006","2016",69.5
-84.339,40.379,"Auglaize County","p006","2016",69.5
-84.434,40.355,"Auglaize County","p006","2016",69.5
-84.456,40.364,"Auglaize County","p006","2016",69.5
-84.456,40.685,"Auglaize County","p006","2016",69.5
-81.234,39.951,"Belmont County","p007","2016",57.1
-81.226,40.17,"Belmont County","p007","2016",57.1
-80.703,40.157,"Belmont County","p007","2016",57.1
-80.737,40.08,"Belmont County","p007","2016",57.1
-80.74,39.971,"Belmont County","p007","2016",57.1
-80.803,39.919,"Belmont County","p007","2016",57.1
-80.823,39.85,"Belmont County","p007","2016",57.1
-81.237,39.868,"Belmont County","p007","2016",57.1
-81.234,39.951,"Belmont County","p007","2016",57.1
-84.053,38.772,"Brown County","p008","2016",59.1
-83.99,39.254,"Brown County","p008","2016",59.1
-83.866,39.247,"Brown County","p008","2016",59.1
-83.872,39.021,"Brown County","p008","2016",59.1
-83.673,39.02,"Brown County","p008","2016",59.1
-83.706,38.638,"Brown County","p008","2016",59.1
-83.772,38.658,"Brown County","p008","2016",59.1
-83.784,38.696,"Brown County","p008","2016",59.1
-83.834,38.716,"Brown County","p008","2016",59.1
-83.852,38.751,"Brown County","p008","2016",59.1
-83.979,38.787,"Brown County","p008","2016",59.1
-84.053,38.772,"Brown County","p008","2016",59.1
-84.817,39.392,"Butler County","p009","2016",64.5
-84.816,39.568,"Butler County","p009","2016",64.5
-84.479,39.569,"Butler County","p009","2016",64.5
-84.479,39.591,"Butler County","p009","2016",64.5
-84.365,39.589,"Butler County","p009","2016",64.5
-84.332,39.549,"Butler County","p009","2016",64.5
-84.353,39.292,"Butler County","p009","2016",64.5
-84.63,39.312,"Butler County","p009","2016",64.5
-84.819,39.305,"Butler County","p009","2016",64.5
-84.817,39.392,"Butler County","p009","2016",64.5
-81.318,40.652,"Carroll County","p010","2016",60.8
-81.241,40.651,"Carroll County","p010","2016",60.8
-81.237,40.724,"Carroll County","p010","2016",60.8
-81.199,40.729,"Carroll County","p010","2016",60.8
-80.917,40.727,"Carroll County","p010","2016",60.8
-80.918,40.643,"Carroll County","p010","2016",60.8
-80.862,40.599,"Carroll County","p010","2016",60.8
-80.864,40.555,"Carroll County","p010","2016",60.8
-80.921,40.556,"Carroll County","p010","2016",60.8
-80.925,40.468,"Carroll County","p010","2016",60.8
-80.942,40.425,"Carroll County","p010","2016",60.8
-81.27,40.433,"Carroll County","p010","2016",60.8
-81.265,40.565,"Carroll County","p010","2016",60.8
-81.322,40.567,"Carroll County","p010","2016",60.8
-81.318,40.652,"Carroll County","p010","2016",60.8
-84.023,40.184,"Champaign County","p011","2016",62.1
-84.015,40.273,"Champaign County","p011","2016",62.1
-83.784,40.26,"Champaign County","p011","2016",62.1
-83.494,40.225,"Champaign County","p011","2016",62.1
-83.516,40.011,"Champaign County","p011","2016",62.1
-84.036,40.04,"Champaign County","p011","2016",62.1
-84.023,40.184,"Champaign County","p011","2016",62.1
-84.051,39.88,"Clark County","p012","2016",60.4
-84.036,40.04,"Clark County","p012","2016",60.4
-83.516,40.011,"Clark County","p012","2016",60.4
-83.59,39.769,"Clark County","p012","2016",60.4
-83.741,39.782,"Clark County","p012","2016",60.4
-83.829,39.798,"Clark County","p012","2016",60.4
-83.827,39.823,"Clark County","p012","2016",60.4
-83.941,39.829,"Clark County","p012","2016",60.4
-83.94,39.843,"Clark County","p012","2016",60.4
-84.054,39.851,"Clark County","p012","2016",60.4
-84.051,39.88,"Clark County","p012","2016",60.4
-84.299,39.174,"Clermont County","p013","2016",66.9
-84.32,39.224,"Clermont County","p013","2016",66.9
-84.259,39.271,"Clermont County","p013","2016",66.9
-83.99,39.254,"Clermont County","p013","2016",66.9
-84.053,38.772,"Clermont County","p013","2016",66.9
-84.213,38.806,"Clermont County","p013","2016",66.9
-84.233,38.843,"Clermont County","p013","2016",66.9
-84.232,38.88,"Clermont County","p013","2016",66.9
-84.288,38.956,"Clermont County","p013","2016",66.9
-84.297,38.99,"Clermont County","p013","2016",66.9
-84.321,39.021,"Clermont County","p013","2016",66.9
-84.299,39.174,"Clermont County","p013","2016",66.9
-84.007,39.255,"Clinton County","p014","2016",60
-83.977,39.569,"Clinton County","p014","2016",60
-83.576,39.545,"Clinton County","p014","2016",60
-83.591,39.379,"Clinton County","p014","2016",60
-83.785,39.263,"Clinton County","p014","2016",60
-83.814,39.223,"Clinton County","p014","2016",60
-83.866,39.247,"Clinton County","p014","2016",60
-84.007,39.255,"Clinton County","p014","2016",60
-81.087,40.902,"Columbiana County","p015","2016",57
-80.896,40.93,"Columbiana County","p015","2016",57
-80.822,40.901,"Columbiana County","p015","2016",57
-80.52,40.9,"Columbiana County","p015","2016",57
-80.519,40.639,"Columbiana County","p015","2016",57
-80.584,40.616,"Columbiana County","p015","2016",57
-80.627,40.62,"Columbiana County","p015","2016",57
-80.668,40.582,"Columbiana County","p015","2016",57
-80.747,40.597,"Columbiana County","p015","2016",57
-80.862,40.599,"Columbiana County","p015","2016",57
-80.918,40.643,"Columbiana County","p015","2016",57
-80.917,40.727,"Columbiana County","p015","2016",57
-81.087,40.728,"Columbiana County","p015","2016",57
-81.087,40.902,"Columbiana County","p015","2016",57
-82.184,40.456,"Coshocton County","p016","2016",56.8
-81.709,40.445,"Coshocton County","p016","2016",56.8
-81.712,40.371,"Coshocton County","p016","2016",56.8
-81.616,40.368,"Coshocton County","p016","2016",56.8
-81.622,40.221,"Coshocton County","p016","2016",56.8
-81.671,40.151,"Coshocton County","p016","2016",56.8
-82.187,40.167,"Coshocton County","p016","2016",56.8
-82.183,40.227,"Coshocton County","p016","2016",56.8
-82.196,40.239,"Coshocton County","p016","2016",56.8
-82.184,40.456,"Coshocton County","p016","2016",56.8
-83.113,40.993,"Crawford County","p017","2016",59.3
-82.725,40.996,"Crawford County","p017","2016",59.3
-82.727,40.711,"Crawford County","p017","2016",59.3
-83.111,40.703,"Crawford County","p017","2016",59.3
-83.113,40.993,"Crawford County","p017","2016",59.3
-81.968,41.504,"Cuyahoga County","p018","2016",64.6
-81.938,41.491,"Cuyahoga County","p018","2016",64.6
-81.811,41.496,"Cuyahoga County","p018","2016",64.6
-81.739,41.489,"Cuyahoga County","p018","2016",64.6
-81.634,41.54,"Cuyahoga County","p018","2016",64.6
-81.489,41.634,"Cuyahoga County","p018","2016",64.6
-81.488,41.57,"Cuyahoga County","p018","2016",64.6
-81.391,41.57,"Cuyahoga County","p018","2016",64.6
-81.375,41.431,"Cuyahoga County","p018","2016",64.6
-81.392,41.424,"Cuyahoga County","p018","2016",64.6
-81.392,41.348,"Cuyahoga County","p018","2016",64.6
-81.598,41.351,"Cuyahoga County","p018","2016",64.6
-81.565,41.278,"Cuyahoga County","p018","2016",64.6
-81.878,41.275,"Cuyahoga County","p018","2016",64.6
-81.877,41.351,"Cuyahoga County","p018","2016",64.6
-81.971,41.351,"Cuyahoga County","p018","2016",64.6
-81.968,41.504,"Cuyahoga County","p018","2016",64.6
-84.81,40.005,"Darke County","p019","2016",65.8
-84.804,40.353,"Darke County","p019","2016",65.8
-84.435,40.354,"Darke County","p019","2016",65.8
-84.426,39.92,"Darke County","p019","2016",65.8
-84.811,39.917,"Darke County","p019","2016",65.8
-84.81,40.005,"Darke County","p019","2016",65.8
-84.804,41.426,"Defiance County","p020","2016",63.7
-84.228,41.428,"Defiance County","p020","2016",63.7
-84.228,41.166,"Defiance County","p020","2016",63.7
-84.342,41.166,"Defiance County","p020","2016",63.7
-84.342,41.209,"Defiance County","p020","2016",63.7
-84.457,41.209,"Defiance County","p020","2016",63.7
-84.457,41.253,"Defiance County","p020","2016",63.7
-84.804,41.253,"Defiance County","p020","2016",63.7
-84.804,41.426,"Defiance County","p020","2016",63.7
-83.249,40.444,"Delaware County","p021","2016",80.6
-83.021,40.434,"Delaware County","p021","2016",80.6
-82.925,40.415,"Delaware County","p021","2016",80.6
-82.93,40.358,"Delaware County","p021","2016",80.6
-82.745,40.35,"Delaware County","p021","2016",80.6
-82.762,40.126,"Delaware County","p021","2016",80.6
-83.17,40.143,"Delaware County","p021","2016",80.6
-83.172,40.244,"Delaware County","p021","2016",80.6
-83.248,40.244,"Delaware County","p021","2016",80.6
-83.249,40.444,"Delaware County","p021","2016",80.6
-82.952,41.458,"Erie County","p022","2016",64.9
-82.73,41.479,"Erie County","p022","2016",64.9
-82.691,41.497,"Erie County","p022","2016",64.9
-82.617,41.428,"Erie County","p022","2016",64.9
-82.533,41.391,"Erie County","p022","2016",64.9
-82.461,41.386,"Erie County","p022","2016",64.9
-82.348,41.427,"Erie County","p022","2016",64.9
-82.342,41.284,"Erie County","p022","2016",64.9
-82.841,41.29,"Erie County","p022","2016",64.9
-82.848,41.43,"Erie County","p022","2016",64.9
-82.952,41.458,"Erie County","p022","2016",64.9
-82.824,39.795,"Fairfield County","p023","2016",66.3
-82.794,39.911,"Fairfield County","p023","2016",66.3
-82.811,39.932,"Fairfield County","p023","2016",66.3
-82.782,39.94,"Fairfield County","p023","2016",66.3
-82.493,39.926,"Fairfield County","p023","2016",66.3
-82.463,39.93,"Fairfield County","p023","2016",66.3
-82.472,39.837,"Fairfield County","p023","2016",66.3
-82.397,39.833,"Fairfield County","p023","2016",66.3
-82.375,39.655,"Fairfield County","p023","2016",66.3
-82.49,39.662,"Fairfield County","p023","2016",66.3
-82.496,39.603,"Fairfield County","p023","2016",66.3
-82.618,39.609,"Fairfield County","p023","2016",66.3
-82.62,39.564,"Fairfield County","p023","2016",66.3
-82.732,39.554,"Fairfield County","p023","2016",66.3
-82.843,39.561,"Fairfield County","p023","2016",66.3
-82.824,39.795,"Fairfield County","p023","2016",66.3
-83.653,39.717,"Fayette County","p024","2016",52.3
-83.252,39.695,"Fayette County","p024","2016",52.3
-83.267,39.516,"Fayette County","p024","2016",52.3
-83.373,39.377,"Fayette County","p024","2016",52.3
-83.591,39.379,"Fayette County","p024","2016",52.3
-83.576,39.545,"Fayette County","p024","2016",52.3
-83.67,39.55,"Fayette County","p024","2016",52.3
-83.653,39.717,"Fayette County","p024","2016",52.3
-83.255,40.048,"Franklin County","p025","2016",67.6
-83.17,40.143,"Franklin County","p025","2016",67.6
-82.762,40.126,"Franklin County","p025","2016",67.6
-82.774,39.976,"Franklin County","p025","2016",67.6
-82.782,39.94,"Franklin County","p025","2016",67.6
-82.811,39.932,"Franklin County","p025","2016",67.6
-82.794,39.911,"Franklin County","p025","2016",67.6
-82.824,39.795,"Franklin County","p025","2016",67.6
-83.244,39.813,"Franklin County","p025","2016",67.6
-83.255,40.048,"Franklin County","p025","2016",67.6
-84.4,41.706,"Fulton County","p026","2016",68.1
-83.88,41.72,"Fulton County","p026","2016",68.1
-83.883,41.488,"Fulton County","p026","2016",68.1
-84.342,41.486,"Fulton County","p026","2016",68.1
-84.342,41.514,"Fulton County","p026","2016",68.1
-84.381,41.514,"Fulton County","p026","2016",68.1
-84.381,41.617,"Fulton County","p026","2016",68.1
-84.4,41.706,"Fulton County","p026","2016",68.1
-82.576,38.844,"Gallia County","p027","2016",57.3
-82.455,38.845,"Gallia County","p027","2016",57.3
-82.435,39.035,"Gallia County","p027","2016",57.3
-82.095,39.003,"Gallia County","p027","2016",57.3
-82.099,38.961,"Gallia County","p027","2016",57.3
-82.135,38.906,"Gallia County","p027","2016",57.3
-82.162,38.825,"Gallia County","p027","2016",57.3
-82.209,38.803,"Gallia County","p027","2016",57.3
-82.175,38.608,"Gallia County","p027","2016",57.3
-82.219,38.592,"Gallia County","p027","2016",57.3
-82.274,38.594,"Gallia County","p027","2016",57.3
-82.282,38.58,"Gallia County","p027","2016",57.3
-82.362,38.585,"Gallia County","p027","2016",57.3
-82.354,38.676,"Gallia County","p027","2016",57.3
-82.472,38.682,"Gallia County","p027","2016",57.3
-82.484,38.772,"Gallia County","p027","2016",57.3
-82.583,38.779,"Gallia County","p027","2016",57.3
-82.576,38.844,"Gallia County","p027","2016",57.3
-81.392,41.424,"Geauga County","p028","2016",72.9
-81.375,41.431,"Geauga County","p028","2016",72.9
-81.391,41.57,"Geauga County","p028","2016",72.9
-81.296,41.57,"Geauga County","p028","2016",72.9
-81.295,41.641,"Geauga County","p028","2016",72.9
-81.101,41.641,"Geauga County","p028","2016",72.9
-81.102,41.714,"Geauga County","p028","2016",72.9
-81.003,41.715,"Geauga County","p028","2016",72.9
-81.003,41.348,"Geauga County","p028","2016",72.9
-81.392,41.348,"Geauga County","p028","2016",72.9
-81.392,41.424,"Geauga County","p028","2016",72.9
-84.093,39.838,"Greene County","p029","2016",66.2
-84.054,39.851,"Greene County","p029","2016",66.2
-83.94,39.843,"Greene County","p029","2016",66.2
-83.941,39.829,"Greene County","p029","2016",66.2
-83.827,39.823,"Greene County","p029","2016",66.2
-83.829,39.798,"Greene County","p029","2016",66.2
-83.647,39.773,"Greene County","p029","2016",66.2
-83.67,39.55,"Greene County","p029","2016",66.2
-84.114,39.578,"Greene County","p029","2016",66.2
-84.093,39.838,"Greene County","p029","2016",66.2
-81.716,40.152,"Guernsey County","p030","2016",55.6
-81.671,40.151,"Guernsey County","p030","2016",55.6
-81.622,40.221,"Guernsey County","p030","2016",55.6
-81.338,40.214,"Guernsey County","p030","2016",55.6
-81.34,40.172,"Guernsey County","p030","2016",55.6
-81.226,40.17,"Guernsey County","p030","2016",55.6
-81.234,39.951,"Guernsey County","p030","2016",55.6
-81.386,39.951,"Guernsey County","p030","2016",55.6
-81.464,39.895,"Guernsey County","p030","2016",55.6
-81.579,39.898,"Guernsey County","p030","2016",55.6
-81.58,39.839,"Guernsey County","p030","2016",55.6
-81.694,39.843,"Guernsey County","p030","2016",55.6
-81.729,39.932,"Guernsey County","p030","2016",55.6
-81.716,40.152,"Guernsey County","p030","2016",55.6
-84.82,39.227,"Hamilton County","p031","2016",69.8
-84.819,39.305,"Hamilton County","p031","2016",69.8
-84.63,39.312,"Hamilton County","p031","2016",69.8
-84.262,39.288,"Hamilton County","p031","2016",69.8
-84.259,39.271,"Hamilton County","p031","2016",69.8
-84.32,39.224,"Hamilton County","p031","2016",69.8
-84.299,39.174,"Hamilton County","p031","2016",69.8
-84.321,39.021,"Hamilton County","p031","2016",69.8
-84.401,39.046,"Hamilton County","p031","2016",69.8
-84.433,39.084,"Hamilton County","p031","2016",69.8
-84.445,39.114,"Hamilton County","p031","2016",69.8
-84.462,39.122,"Hamilton County","p031","2016",69.8
-84.481,39.117,"Hamilton County","p031","2016",69.8
-84.494,39.102,"Hamilton County","p031","2016",69.8
-84.551,39.099,"Hamilton County","p031","2016",69.8
-84.608,39.073,"Hamilton County","p031","2016",69.8
-84.677,39.098,"Hamilton County","p031","2016",69.8
-84.714,39.133,"Hamilton County","p031","2016",69.8
-84.751,39.147,"Hamilton County","p031","2016",69.8
-84.82,39.105,"Hamilton County","p031","2016",69.8
-84.82,39.227,"Hamilton County","p031","2016",69.8
-83.881,41.168,"Hancock County","p032","2016",64.1
-83.421,41.167,"Hancock County","p032","2016",64.1
-83.42,40.992,"Hancock County","p032","2016",64.1
-83.458,40.992,"Hancock County","p032","2016",64.1
-83.515,40.905,"Hancock County","p032","2016",64.1
-83.516,40.818,"Hancock County","p032","2016",64.1
-83.88,40.82,"Hancock County","p032","2016",64.1
-83.881,41.168,"Hancock County","p032","2016",64.1
-83.88,40.82,"Hardin County","p033","2016",52.1
-83.496,40.818,"Hardin County","p033","2016",52.1
-83.496,40.702,"Hardin County","p033","2016",52.1
-83.42,40.687,"Hardin County","p033","2016",52.1
-83.419,40.505,"Hardin County","p033","2016",52.1
-83.52,40.504,"Hardin County","p033","2016",52.1
-83.88,40.532,"Hardin County","p033","2016",52.1
-83.88,40.82,"Hardin County","p033","2016",52.1
-81.338,40.214,"Harrison County","p034","2016",59.2
-81.335,40.304,"Harrison County","p034","2016",59.2
-81.274,40.333,"Harrison County","p034","2016",59.2
-81.27,40.433,"Harrison County","p034","2016",59.2
-80.866,40.423,"Harrison County","p034","2016",59.2
-80.883,40.159,"Harrison County","p034","2016",59.2
-81.34,40.172,"Harrison County","p034","2016",59.2
-81.338,40.214,"Harrison County","p034","2016",59.2
-84.342,41.486,"Henry County","p035","2016",67.5
-83.883,41.488,"Henry County","p035","2016",67.5
-83.881,41.168,"Henry County","p035","2016",67.5
-84.228,41.166,"Henry County","p035","2016",67.5
-84.228,41.428,"Henry County","p035","2016",67.5
-84.342,41.428,"Henry County","p035","2016",67.5
-84.342,41.486,"Henry County","p035","2016",67.5
-83.866,39.247,"Highland County","p036","2016",57.8
-83.814,39.223,"Highland County","p036","2016",57.8
-83.785,39.263,"Highland County","p036","2016",57.8
-83.591,39.379,"Highland County","p036","2016",57.8
-83.373,39.377,"Highland County","p036","2016",57.8
-83.394,39.268,"Highland County","p036","2016",57.8
-83.354,39.198,"Highland County","p036","2016",57.8
-83.386,39.055,"Highland County","p036","2016",57.8
-83.612,39.019,"Highland County","p036","2016",57.8
-83.872,39.021,"Highland County","p036","2016",57.8
-83.866,39.247,"Highland County","p036","2016",57.8
-82.741,39.468,"Hocking County","p037","2016",59.8
-82.732,39.554,"Hocking County","p037","2016",59.8
-82.62,39.564,"Hocking County","p037","2016",59.8
-82.618,39.609,"Hocking County","p037","2016",59.8
-82.496,39.603,"Hocking County","p037","2016",59.8
-82.49,39.662,"Hocking County","p037","2016",59.8
-82.375,39.655,"Hocking County","p037","2016",59.8
-82.38,39.597,"Hocking County","p037","2016",59.8
-82.262,39.591,"Hocking County","p037","2016",59.8
-82.264,39.562,"Hocking County","p037","2016",59.8
-82.159,39.557,"Hocking County","p037","2016",59.8
-82.167,39.466,"Hocking County","p037","2016",59.8
-82.28,39.473,"Hocking County","p037","2016",59.8
-82.29,39.384,"Hocking County","p037","2016",59.8
-82.514,39.396,"Hocking County","p037","2016",59.8
-82.518,39.369,"Hocking County","p037","2016",59.8
-82.749,39.368,"Hocking County","p037","2016",59.8
-82.741,39.468,"Hocking County","p037","2016",59.8
-82.221,40.667,"Holmes County","p038","2016",39.9
-81.65,40.668,"Holmes County","p038","2016",39.9
-81.67,40.444,"Holmes County","p038","2016",39.9
-82.184,40.456,"Holmes County","p038","2016",39.9
-82.179,40.573,"Holmes County","p038","2016",39.9
-82.22,40.568,"Holmes County","p038","2016",39.9
-82.221,40.667,"Holmes County","p038","2016",39.9
-82.841,41.29,"Huron County","p039","2016",58.9
-82.342,41.284,"Huron County","p039","2016",58.9
-82.336,41.066,"Huron County","p039","2016",58.9
-82.437,41.065,"Huron County","p039","2016",58.9
-82.433,40.993,"Huron County","p039","2016",58.9
-82.83,40.997,"Huron County","p039","2016",58.9
-82.841,41.29,"Huron County","p039","2016",58.9
-82.786,39.169,"Jackson County","p040","2016",56.6
-82.763,39.208,"Jackson County","p040","2016",56.6
-82.536,39.181,"Jackson County","p040","2016",56.6
-82.54,39.144,"Jackson County","p040","2016",56.6
-82.425,39.138,"Jackson County","p040","2016",56.6
-82.455,38.845,"Jackson County","p040","2016",56.6
-82.761,38.855,"Jackson County","p040","2016",56.6
-82.753,38.945,"Jackson County","p040","2016",56.6
-82.807,38.948,"Jackson County","p040","2016",56.6
-82.786,39.169,"Jackson County","p040","2016",56.6
-80.925,40.468,"Jefferson County","p041","2016",60.8
-80.921,40.556,"Jefferson County","p041","2016",60.8
-80.864,40.555,"Jefferson County","p041","2016",60.8
-80.862,40.599,"Jefferson County","p041","2016",60.8
-80.747,40.597,"Jefferson County","p041","2016",60.8
-80.668,40.582,"Jefferson County","p041","2016",60.8
-80.622,40.52,"Jefferson County","p041","2016",60.8
-80.605,40.447,"Jefferson County","p041","2016",60.8
-80.632,40.385,"Jefferson County","p041","2016",60.8
-80.607,40.304,"Jefferson County","p041","2016",60.8
-80.703,40.157,"Jefferson County","p041","2016",60.8
-80.883,40.159,"Jefferson County","p041","2016",60.8
-80.866,40.423,"Jefferson County","p041","2016",60.8
-80.942,40.425,"Jefferson County","p041","2016",60.8
-80.925,40.468,"Jefferson County","p041","2016",60.8
-82.745,40.35,"Knox County","p042","2016",63.1
-82.647,40.345,"Knox County","p042","2016",63.1
-82.624,40.55,"Knox County","p042","2016",63.1
-82.375,40.551,"Knox County","p042","2016",63.1
-82.179,40.573,"Knox County","p042","2016",63.1
-82.196,40.239,"Knox County","p042","2016",63.1
-82.477,40.246,"Knox County","p042","2016",63.1
-82.476,40.265,"Knox County","p042","2016",63.1
-82.751,40.277,"Knox County","p042","2016",63.1
-82.745,40.35,"Knox County","p042","2016",63.1
-81.489,41.634,"Lake County","p043","2016",67.3
-81.389,41.707,"Lake County","p043","2016",67.3
-81.287,41.76,"Lake County","p043","2016",67.3
-81.184,41.787,"Lake County","p043","2016",67.3
-81.052,41.84,"Lake County","p043","2016",67.3
-81.002,41.849,"Lake County","p043","2016",67.3
-81.003,41.715,"Lake County","p043","2016",67.3
-81.102,41.714,"Lake County","p043","2016",67.3
-81.101,41.641,"Lake County","p043","2016",67.3
-81.295,41.641,"Lake County","p043","2016",67.3
-81.296,41.57,"Lake County","p043","2016",67.3
-81.488,41.57,"Lake County","p043","2016",67.3
-81.489,41.634,"Lake County","p043","2016",67.3
-82.812,38.572,"Lawrence County","p044","2016",57.4
-82.74,38.597,"Lawrence County","p044","2016",57.4
-82.764,38.68,"Lawrence County","p044","2016",57.4
-82.707,38.677,"Lawrence County","p044","2016",57.4
-82.663,38.748,"Lawrence County","p044","2016",57.4
-82.65,38.849,"Lawrence County","p044","2016",57.4
-82.576,38.844,"Lawrence County","p044","2016",57.4
-82.583,38.779,"Lawrence County","p044","2016",57.4
-82.484,38.772,"Lawrence County","p044","2016",57.4
-82.472,38.682,"Lawrence County","p044","2016",57.4
-82.354,38.676,"Lawrence County","p044","2016",57.4
-82.362,38.585,"Lawrence County","p044","2016",57.4
-82.282,38.58,"Lawrence County","p044","2016",57.4
-82.324,38.449,"Lawrence County","p044","2016",57.4
-82.561,38.404,"Lawrence County","p044","2016",57.4
-82.594,38.422,"Lawrence County","p044","2016",57.4
-82.618,38.477,"Lawrence County","p044","2016",57.4
-82.725,38.558,"Lawrence County","p044","2016",57.4
-82.8,38.563,"Lawrence County","p044","2016",57.4
-82.812,38.572,"Lawrence County","p044","2016",57.4
-82.774,39.976,"Licking County","p045","2016",66
-82.751,40.277,"Licking County","p045","2016",66
-82.476,40.265,"Licking County","p045","2016",66
-82.477,40.246,"Licking County","p045","2016",66
-82.196,40.239,"Licking County","p045","2016",66
-82.183,40.227,"Licking County","p045","2016",66
-82.199,39.95,"Licking County","p045","2016",66
-82.234,39.913,"Licking County","p045","2016",66
-82.463,39.93,"Licking County","p045","2016",66
-82.493,39.926,"Licking County","p045","2016",66
-82.782,39.94,"Licking County","p045","2016",66
-82.774,39.976,"Licking County","p045","2016",66
-84.01,40.318,"Logan County","p046","2016",64.3
-84.004,40.329,"Logan County","p046","2016",64.3
-84.002,40.483,"Logan County","p046","2016",64.3
-83.994,40.535,"Logan County","p046","2016",64.3
-83.88,40.539,"Logan County","p046","2016",64.3
-83.88,40.532,"Logan County","p046","2016",64.3
-83.52,40.504,"Logan County","p046","2016",64.3
-83.551,40.229,"Logan County","p046","2016",64.3
-83.784,40.26,"Logan County","p046","2016",64.3
-84.015,40.273,"Logan County","p046","2016",64.3
-84.01,40.318,"Logan County","p046","2016",64.3
-82.348,41.427,"Lorain County","p047","2016",61.9
-82.268,41.431,"Lorain County","p047","2016",61.9
-82.182,41.472,"Lorain County","p047","2016",61.9
-81.995,41.514,"Lorain County","p047","2016",61.9
-81.968,41.504,"Lorain County","p047","2016",61.9
-81.971,41.351,"Lorain County","p047","2016",61.9
-81.877,41.351,"Lorain County","p047","2016",61.9
-81.878,41.275,"Lorain County","p047","2016",61.9
-81.972,41.275,"Lorain County","p047","2016",61.9
-81.974,41.2,"Lorain County","p047","2016",61.9
-82.072,41.2,"Lorain County","p047","2016",61.9
-82.074,41.136,"Lorain County","p047","2016",61.9
-82.17,41.137,"Lorain County","p047","2016",61.9
-82.171,41.064,"Lorain County","p047","2016",61.9
-82.336,41.066,"Lorain County","p047","2016",61.9
-82.348,41.427,"Lorain County","p047","2016",61.9
-83.883,41.488,"Lucas County","p048","2016",61.4
-83.88,41.72,"Lucas County","p048","2016",61.4
-83.454,41.733,"Lucas County","p048","2016",61.4
-83.41,41.691,"Lucas County","p048","2016",61.4
-83.327,41.702,"Lucas County","p048","2016",61.4
-83.232,41.644,"Lucas County","p048","2016",61.4
-83.164,41.624,"Lucas County","p048","2016",61.4
-83.57,41.617,"Lucas County","p048","2016",61.4
-83.7,41.534,"Lucas County","p048","2016",61.4
-83.729,41.486,"Lucas County","p048","2016",61.4
-83.854,41.414,"Lucas County","p048","2016",61.4
-83.883,41.415,"Lucas County","p048","2016",61.4
-83.883,41.488,"Lucas County","p048","2016",61.4
-83.647,39.773,"Madison County","p049","2016",52
-83.59,39.769,"Madison County","p049","2016",52
-83.516,40.011,"Madison County","p049","2016",52
-83.504,40.111,"Madison County","p049","2016",52
-83.206,40.108,"Madison County","p049","2016",52
-83.255,40.048,"Madison County","p049","2016",52
-83.244,39.813,"Madison County","p049","2016",52
-83.252,39.695,"Madison County","p049","2016",52
-83.653,39.717,"Madison County","p049","2016",52
-83.647,39.773,"Madison County","p049","2016",52
-81.086,40.988,"Mahoning County","p050","2016",64.6
-81.002,40.988,"Mahoning County","p050","2016",64.6
-81.002,41.134,"Mahoning County","p050","2016",64.6
-80.519,41.133,"Mahoning County","p050","2016",64.6
-80.52,40.9,"Mahoning County","p050","2016",64.6
-80.822,40.901,"Mahoning County","p050","2016",64.6
-80.896,40.93,"Mahoning County","p050","2016",64.6
-81.087,40.902,"Mahoning County","p050","2016",64.6
-81.086,40.988,"Mahoning County","p050","2016",64.6
-83.42,40.687,"Marion County","p051","2016",52.4
-83.311,40.687,"Marion County","p051","2016",52.4
-83.305,40.702,"Marion County","p051","2016",52.4
-82.858,40.705,"Marion County","p051","2016",52.4
-82.86,40.646,"Marion County","p051","2016",52.4
-82.958,40.645,"Marion County","p051","2016",52.4
-82.958,40.491,"Marion County","p051","2016",52.4
-83.021,40.434,"Marion County","p051","2016",52.4
-83.249,40.444,"Marion County","p051","2016",52.4
-83.248,40.507,"Marion County","p051","2016",52.4
-83.419,40.505,"Marion County","p051","2016",52.4
-83.42,40.687,"Marion County","p051","2016",52.4
-82.171,41.064,"Medina County","p052","2016",70
-82.17,41.137,"Medina County","p052","2016",70
-82.074,41.136,"Medina County","p052","2016",70
-82.072,41.2,"Medina County","p052","2016",70
-81.974,41.2,"Medina County","p052","2016",70
-81.972,41.275,"Medina County","p052","2016",70
-81.685,41.277,"Medina County","p052","2016",70
-81.688,40.989,"Medina County","p052","2016",70
-82.173,40.992,"Medina County","p052","2016",70
-82.171,41.064,"Medina County","p052","2016",70
-82.307,39.205,"Meigs County","p053","2016",56
-81.752,39.181,"Meigs County","p053","2016",56
-81.743,39.107,"Meigs County","p053","2016",56
-81.808,39.084,"Meigs County","p053","2016",56
-81.776,38.981,"Meigs County","p053","2016",56
-81.827,38.946,"Meigs County","p053","2016",56
-81.898,38.93,"Meigs County","p053","2016",56
-81.942,38.993,"Meigs County","p053","2016",56
-82.007,39.03,"Meigs County","p053","2016",56
-82.042,39.018,"Meigs County","p053","2016",56
-82.099,38.961,"Meigs County","p053","2016",56
-82.095,39.003,"Meigs County","p053","2016",56
-82.323,39.028,"Meigs County","p053","2016",56
-82.307,39.205,"Meigs County","p053","2016",56
-84.804,40.353,"Mercer County","p054","2016",72.9
-84.802,40.728,"Mercer County","p054","2016",72.9
-84.456,40.728,"Mercer County","p054","2016",72.9
-84.456,40.364,"Mercer County","p054","2016",72.9
-84.435,40.354,"Mercer County","p054","2016",72.9
-84.804,40.353,"Mercer County","p054","2016",72.9
-84.433,40.197,"Miami County","p055","2016",67.8
-84.219,40.2,"Miami County","p055","2016",67.8
-84.023,40.184,"Miami County","p055","2016",67.8
-84.051,39.88,"Miami County","p055","2016",67.8
-84.157,39.886,"Miami County","p055","2016",67.8
-84.158,39.923,"Miami County","p055","2016",67.8
-84.426,39.92,"Miami County","p055","2016",67.8
-84.433,40.197,"Miami County","p055","2016",67.8
-81.314,39.869,"Monroe County","p056","2016",61.7
-80.823,39.85,"Monroe County","p056","2016",61.7
-80.825,39.801,"Monroe County","p056","2016",61.7
-80.87,39.764,"Monroe County","p056","2016",61.7
-80.83,39.712,"Monroe County","p056","2016",61.7
-80.866,39.663,"Monroe County","p056","2016",61.7
-81.037,39.538,"Monroe County","p056","2016",61.7
-81.037,39.572,"Monroe County","p056","2016",61.7
-81.283,39.606,"Monroe County","p056","2016",61.7
-81.281,39.707,"Monroe County","p056","2016",61.7
-81.314,39.869,"Monroe County","p056","2016",61.7
-84.485,39.918,"Montgomery County","p057","2016",64.9
-84.158,39.923,"Montgomery County","p057","2016",64.9
-84.157,39.886,"Montgomery County","p057","2016",64.9
-84.051,39.88,"Montgomery County","p057","2016",64.9
-84.054,39.851,"Montgomery County","p057","2016",64.9
-84.093,39.838,"Montgomery County","p057","2016",64.9
-84.114,39.578,"Montgomery County","p057","2016",64.9
-84.286,39.59,"Montgomery County","p057","2016",64.9
-84.479,39.591,"Montgomery County","p057","2016",64.9
-84.485,39.918,"Montgomery County","p057","2016",64.9
-82.077,39.771,"Morgan County","p058","2016",57.2
-81.64,39.753,"Morgan County","p058","2016",57.2
-81.643,39.666,"Morgan County","p058","2016",57.2
-81.586,39.664,"Morgan County","p058","2016",57.2
-81.588,39.587,"Morgan County","p058","2016",57.2
-81.713,39.585,"Morgan County","p058","2016",57.2
-81.709,39.481,"Morgan County","p058","2016",57.2
-81.823,39.494,"Morgan County","p058","2016",57.2
-81.845,39.45,"Morgan County","p058","2016",57.2
-82.056,39.46,"Morgan County","p058","2016",57.2
-82.024,39.725,"Morgan County","p058","2016",57.2
-82.08,39.728,"Morgan County","p058","2016",57.2
-82.077,39.771,"Morgan County","p058","2016",57.2
-82.958,40.491,"Morrow County","p059","2016",63.9
-82.958,40.645,"Morrow County","p059","2016",63.9
-82.86,40.646,"Morrow County","p059","2016",63.9
-82.858,40.705,"Morrow County","p059","2016",63.9
-82.839,40.713,"Morrow County","p059","2016",63.9
-82.627,40.709,"Morrow County","p059","2016",63.9
-82.645,40.666,"Morrow County","p059","2016",63.9
-82.624,40.55,"Morrow County","p059","2016",63.9
-82.647,40.345,"Morrow County","p059","2016",63.9
-82.93,40.358,"Morrow County","p059","2016",63.9
-82.925,40.415,"Morrow County","p059","2016",63.9
-83.021,40.434,"Morrow County","p059","2016",63.9
-82.958,40.491,"Morrow County","p059","2016",63.9
-82.199,39.95,"Muskingum County","p060","2016",57.6
-82.187,40.167,"Muskingum County","p060","2016",57.6
-81.716,40.152,"Muskingum County","p060","2016",57.6
-81.729,39.932,"Muskingum County","p060","2016",57.6
-81.694,39.843,"Muskingum County","p060","2016",57.6
-81.697,39.756,"Muskingum County","p060","2016",57.6
-82.077,39.771,"Muskingum County","p060","2016",57.6
-82.073,39.816,"Muskingum County","p060","2016",57.6
-82.17,39.821,"Muskingum County","p060","2016",57.6
-82.162,39.909,"Muskingum County","p060","2016",57.6
-82.234,39.913,"Muskingum County","p060","2016",57.6
-82.199,39.95,"Muskingum County","p060","2016",57.6
-81.694,39.843,"Noble County","p061","2016",52.7
-81.58,39.839,"Noble County","p061","2016",52.7
-81.579,39.898,"Noble County","p061","2016",52.7
-81.464,39.895,"Noble County","p061","2016",52.7
-81.386,39.951,"Noble County","p061","2016",52.7
-81.234,39.951,"Noble County","p061","2016",52.7
-81.237,39.868,"Noble County","p061","2016",52.7
-81.314,39.869,"Noble County","p061","2016",52.7
-81.281,39.707,"Noble County","p061","2016",52.7
-81.283,39.606,"Noble County","p061","2016",52.7
-81.395,39.602,"Noble County","p061","2016",52.7
-81.473,39.646,"Noble County","p061","2016",52.7
-81.473,39.583,"Noble County","p061","2016",52.7
-81.588,39.587,"Noble County","p061","2016",52.7
-81.586,39.664,"Noble County","p061","2016",52.7
-81.643,39.666,"Noble County","p061","2016",52.7
-81.64,39.753,"Noble County","p061","2016",52.7
-81.697,39.756,"Noble County","p061","2016",52.7
-81.694,39.843,"Noble County","p061","2016",52.7
-82.863,41.694,"Ottawa County","p062","2016",68.9
-82.826,41.723,"Ottawa County","p062","2016",68.9
-82.783,41.694,"Ottawa County","p062","2016",68.9
-82.789,41.643,"Ottawa County","p062","2016",68.9
-82.842,41.628,"Ottawa County","p062","2016",68.9
-82.863,41.694,"Ottawa County","p062","2016",68.9
-83.416,41.619,"Ottawa County","p063","2016",68.9
-83.164,41.624,"Ottawa County","p063","2016",68.9
-83.067,41.595,"Ottawa County","p063","2016",68.9
-83.028,41.556,"Ottawa County","p063","2016",68.9
-82.934,41.514,"Ottawa County","p063","2016",68.9
-82.86,41.576,"Ottawa County","p063","2016",68.9
-82.834,41.588,"Ottawa County","p063","2016",68.9
-82.718,41.542,"Ottawa County","p063","2016",68.9
-82.691,41.497,"Ottawa County","p063","2016",68.9
-82.73,41.479,"Ottawa County","p063","2016",68.9
-82.952,41.458,"Ottawa County","p063","2016",68.9
-83.338,41.458,"Ottawa County","p063","2016",68.9
-83.415,41.5,"Ottawa County","p063","2016",68.9
-83.416,41.619,"Ottawa County","p063","2016",68.9
-84.804,41.253,"Paulding County","p064","2016",64.5
-84.457,41.253,"Paulding County","p064","2016",64.5
-84.457,41.209,"Paulding County","p064","2016",64.5
-84.342,41.209,"Paulding County","p064","2016",64.5
-84.342,40.991,"Paulding County","p064","2016",64.5
-84.803,40.989,"Paulding County","p064","2016",64.5
-84.804,41.253,"Paulding County","p064","2016",64.5
-82.463,39.93,"Perry County","p065","2016",56.5
-82.162,39.909,"Perry County","p065","2016",56.5
-82.17,39.821,"Perry County","p065","2016",56.5
-82.073,39.816,"Perry County","p065","2016",56.5
-82.08,39.728,"Perry County","p065","2016",56.5
-82.024,39.725,"Perry County","p065","2016",56.5
-82.038,39.569,"Perry County","p065","2016",56.5
-82.048,39.551,"Perry County","p065","2016",56.5
-82.264,39.562,"Perry County","p065","2016",56.5
-82.262,39.591,"Perry County","p065","2016",56.5
-82.38,39.597,"Perry County","p065","2016",56.5
-82.375,39.655,"Perry County","p065","2016",56.5
-82.397,39.833,"Perry County","p065","2016",56.5
-82.472,39.837,"Perry County","p065","2016",56.5
-82.463,39.93,"Perry County","p065","2016",56.5
-83.252,39.695,"Pickaway County","p066","2016",57.4
-83.244,39.813,"Pickaway County","p066","2016",57.4
-82.824,39.795,"Pickaway County","p066","2016",57.4
-82.843,39.561,"Pickaway County","p066","2016",57.4
-82.732,39.554,"Pickaway County","p066","2016",57.4
-82.741,39.468,"Pickaway County","p066","2016",57.4
-82.998,39.48,"Pickaway County","p066","2016",57.4
-82.985,39.507,"Pickaway County","p066","2016",57.4
-83.267,39.516,"Pickaway County","p066","2016",57.4
-83.252,39.695,"Pickaway County","p066","2016",57.4
-83.354,39.198,"Pike County","p067","2016",57.1
-82.786,39.169,"Pike County","p067","2016",57.1
-82.807,38.948,"Pike County","p067","2016",57.1
-83.212,38.96,"Pike County","p067","2016",57.1
-83.315,39.052,"Pike County","p067","2016",57.1
-83.386,39.055,"Pike County","p067","2016",57.1
-83.354,39.198,"Pike County","p067","2016",57.1
-81.393,41.061,"Portage County","p068","2016",61.3
-81.392,41.348,"Portage County","p068","2016",61.3
-81.003,41.348,"Portage County","p068","2016",61.3
-81.002,40.988,"Portage County","p068","2016",61.3
-81.393,40.989,"Portage County","p068","2016",61.3
-81.393,41.061,"Portage County","p068","2016",61.3
-84.814,39.727,"Preble County","p069","2016",65.9
-84.811,39.917,"Preble County","p069","2016",65.9
-84.485,39.918,"Preble County","p069","2016",65.9
-84.479,39.569,"Preble County","p069","2016",65.9
-84.816,39.568,"Preble County","p069","2016",65.9
-84.814,39.727,"Preble County","p069","2016",65.9
-84.399,40.99,"Putnam County","p070","2016",75.9
-84.342,40.991,"Putnam County","p070","2016",75.9
-84.342,41.166,"Putnam County","p070","2016",75.9
-83.881,41.168,"Putnam County","p070","2016",75.9
-83.88,40.92,"Putnam County","p070","2016",75.9
-84.11,40.905,"Putnam County","p070","2016",75.9
-84.11,40.861,"Putnam County","p070","2016",75.9
-84.341,40.859,"Putnam County","p070","2016",75.9
-84.398,40.903,"Putnam County","p070","2016",75.9
-84.399,40.99,"Putnam County","p070","2016",75.9
-82.725,40.996,"Richland County","p071","2016",59.3
-82.433,40.993,"Richland County","p071","2016",59.3
-82.421,40.824,"Richland County","p071","2016",59.3
-82.339,40.727,"Richland County","p071","2016",59.3
-82.337,40.555,"Richland County","p071","2016",59.3
-82.624,40.55,"Richland County","p071","2016",59.3
-82.645,40.666,"Richland County","p071","2016",59.3
-82.627,40.709,"Richland County","p071","2016",59.3
-82.727,40.711,"Richland County","p071","2016",59.3
-82.725,40.996,"Richland County","p071","2016",59.3
-83.373,39.377,"Ross County","p072","2016",51.5
-83.267,39.516,"Ross County","p072","2016",51.5
-82.985,39.507,"Ross County","p072","2016",51.5
-82.998,39.48,"Ross County","p072","2016",51.5
-82.741,39.468,"Ross County","p072","2016",51.5
-82.763,39.208,"Ross County","p072","2016",51.5
-82.786,39.169,"Ross County","p072","2016",51.5
-83.354,39.198,"Ross County","p072","2016",51.5
-83.394,39.268,"Ross County","p072","2016",51.5
-83.373,39.377,"Ross County","p072","2016",51.5
-83.415,41.5,"Sandusky County","p073","2016",62.9
-83.338,41.458,"Sandusky County","p073","2016",62.9
-82.952,41.458,"Sandusky County","p073","2016",62.9
-82.848,41.43,"Sandusky County","p073","2016",62.9
-82.84,41.255,"Sandusky County","p073","2016",62.9
-83.42,41.254,"Sandusky County","p073","2016",62.9
-83.415,41.5,"Sandusky County","p073","2016",62.9
-83.271,39.016,"Scioto County","p074","2016",52.6
-83.212,38.96,"Scioto County","p074","2016",52.6
-82.753,38.945,"Scioto County","p074","2016",52.6
-82.761,38.855,"Scioto County","p074","2016",52.6
-82.65,38.849,"Scioto County","p074","2016",52.6
-82.663,38.748,"Scioto County","p074","2016",52.6
-82.707,38.677,"Scioto County","p074","2016",52.6
-82.764,38.68,"Scioto County","p074","2016",52.6
-82.74,38.597,"Scioto County","p074","2016",52.6
-82.812,38.572,"Scioto County","p074","2016",52.6
-82.851,38.604,"Scioto County","p074","2016",52.6
-82.87,38.678,"Scioto County","p074","2016",52.6
-82.871,38.718,"Scioto County","p074","2016",52.6
-82.889,38.756,"Scioto County","p074","2016",52.6
-83.012,38.73,"Scioto County","p074","2016",52.6
-83.112,38.672,"Scioto County","p074","2016",52.6
-83.129,38.64,"Scioto County","p074","2016",52.6
-83.173,38.62,"Scioto County","p074","2016",52.6
-83.24,38.629,"Scioto County","p074","2016",52.6
-83.264,38.613,"Scioto County","p074","2016",52.6
-83.271,39.016,"Scioto County","p074","2016",52.6
-83.421,41.167,"Seneca County","p075","2016",57.6
-83.42,41.254,"Seneca County","p075","2016",57.6
-82.84,41.255,"Seneca County","p075","2016",57.6
-82.83,40.997,"Seneca County","p075","2016",57.6
-83.42,40.992,"Seneca County","p075","2016",57.6
-83.421,41.167,"Seneca County","p075","2016",57.6
-84.435,40.354,"Shelby County","p076","2016",67.4
-84.339,40.379,"Shelby County","p076","2016",67.4
-84.339,40.481,"Shelby County","p076","2016",67.4
-84.002,40.483,"Shelby County","p076","2016",67.4
-84.004,40.329,"Shelby County","p076","2016",67.4
-84.023,40.184,"Shelby County","p076","2016",67.4
-84.219,40.2,"Shelby County","p076","2016",67.4
-84.433,40.197,"Shelby County","p076","2016",67.4
-84.435,40.354,"Shelby County","p076","2016",67.4
-81.65,40.668,"Stark County","p077","2016",61.7
-81.648,40.914,"Stark County","p077","2016",61.7
-81.42,40.907,"Stark County","p077","2016",61.7
-81.393,40.989,"Stark County","p077","2016",61.7
-81.086,40.988,"Stark County","p077","2016",61.7
-81.087,40.728,"Stark County","p077","2016",61.7
-81.237,40.724,"Stark County","p077","2016",61.7
-81.241,40.651,"Stark County","p077","2016",61.7
-81.459,40.667,"Stark County","p077","2016",61.7
-81.509,40.65,"Stark County","p077","2016",61.7
-81.649,40.635,"Stark County","p077","2016",61.7
-81.65,40.668,"Stark County","p077","2016",61.7
-81.685,41.277,"Summit County","p078","2016",63.9
-81.565,41.278,"Summit County","p078","2016",63.9
-81.598,41.351,"Summit County","p078","2016",63.9
-81.392,41.348,"Summit County","p078","2016",63.9
-81.393,40.989,"Summit County","p078","2016",63.9
-81.42,40.907,"Summit County","p078","2016",63.9
-81.648,40.914,"Summit County","p078","2016",63.9
-81.648,40.989,"Summit County","p078","2016",63.9
-81.688,40.989,"Summit County","p078","2016",63.9
-81.685,41.277,"Summit County","p078","2016",63.9
-81.003,41.501,"Trumbull County","p079","2016",60.7
-80.519,41.499,"Trumbull County","p079","2016",60.7
-80.519,41.133,"Trumbull County","p079","2016",60.7
-81.002,41.134,"Trumbull County","p079","2016",60.7
-81.003,41.501,"Trumbull County","p079","2016",60.7
-81.709,40.445,"Tuscarawas County","p080","2016",59.8
-81.67,40.444,"Tuscarawas County","p080","2016",59.8
-81.649,40.635,"Tuscarawas County","p080","2016",59.8
-81.509,40.65,"Tuscarawas County","p080","2016",59.8
-81.459,40.667,"Tuscarawas County","p080","2016",59.8
-81.318,40.652,"Tuscarawas County","p080","2016",59.8
-81.322,40.567,"Tuscarawas County","p080","2016",59.8
-81.265,40.565,"Tuscarawas County","p080","2016",59.8
-81.274,40.333,"Tuscarawas County","p080","2016",59.8
-81.335,40.304,"Tuscarawas County","p080","2016",59.8
-81.338,40.214,"Tuscarawas County","p080","2016",59.8
-81.622,40.221,"Tuscarawas County","p080","2016",59.8
-81.616,40.368,"Tuscarawas County","p080","2016",59.8
-81.712,40.371,"Tuscarawas County","p080","2016",59.8
-81.709,40.445,"Tuscarawas County","p080","2016",59.8
-83.52,40.504,"Union County","p081","2016",70.8
-83.248,40.507,"Union County","p081","2016",70.8
-83.248,40.244,"Union County","p081","2016",70.8
-83.172,40.244,"Union County","p081","2016",70.8
-83.17,40.143,"Union County","p081","2016",70.8
-83.206,40.108,"Union County","p081","2016",70.8
-83.504,40.111,"Union County","p081","2016",70.8
-83.494,40.225,"Union County","p081","2016",70.8
-83.551,40.229,"Union County","p081","2016",70.8
-83.52,40.504,"Union County","p081","2016",70.8
-84.803,40.989,"Van Wert County","p082","2016",65.1
-84.399,40.99,"Van Wert County","p082","2016",65.1
-84.398,40.903,"Van Wert County","p082","2016",65.1
-84.341,40.859,"Van Wert County","p082","2016",65.1
-84.397,40.816,"Van Wert County","p082","2016",65.1
-84.397,40.685,"Van Wert County","p082","2016",65.1
-84.456,40.685,"Van Wert County","p082","2016",65.1
-84.456,40.728,"Van Wert County","p082","2016",65.1
-84.802,40.728,"Van Wert County","p082","2016",65.1
-84.803,40.989,"Van Wert County","p082","2016",65.1
-82.749,39.368,"Vinton County","p083","2016",56.1
-82.518,39.369,"Vinton County","p083","2016",56.1
-82.514,39.396,"Vinton County","p083","2016",56.1
-82.29,39.384,"Vinton County","p083","2016",56.1
-82.26,39.293,"Vinton County","p083","2016",56.1
-82.269,39.204,"Vinton County","p083","2016",56.1
-82.307,39.205,"Vinton County","p083","2016",56.1
-82.323,39.028,"Vinton County","p083","2016",56.1
-82.435,39.035,"Vinton County","p083","2016",56.1
-82.425,39.138,"Vinton County","p083","2016",56.1
-82.54,39.144,"Vinton County","p083","2016",56.1
-82.536,39.181,"Vinton County","p083","2016",56.1
-82.763,39.208,"Vinton County","p083","2016",56.1
-82.749,39.368,"Vinton County","p083","2016",56.1
-84.365,39.589,"Warren County","p084","2016",75.1
-83.977,39.569,"Warren County","p084","2016",75.1
-84.007,39.255,"Warren County","p084","2016",75.1
-84.259,39.271,"Warren County","p084","2016",75.1
-84.262,39.288,"Warren County","p084","2016",75.1
-84.353,39.292,"Warren County","p084","2016",75.1
-84.332,39.549,"Warren County","p084","2016",75.1
-84.365,39.589,"Warren County","p084","2016",75.1
-81.845,39.45,"Washington County","p085","2016",63
-81.823,39.494,"Washington County","p085","2016",63
-81.709,39.481,"Washington County","p085","2016",63
-81.713,39.585,"Washington County","p085","2016",63
-81.473,39.583,"Washington County","p085","2016",63
-81.473,39.646,"Washington County","p085","2016",63
-81.395,39.602,"Washington County","p085","2016",63
-81.283,39.606,"Washington County","p085","2016",63
-81.037,39.572,"Washington County","p085","2016",63
-81.037,39.538,"Washington County","p085","2016",63
-81.076,39.51,"Washington County","p085","2016",63
-81.129,39.449,"Washington County","p085","2016",63
-81.186,39.431,"Washington County","p085","2016",63
-81.249,39.39,"Washington County","p085","2016",63
-81.348,39.346,"Washington County","p085","2016",63
-81.394,39.352,"Washington County","p085","2016",63
-81.413,39.395,"Washington County","p085","2016",63
-81.456,39.409,"Washington County","p085","2016",63
-81.56,39.331,"Washington County","p085","2016",63
-81.565,39.276,"Washington County","p085","2016",63
-81.678,39.274,"Washington County","p085","2016",63
-81.721,39.211,"Washington County","p085","2016",63
-81.722,39.27,"Washington County","p085","2016",63
-81.818,39.273,"Washington County","p085","2016",63
-81.854,39.318,"Washington County","p085","2016",63
-81.845,39.45,"Washington County","p085","2016",63
-82.129,40.992,"Wayne County","p086","2016",59.1
-81.648,40.989,"Wayne County","p086","2016",59.1
-81.65,40.668,"Wayne County","p086","2016",59.1
-82.126,40.668,"Wayne County","p086","2016",59.1
-82.129,40.992,"Wayne County","p086","2016",59.1
-84.806,41.696,"Williams County","p087","2016",61.9
-84.4,41.706,"Williams County","p087","2016",61.9
-84.381,41.617,"Williams County","p087","2016",61.9
-84.381,41.514,"Williams County","p087","2016",61.9
-84.342,41.514,"Williams County","p087","2016",61.9
-84.342,41.428,"Williams County","p087","2016",61.9
-84.804,41.426,"Williams County","p087","2016",61.9
-84.806,41.696,"Williams County","p087","2016",61.9
-83.883,41.415,"Wood County","p088","2016",65.1
-83.854,41.414,"Wood County","p088","2016",65.1
-83.729,41.486,"Wood County","p088","2016",65.1
-83.7,41.534,"Wood County","p088","2016",65.1
-83.57,41.617,"Wood County","p088","2016",65.1
-83.416,41.619,"Wood County","p088","2016",65.1
-83.421,41.167,"Wood County","p088","2016",65.1
-83.881,41.168,"Wood County","p088","2016",65.1
-83.883,41.415,"Wood County","p088","2016",65.1
-83.515,40.905,"Wyandot County","p089","2016",63.4
-83.458,40.992,"Wyandot County","p089","2016",63.4
-83.113,40.993,"Wyandot County","p089","2016",63.4
-83.111,40.703,"Wyandot County","p089","2016",63.4
-83.305,40.702,"Wyandot County","p089","2016",63.4
-83.311,40.687,"Wyandot County","p089","2016",63.4
-83.42,40.687,"Wyandot County","p089","2016",63.4
-83.496,40.702,"Wyandot County","p089","2016",63.4
-83.496,40.818,"Wyandot County","p089","2016",63.4
-83.516,40.818,"Wyandot County","p089","2016",63.4
-83.515,40.905,"Wyandot County","p089","2016",63.4
-83.706,38.638,"Adams County","p001","2020",58.5
-83.673,39.02,"Adams County","p001","2020",58.5
-83.612,39.019,"Adams County","p001","2020",58.5
-83.386,39.055,"Adams County","p001","2020",58.5
-83.315,39.052,"Adams County","p001","2020",58.5
-83.271,39.016,"Adams County","p001","2020",58.5
-83.264,38.613,"Adams County","p001","2020",58.5
-83.287,38.599,"Adams County","p001","2020",58.5
-83.376,38.661,"Adams County","p001","2020",58.5
-83.44,38.669,"Adams County","p001","2020",58.5
-83.533,38.702,"Adams County","p001","2020",58.5
-83.627,38.679,"Adams County","p001","2020",58.5
-83.643,38.643,"Adams County","p001","2020",58.5
-83.679,38.63,"Adams County","p001","2020",58.5
-83.706,38.638,"Adams County","p001","2020",58.5
-84.397,40.816,"Allen County","p002","2020",61.8
-84.341,40.859,"Allen County","p002","2020",61.8
-84.11,40.861,"Allen County","p002","2020",61.8
-84.11,40.905,"Allen County","p002","2020",61.8
-83.88,40.92,"Allen County","p002","2020",61.8
-83.88,40.645,"Allen County","p002","2020",61.8
-84.108,40.643,"Allen County","p002","2020",61.8
-84.223,40.686,"Allen County","p002","2020",61.8
-84.397,40.685,"Allen County","p002","2020",61.8
-84.397,40.816,"Allen County","p002","2020",61.8
-82.437,41.065,"Ashland County","p003","2020",65.2
-82.171,41.064,"Ashland County","p003","2020",65.2
-82.173,40.992,"Ashland County","p003","2020",65.2
-82.129,40.992,"Ashland County","p003","2020",65.2
-82.126,40.668,"Ashland County","p003","2020",65.2
-82.221,40.667,"Ashland County","p003","2020",65.2
-82.22,40.568,"Ashland County","p003","2020",65.2
-82.337,40.555,"Ashland County","p003","2020",65.2
-82.339,40.727,"Ashland County","p003","2020",65.2
-82.421,40.824,"Ashland County","p003","2020",65.2
-82.437,41.065,"Ashland County","p003","2020",65.2
-81.003,41.715,"Ashtabula County","p004","2020",59.2
-81.002,41.849,"Ashtabula County","p004","2020",59.2
-80.9,41.869,"Ashtabula County","p004","2020",59.2
-80.801,41.91,"Ashtabula County","p004","2020",59.2
-80.519,41.978,"Ashtabula County","p004","2020",59.2
-80.519,41.499,"Ashtabula County","p004","2020",59.2
-81.003,41.501,"Ashtabula County","p004","2020",59.2
-81.003,41.715,"Ashtabula County","p004","2020",59.2
-82.28,39.473,"Athens County","p005","2020",48.3
-82.167,39.466,"Athens County","p005","2020",48.3
-82.159,39.557,"Athens County","p005","2020",48.3
-82.048,39.551,"Athens County","p005","2020",48.3
-82.056,39.46,"Athens County","p005","2020",48.3
-81.845,39.45,"Athens County","p005","2020",48.3
-81.854,39.318,"Athens County","p005","2020",48.3
-81.818,39.273,"Athens County","p005","2020",48.3
-81.722,39.27,"Athens County","p005","2020",48.3
-81.721,39.211,"Athens County","p005","2020",48.3
-81.752,39.181,"Athens County","p005","2020",48.3
-82.269,39.204,"Athens County","p005","2020",48.3
-82.26,39.293,"Athens County","p005","2020",48.3
-82.29,39.384,"Athens County","p005","2020",48.3
-82.28,39.473,"Athens County","p005","2020",48.3
-84.456,40.685,"Auglaize County","p006","2020",75.2
-84.223,40.686,"Auglaize County","p006","2020",75.2
-84.108,40.643,"Auglaize County","p006","2020",75.2
-83.88,40.645,"Auglaize County","p006","2020",75.2
-83.88,40.539,"Auglaize County","p006","2020",75.2
-83.994,40.535,"Auglaize County","p006","2020",75.2
-84.002,40.483,"Auglaize County","p006","2020",75.2
-84.339,40.481,"Auglaize County","p006","2020",75.2
-84.339,40.379,"Auglaize County","p006","2020",75.2
-84.434,40.355,"Auglaize County","p006","2020",75.2
-84.456,40.364,"Auglaize County","p006","2020",75.2
-84.456,40.685,"Auglaize County","p006","2020",75.2
-81.234,39.951,"Belmont County","p007","2020",61.2
-81.226,40.17,"Belmont County","p007","2020",61.2
-80.703,40.157,"Belmont County","p007","2020",61.2
-80.737,40.08,"Belmont County","p007","2020",61.2
-80.74,39.971,"Belmont County","p007","2020",61.2
-80.803,39.919,"Belmont County","p007","2020",61.2
-80.823,39.85,"Belmont County","p007","2020",61.2
-81.237,39.868,"Belmont County","p007","2020",61.2
-81.234,39.951,"Belmont County","p007","2020",61.2
-84.053,38.772,"Brown County","p008","2020",63.5
-83.99,39.254,"Brown County","p008","2020",63.5
-83.866,39.247,"Brown County","p008","2020",63.5
-83.872,39.021,"Brown County","p008","2020",63.5
-83.673,39.02,"Brown County","p008","2020",63.5
-83.706,38.638,"Brown County","p008","2020",63.5
-83.772,38.658,"Brown County","p008","2020",63.5
-83.784,38.696,"Brown County","p008","2020",63.5
-83.834,38.716,"Brown County","p008","2020",63.5
-83.852,38.751,"Brown County","p008","2020",63.5
-83.979,38.787,"Brown County","p008","2020",63.5
-84.053,38.772,"Brown County","p008","2020",63.5
-84.817,39.392,"Butler County","p009","2020",66.9
-84.816,39.568,"Butler County","p009","2020",66.9
-84.479,39.569,"Butler County","p009","2020",66.9
-84.479,39.591,"Butler County","p009","2020",66.9
-84.365,39.589,"Butler County","p009","2020",66.9
-84.332,39.549,"Butler County","p009","2020",66.9
-84.353,39.292,"Butler County","p009","2020",66.9
-84.63,39.312,"Butler County","p009","2020",66.9
-84.819,39.305,"Butler County","p009","2020",66.9
-84.817,39.392,"Butler County","p009","2020",66.9
-81.318,40.652,"Carroll County","p010","2020",66.2
-81.241,40.651,"Carroll County","p010","2020",66.2
-81.237,40.724,"Carroll County","p010","2020",66.2
-81.199,40.729,"Carroll County","p010","2020",66.2
-80.917,40.727,"Carroll County","p010","2020",66.2
-80.918,40.643,"Carroll County","p010","2020",66.2
-80.862,40.599,"Carroll County","p010","2020",66.2
-80.864,40.555,"Carroll County","p010","2020",66.2
-80.921,40.556,"Carroll County","p010","2020",66.2
-80.925,40.468,"Carroll County","p010","2020",66.2
-80.942,40.425,"Carroll County","p010","2020",66.2
-81.27,40.433,"Carroll County","p010","2020",66.2
-81.265,40.565,"Carroll County","p010","2020",66.2
-81.322,40.567,"Carroll County","p010","2020",66.2
-81.318,40.652,"Carroll County","p010","2020",66.2
-84.023,40.184,"Champaign County","p011","2020",66.8
-84.015,40.273,"Champaign County","p011","2020",66.8
-83.784,40.26,"Champaign County","p011","2020",66.8
-83.494,40.225,"Champaign County","p011","2020",66.8
-83.516,40.011,"Champaign County","p011","2020",66.8
-84.036,40.04,"Champaign County","p011","2020",66.8
-84.023,40.184,"Champaign County","p011","2020",66.8
-84.051,39.88,"Clark County","p012","2020",62.8
-84.036,40.04,"Clark County","p012","2020",62.8
-83.516,40.011,"Clark County","p012","2020",62.8
-83.59,39.769,"Clark County","p012","2020",62.8
-83.741,39.782,"Clark County","p012","2020",62.8
-83.829,39.798,"Clark County","p012","2020",62.8
-83.827,39.823,"Clark County","p012","2020",62.8
-83.941,39.829,"Clark County","p012","2020",62.8
-83.94,39.843,"Clark County","p012","2020",62.8
-84.054,39.851,"Clark County","p012","2020",62.8
-84.051,39.88,"Clark County","p012","2020",62.8
-84.299,39.174,"Clermont County","p013","2020",71.1
-84.32,39.224,"Clermont County","p013","2020",71.1
-84.259,39.271,"Clermont County","p013","2020",71.1
-83.99,39.254,"Clermont County","p013","2020",71.1
-84.053,38.772,"Clermont County","p013","2020",71.1
-84.213,38.806,"Clermont County","p013","2020",71.1
-84.233,38.843,"Clermont County","p013","2020",71.1
-84.232,38.88,"Clermont County","p013","2020",71.1
-84.288,38.956,"Clermont County","p013","2020",71.1
-84.297,38.99,"Clermont County","p013","2020",71.1
-84.321,39.021,"Clermont County","p013","2020",71.1
-84.299,39.174,"Clermont County","p013","2020",71.1
-84.007,39.255,"Clinton County","p014","2020",64.8
-83.977,39.569,"Clinton County","p014","2020",64.8
-83.576,39.545,"Clinton County","p014","2020",64.8
-83.591,39.379,"Clinton County","p014","2020",64.8
-83.785,39.263,"Clinton County","p014","2020",64.8
-83.814,39.223,"Clinton County","p014","2020",64.8
-83.866,39.247,"Clinton County","p014","2020",64.8
-84.007,39.255,"Clinton County","p014","2020",64.8
-81.087,40.902,"Columbiana County","p015","2020",62
-80.896,40.93,"Columbiana County","p015","2020",62
-80.822,40.901,"Columbiana County","p015","2020",62
-80.52,40.9,"Columbiana County","p015","2020",62
-80.519,40.639,"Columbiana County","p015","2020",62
-80.584,40.616,"Columbiana County","p015","2020",62
-80.627,40.62,"Columbiana County","p015","2020",62
-80.668,40.582,"Columbiana County","p015","2020",62
-80.747,40.597,"Columbiana County","p015","2020",62
-80.862,40.599,"Columbiana County","p015","2020",62
-80.918,40.643,"Columbiana County","p015","2020",62
-80.917,40.727,"Columbiana County","p015","2020",62
-81.087,40.728,"Columbiana County","p015","2020",62
-81.087,40.902,"Columbiana County","p015","2020",62
-82.184,40.456,"Coshocton County","p016","2020",60.6
-81.709,40.445,"Coshocton County","p016","2020",60.6
-81.712,40.371,"Coshocton County","p016","2020",60.6
-81.616,40.368,"Coshocton County","p016","2020",60.6
-81.622,40.221,"Coshocton County","p016","2020",60.6
-81.671,40.151,"Coshocton County","p016","2020",60.6
-82.187,40.167,"Coshocton County","p016","2020",60.6
-82.183,40.227,"Coshocton County","p016","2020",60.6
-82.196,40.239,"Coshocton County","p016","2020",60.6
-82.184,40.456,"Coshocton County","p016","2020",60.6
-83.113,40.993,"Crawford County","p017","2020",64.8
-82.725,40.996,"Crawford County","p017","2020",64.8
-82.727,40.711,"Crawford County","p017","2020",64.8
-83.111,40.703,"Crawford County","p017","2020",64.8
-83.113,40.993,"Crawford County","p017","2020",64.8
-81.968,41.504,"Cuyahoga County","p018","2020",66.3
-81.938,41.491,"Cuyahoga County","p018","2020",66.3
-81.811,41.496,"Cuyahoga County","p018","2020",66.3
-81.739,41.489,"Cuyahoga County","p018","2020",66.3
-81.634,41.54,"Cuyahoga County","p018","2020",66.3
-81.489,41.634,"Cuyahoga County","p018","2020",66.3
-81.488,41.57,"Cuyahoga County","p018","2020",66.3
-81.391,41.57,"Cuyahoga County","p018","2020",66.3
-81.375,41.431,"Cuyahoga County","p018","2020",66.3
-81.392,41.424,"Cuyahoga County","p018","2020",66.3
-81.392,41.348,"Cuyahoga County","p018","2020",66.3
-81.598,41.351,"Cuyahoga County","p018","2020",66.3
-81.565,41.278,"Cuyahoga County","p018","2020",66.3
-81.878,41.275,"Cuyahoga County","p018","2020",66.3
-81.877,41.351,"Cuyahoga County","p018","2020",66.3
-81.971,41.351,"Cuyahoga County","p018","2020",66.3
-81.968,41.504,"Cuyahoga County","p018","2020",66.3
-84.81,40.005,"Darke County","p019","2020",70.4
-84.804,40.353,"Darke County","p019","2020",70.4
-84.435,40.354,"Darke County","p019","2020",70.4
-84.426,39.92,"Darke County","p019","2020",70.4
-84.811,39.917,"Darke County","p019","2020",70.4
-84.81,40.005,"Darke County","p019","2020",70.4
-84.804,41.426,"Defiance County","p020","2020",67.8
-84.228,41.428,"Defiance County","p020","2020",67.8
-84.228,41.166,"Defiance County","p020","2020",67.8
-84.342,41.166,"Defiance County","p020","2020",67.8
-84.342,41.209,"Defiance County","p020","2020",67.8
-84.457,41.209,"Defiance County","p020","2020",67.8
-84.457,41.253,"Defiance County","p020","2020",67.8
-84.804,41.253,"Defiance County","p020","2020",67.8
-84.804,41.426,"Defiance County","p020","2020",67.8
-83.249,40.444,"Delaware County","p021","2020",88.4
-83.021,40.434,"Delaware County","p021","2020",88.4
-82.925,40.415,"Delaware County","p021","2020",88.4
-82.93,40.358,"Delaware County","p021","2020",88.4
-82.745,40.35,"Delaware County","p021","2020",88.4
-82.762,40.126,"Delaware County","p021","2020",88.4
-83.17,40.143,"Delaware County","p021","2020",88.4
-83.172,40.244,"Delaware County","p021","2020",88.4
-83.248,40.244,"Delaware County","p021","2020",88.4
-83.249,40.444,"Delaware County","p021","2020",88.4
-82.952,41.458,"Erie County","p022","2020",69.5
-82.73,41.479,"Erie County","p022","2020",69.5
-82.691,41.497,"Erie County","p022","2020",69.5
-82.617,41.428,"Erie County","p022","2020",69.5
-82.533,41.391,"Erie County","p022","2020",69.5
-82.461,41.386,"Erie County","p022","2020",69.5
-82.348,41.427,"Erie County","p022","2020",69.5
-82.342,41.284,"Erie County","p022","2020",69.5
-82.841,41.29,"Erie County","p022","2020",69.5
-82.848,41.43,"Erie County","p022","2020",69.5
-82.952,41.458,"Erie County","p022","2020",69.5
-82.824,39.795,"Fairfield County","p023","2020",72.1
-82.794,39.911,"Fairfield County","p023","2020",72.1
-82.811,39.932,"Fairfield County","p023","2020",72.1
-82.782,39.94,"Fairfield County","p023","2020",72.1
-82.493,39.926,"Fairfield County","p023","2020",72.1
-82.463,39.93,"Fairfield County","p023","2020",72.1
-82.472,39.837,"Fairfield County","p023","2020",72.1
-82.397,39.833,"Fairfield County","p023","2020",72.1
-82.375,39.655,"Fairfield County","p023","2020",72.1
-82.49,39.662,"Fairfield County","p023","2020",72.1
-82.496,39.603,"Fairfield County","p023","2020",72.1
-82.618,39.609,"Fairfield County","p023","2020",72.1
-82.62,39.564,"Fairfield County","p023","2020",72.1
-82.732,39.554,"Fairfield County","p023","2020",72.1
-82.843,39.561,"Fairfield County","p023","2020",72.1
-82.824,39.795,"Fairfield County","p023","2020",72.1
-83.653,39.717,"Fayette County","p024","2020",59
-83.252,39.695,"Fayette County","p024","2020",59
-83.267,39.516,"Fayette County","p024","2020",59
-83.373,39.377,"Fayette County","p024","2020",59
-83.591,39.379,"Fayette County","p024","2020",59
-83.576,39.545,"Fayette County","p024","2020",59
-83.67,39.55,"Fayette County","p024","2020",59
-83.653,39.717,"Fayette County","p024","2020",59
-83.255,40.048,"Franklin County","p025","2020",68
-83.17,40.143,"Franklin County","p025","2020",68
-82.762,40.126,"Franklin County","p025","2020",68
-82.774,39.976,"Franklin County","p025","2020",68
-82.782,39.94,"Franklin County","p025","2020",68
-82.811,39.932,"Franklin County","p025","2020",68
-82.794,39.911,"Franklin County","p025","2020",68
-82.824,39.795,"Franklin County","p025","2020",68
-83.244,39.813,"Franklin County","p025","2020",68
-83.255,40.048,"Franklin County","p025","2020",68
-84.4,41.706,"Fulton County","p026","2020",71.8
-83.88,41.72,"Fulton County","p026","2020",71.8
-83.883,41.488,"Fulton County","p026","2020",71.8
-84.342,41.486,"Fulton County","p026","2020",71.8
-84.342,41.514,"Fulton County","p026","2020",71.8
-84.381,41.514,"Fulton County","p026","2020",71.8
-84.381,41.617,"Fulton County","p026","2020",71.8
-84.4,41.706,"Fulton County","p026","2020",71.8
-82.576,38.844,"Gallia County","p027","2020",60.6
-82.455,38.845,"Gallia County","p027","2020",60.6
-82.435,39.035,"Gallia County","p027","2020",60.6
-82.095,39.003,"Gallia County","p027","2020",60.6
-82.099,38.961,"Gallia County","p027","2020",60.6
-82.135,38.906,"Gallia County","p027","2020",60.6
-82.162,38.825,"Gallia County","p027","2020",60.6
-82.209,38.803,"Gallia County","p027","2020",60.6
-82.175,38.608,"Gallia County","p027","2020",60.6
-82.219,38.592,"Gallia County","p027","2020",60.6
-82.274,38.594,"Gallia County","p027","2020",60.6
-82.282,38.58,"Gallia County","p027","2020",60.6
-82.362,38.585,"Gallia County","p027","2020",60.6
-82.354,38.676,"Gallia County","p027","2020",60.6
-82.472,38.682,"Gallia County","p027","2020",60.6
-82.484,38.772,"Gallia County","p027","2020",60.6
-82.583,38.779,"Gallia County","p027","2020",60.6
-82.576,38.844,"Gallia County","p027","2020",60.6
-81.392,41.424,"Geauga County","p028","2020",79.1
-81.375,41.431,"Geauga County","p028","2020",79.1
-81.391,41.57,"Geauga County","p028","2020",79.1
-81.296,41.57,"Geauga County","p028","2020",79.1
-81.295,41.641,"Geauga County","p028","2020",79.1
-81.101,41.641,"Geauga County","p028","2020",79.1
-81.102,41.714,"Geauga County","p028","2020",79.1
-81.003,41.715,"Geauga County","p028","2020",79.1
-81.003,41.348,"Geauga County","p028","2020",79.1
-81.392,41.348,"Geauga County","p028","2020",79.1
-81.392,41.424,"Geauga County","p028","2020",79.1
-84.093,39.838,"Greene County","p029","2020",68.8
-84.054,39.851,"Greene County","p029","2020",68.8
-83.94,39.843,"Greene County","p029","2020",68.8
-83.941,39.829,"Greene County","p029","2020",68.8
-83.827,39.823,"Greene County","p029","2020",68.8
-83.829,39.798,"Greene County","p029","2020",68.8
-83.647,39.773,"Greene County","p029","2020",68.8
-83.67,39.55,"Greene County","p029","2020",68.8
-84.114,39.578,"Greene County","p029","2020",68.8
-84.093,39.838,"Greene County","p029","2020",68.8
-81.716,40.152,"Guernsey County","p030","2020",60.7
-81.671,40.151,"Guernsey County","p030","2020",60.7
-81.622,40.221,"Guernsey County","p030","2020",60.7
-81.338,40.214,"Guernsey County","p030","2020",60.7
-81.34,40.172,"Guernsey County","p030","2020",60.7
-81.226,40.17,"Guernsey County","p030","2020",60.7
-81.234,39.951,"Guernsey County","p030","2020",60.7
-81.386,39.951,"Guernsey County","p030","2020",60.7
-81.464,39.895,"Guernsey County","p030","2020",60.7
-81.579,39.898,"Guernsey County","p030","2020",60.7
-81.58,39.839,"Guernsey County","p030","2020",60.7
-81.694,39.843,"Guernsey County","p030","2020",60.7
-81.729,39.932,"Guernsey County","p030","2020",60.7
-81.716,40.152,"Guernsey County","p030","2020",60.7
-84.82,39.227,"Hamilton County","p031","2020",71.7
-84.819,39.305,"Hamilton County","p031","2020",71.7
-84.63,39.312,"Hamilton County","p031","2020",71.7
-84.262,39.288,"Hamilton County","p031","2020",71.7
-84.259,39.271,"Hamilton County","p031","2020",71.7
-84.32,39.224,"Hamilton County","p031","2020",71.7
-84.299,39.174,"Hamilton County","p031","2020",71.7
-84.321,39.021,"Hamilton County","p031","2020",71.7
-84.401,39.046,"Hamilton County","p031","2020",71.7
-84.433,39.084,"Hamilton County","p031","2020",71.7
-84.445,39.114,"Hamilton County","p031","2020",71.7
-84.462,39.122,"Hamilton County","p031","2020",71.7
-84.481,39.117,"Hamilton County","p031","2020",71.7
-84.494,39.102,"Hamilton County","p031","2020",71.7
-84.551,39.099,"Hamilton County","p031","2020",71.7
-84.608,39.073,"Hamilton County","p031","2020",71.7
-84.677,39.098,"Hamilton County","p031","2020",71.7
-84.714,39.133,"Hamilton County","p031","2020",71.7
-84.751,39.147,"Hamilton County","p031","2020",71.7
-84.82,39.105,"Hamilton County","p031","2020",71.7
-84.82,39.227,"Hamilton County","p031","2020",71.7
-83.881,41.168,"Hancock County","p032","2020",68.2
-83.421,41.167,"Hancock County","p032","2020",68.2
-83.42,40.992,"Hancock County","p032","2020",68.2
-83.458,40.992,"Hancock County","p032","2020",68.2
-83.515,40.905,"Hancock County","p032","2020",68.2
-83.516,40.818,"Hancock County","p032","2020",68.2
-83.88,40.82,"Hancock County","p032","2020",68.2
-83.881,41.168,"Hancock County","p032","2020",68.2
-83.88,40.82,"Hardin County","p033","2020",56.1
-83.496,40.818,"Hardin County","p033","2020",56.1
-83.496,40.702,"Hardin County","p033","2020",56.1
-83.42,40.687,"Hardin County","p033","2020",56.1
-83.419,40.505,"Hardin County","p033","2020",56.1
-83.52,40.504,"Hardin County","p033","2020",56.1
-83.88,40.532,"Hardin County","p033","2020",56.1
-83.88,40.82,"Hardin County","p033","2020",56.1
-81.338,40.214,"Harrison County","p034","2020",64.9
-81.335,40.304,"Harrison County","p034","2020",64.9
-81.274,40.333,"Harrison County","p034","2020",64.9
-81.27,40.433,"Harrison County","p034","2020",64.9
-80.866,40.423,"Harrison County","p034","2020",64.9
-80.883,40.159,"Harrison County","p034","2020",64.9
-81.34,40.172,"Harrison County","p034","2020",64.9
-81.338,40.214,"Harrison County","p034","2020",64.9
-84.342,41.486,"Henry County","p035","2020",72.4
-83.883,41.488,"Henry County","p035","2020",72.4
-83.881,41.168,"Henry County","p035","2020",72.4
-84.228,41.166,"Henry County","p035","2020",72.4
-84.228,41.428,"Henry County","p035","2020",72.4
-84.342,41.428,"Henry County","p035","2020",72.4
-84.342,41.486,"Henry County","p035","2020",72.4
-83.866,39.247,"Highland County","p036","2020",60.6
-83.814,39.223,"Highland County","p036","2020",60.6
-83.785,39.263,"Highland County","p036","2020",60.6
-83.591,39.379,"Highland County","p036","2020",60.6
-83.373,39.377,"Highland County","p036","2020",60.6
-83.394,39.268,"Highland County","p036","2020",60.6
-83.354,39.198,"Highland County","p036","2020",60.6
-83.386,39.055,"Highland County","p036","2020",60.6
-83.612,39.019,"Highland County","p036","2020",60.6
-83.872,39.021,"Highland County","p036","2020",60.6
-83.866,39.247,"Highland County","p036","2020",60.6
-82.741,39.468,"Hocking County","p037","2020",63
-82.732,39.554,"Hocking County","p037","2020",63
-82.62,39.564,"Hocking County","p037","2020",63
-82.618,39.609,"Hocking County","p037","2020",63
-82.496,39.603,"Hocking County","p037","2020",63
-82.49,39.662,"Hocking County","p037","2020",63
-82.375,39.655,"Hocking County","p037","2020",63
-82.38,39.597,"Hocking County","p037","2020",63
-82.262,39.591,"Hocking County","p037","2020",63
-82.264,39.562,"Hocking County","p037","2020",63
-82.159,39.557,"Hocking County","p037","2020",63
-82.167,39.466,"Hocking County","p037","2020",63
-82.28,39.473,"Hocking County","p037","2020",63
-82.29,39.384,"Hocking County","p037","2020",63
-82.514,39.396,"Hocking County","p037","2020",63
-82.518,39.369,"Hocking County","p037","2020",63
-82.749,39.368,"Hocking County","p037","2020",63
-82.741,39.468,"Hocking County","p037","2020",63
-82.221,40.667,"Holmes County","p038","2020",43.8
-81.65,40.668,"Holmes County","p038","2020",43.8
-81.67,40.444,"Holmes County","p038","2020",43.8
-82.184,40.456,"Holmes County","p038","2020",43.8
-82.179,40.573,"Holmes County","p038","2020",43.8
-82.22,40.568,"Holmes County","p038","2020",43.8
-82.221,40.667,"Holmes County","p038","2020",43.8
-82.841,41.29,"Huron County","p039","2020",62.6
-82.342,41.284,"Huron County","p039","2020",62.6
-82.336,41.066,"Huron County","p039","2020",62.6
-82.437,41.065,"Huron County","p039","2020",62.6
-82.433,40.993,"Huron County","p039","2020",62.6
-82.83,40.997,"Huron County","p039","2020",62.6
-82.841,41.29,"Huron County","p039","2020",62.6
-82.786,39.169,"Jackson County","p040","2020",60.4
-82.763,39.208,"Jackson County","p040","2020",60.4
-82.536,39.181,"Jackson County","p040","2020",60.4
-82.54,39.144,"Jackson County","p040","2020",60.4
-82.425,39.138,"Jackson County","p040","2020",60.4
-82.455,38.845,"Jackson County","p040","2020",60.4
-82.761,38.855,"Jackson County","p040","2020",60.4
-82.753,38.945,"Jackson County","p040","2020",60.4
-82.807,38.948,"Jackson County","p040","2020",60.4
-82.786,39.169,"Jackson County","p040","2020",60.4
-80.925,40.468,"Jefferson County","p041","2020",63.5
-80.921,40.556,"Jefferson County","p041","2020",63.5
-80.864,40.555,"Jefferson County","p041","2020",63.5
-80.862,40.599,"Jefferson County","p041","2020",63.5
-80.747,40.597,"Jefferson County","p041","2020",63.5
-80.668,40.582,"Jefferson County","p041","2020",63.5
-80.622,40.52,"Jefferson County","p041","2020",63.5
-80.605,40.447,"Jefferson County","p041","2020",63.5
-80.632,40.385,"Jefferson County","p041","2020",63.5
-80.607,40.304,"Jefferson County","p041","2020",63.5
-80.703,40.157,"Jefferson County","p041","2020",63.5
-80.883,40.159,"Jefferson County","p041","2020",63.5
-80.866,40.423,"Jefferson County","p041","2020",63.5
-80.942,40.425,"Jefferson County","p041","2020",63.5
-80.925,40.468,"Jefferson County","p041","2020",63.5
-82.745,40.35,"Knox County","p042","2020",66.8
-82.647,40.345,"Knox County","p042","2020",66.8
-82.624,40.55,"Knox County","p042","2020",66.8
-82.375,40.551,"Knox County","p042","2020",66.8
-82.179,40.573,"Knox County","p042","2020",66.8
-82.196,40.239,"Knox County","p042","2020",66.8
-82.477,40.246,"Knox County","p042","2020",66.8
-82.476,40.265,"Knox County","p042","2020",66.8
-82.751,40.277,"Knox County","p042","2020",66.8
-82.745,40.35,"Knox County","p042","2020",66.8
-81.489,41.634,"Lake County","p043","2020",73.5
-81.389,41.707,"Lake County","p043","2020",73.5
-81.287,41.76,"Lake County","p043","2020",73.5
-81.184,41.787,"Lake County","p043","2020",73.5
-81.052,41.84,"Lake County","p043","2020",73.5
-81.002,41.849,"Lake County","p043","2020",73.5
-81.003,41.715,"Lake County","p043","2020",73.5
-81.102,41.714,"Lake County","p043","2020",73.5
-81.101,41.641,"Lake County","p043","2020",73.5
-81.295,41.641,"Lake County","p043","2020",73.5
-81.296,41.57,"Lake County","p043","2020",73.5
-81.488,41.57,"Lake County","p043","2020",73.5
-81.489,41.634,"Lake County","p043","2020",73.5
-82.812,38.572,"Lawrence County","p044","2020",61.2
-82.74,38.597,"Lawrence County","p044","2020",61.2
-82.764,38.68,"Lawrence County","p044","2020",61.2
-82.707,38.677,"Lawrence County","p044","2020",61.2
-82.663,38.748,"Lawrence County","p044","2020",61.2
-82.65,38.849,"Lawrence County","p044","2020",61.2
-82.576,38.844,"Lawrence County","p044","2020",61.2
-82.583,38.779,"Lawrence County","p044","2020",61.2
-82.484,38.772,"Lawrence County","p044","2020",61.2
-82.472,38.682,"Lawrence County","p044","2020",61.2
-82.354,38.676,"Lawrence County","p044","2020",61.2
-82.362,38.585,"Lawrence County","p044","2020",61.2
-82.282,38.58,"Lawrence County","p044","2020",61.2
-82.324,38.449,"Lawrence County","p044","2020",61.2
-82.561,38.404,"Lawrence County","p044","2020",61.2
-82.594,38.422,"Lawrence County","p044","2020",61.2
-82.618,38.477,"Lawrence County","p044","2020",61.2
-82.725,38.558,"Lawrence County","p044","2020",61.2
-82.8,38.563,"Lawrence County","p044","2020",61.2
-82.812,38.572,"Lawrence County","p044","2020",61.2
-82.774,39.976,"Licking County","p045","2020",71.2
-82.751,40.277,"Licking County","p045","2020",71.2
-82.476,40.265,"Licking County","p045","2020",71.2
-82.477,40.246,"Licking County","p045","2020",71.2
-82.196,40.239,"Licking County","p045","2020",71.2
-82.183,40.227,"Licking County","p045","2020",71.2
-82.199,39.95,"Licking County","p045","2020",71.2
-82.234,39.913,"Licking County","p045","2020",71.2
-82.463,39.93,"Licking County","p045","2020",71.2
-82.493,39.926,"Licking County","p045","2020",71.2
-82.782,39.94,"Licking County","p045","2020",71.2
-82.774,39.976,"Licking County","p045","2020",71.2
-84.01,40.318,"Logan County","p046","2020",68.6
-84.004,40.329,"Logan County","p046","2020",68.6
-84.002,40.483,"Logan County","p046","2020",68.6
-83.994,40.535,"Logan County","p046","2020",68.6
-83.88,40.539,"Logan County","p046","2020",68.6
-83.88,40.532,"Logan County","p046","2020",68.6
-83.52,40.504,"Logan County","p046","2020",68.6
-83.551,40.229,"Logan County","p046","2020",68.6
-83.784,40.26,"Logan County","p046","2020",68.6
-84.015,40.273,"Logan County","p046","2020",68.6
-84.01,40.318,"Logan County","p046","2020",68.6
-82.348,41.427,"Lorain County","p047","2020",66.8
-82.268,41.431,"Lorain County","p047","2020",66.8
-82.182,41.472,"Lorain County","p047","2020",66.8
-81.995,41.514,"Lorain County","p047","2020",66.8
-81.968,41.504,"Lorain County","p047","2020",66.8
-81.971,41.351,"Lorain County","p047","2020",66.8
-81.877,41.351,"Lorain County","p047","2020",66.8
-81.878,41.275,"Lorain County","p047","2020",66.8
-81.972,41.275,"Lorain County","p047","2020",66.8
-81.974,41.2,"Lorain County","p047","2020",66.8
-82.072,41.2,"Lorain County","p047","2020",66.8
-82.074,41.136,"Lorain County","p047","2020",66.8
-82.17,41.137,"Lorain County","p047","2020",66.8
-82.171,41.064,"Lorain County","p047","2020",66.8
-82.336,41.066,"Lorain County","p047","2020",66.8
-82.348,41.427,"Lorain County","p047","2020",66.8
-83.883,41.488,"Lucas County","p048","2020",62.3
-83.88,41.72,"Lucas County","p048","2020",62.3
-83.454,41.733,"Lucas County","p048","2020",62.3
-83.41,41.691,"Lucas County","p048","2020",62.3
-83.327,41.702,"Lucas County","p048","2020",62.3
-83.232,41.644,"Lucas County","p048","2020",62.3
-83.164,41.624,"Lucas County","p048","2020",62.3
-83.57,41.617,"Lucas County","p048","2020",62.3
-83.7,41.534,"Lucas County","p048","2020",62.3
-83.729,41.486,"Lucas County","p048","2020",62.3
-83.854,41.414,"Lucas County","p048","2020",62.3
-83.883,41.415,"Lucas County","p048","2020",62.3
-83.883,41.488,"Lucas County","p048","2020",62.3
-83.647,39.773,"Madison County","p049","2020",57.5
-83.59,39.769,"Madison County","p049","2020",57.5
-83.516,40.011,"Madison County","p049","2020",57.5
-83.504,40.111,"Madison County","p049","2020",57.5
-83.206,40.108,"Madison County","p049","2020",57.5
-83.255,40.048,"Madison County","p049","2020",57.5
-83.244,39.813,"Madison County","p049","2020",57.5
-83.252,39.695,"Madison County","p049","2020",57.5
-83.653,39.717,"Madison County","p049","2020",57.5
-83.647,39.773,"Madison County","p049","2020",57.5
-81.086,40.988,"Mahoning County","p050","2020",66.3
-81.002,40.988,"Mahoning County","p050","2020",66.3
-81.002,41.134,"Mahoning County","p050","2020",66.3
-80.519,41.133,"Mahoning County","p050","2020",66.3
-80.52,40.9,"Mahoning County","p050","2020",66.3
-80.822,40.901,"Mahoning County","p050","2020",66.3
-80.896,40.93,"Mahoning County","p050","2020",66.3
-81.087,40.902,"Mahoning County","p050","2020",66.3
-81.086,40.988,"Mahoning County","p050","2020",66.3
-83.42,40.687,"Marion County","p051","2020",55.1
-83.311,40.687,"Marion County","p051","2020",55.1
-83.305,40.702,"Marion County","p051","2020",55.1
-82.858,40.705,"Marion County","p051","2020",55.1
-82.86,40.646,"Marion County","p051","2020",55.1
-82.958,40.645,"Marion County","p051","2020",55.1
-82.958,40.491,"Marion County","p051","2020",55.1
-83.021,40.434,"Marion County","p051","2020",55.1
-83.249,40.444,"Marion County","p051","2020",55.1
-83.248,40.507,"Marion County","p051","2020",55.1
-83.419,40.505,"Marion County","p051","2020",55.1
-83.42,40.687,"Marion County","p051","2020",55.1
-82.171,41.064,"Medina County","p052","2020",77.5
-82.17,41.137,"Medina County","p052","2020",77.5
-82.074,41.136,"Medina County","p052","2020",77.5
-82.072,41.2,"Medina County","p052","2020",77.5
-81.974,41.2,"Medina County","p052","2020",77.5
-81.972,41.275,"Medina County","p052","2020",77.5
-81.685,41.277,"Medina County","p052","2020",77.5
-81.688,40.989,"Medina County","p052","2020",77.5
-82.173,40.992,"Medina County","p052","2020",77.5
-82.171,41.064,"Medina County","p052","2020",77.5
-82.307,39.205,"Meigs County","p053","2020",62.3
-81.752,39.181,"Meigs County","p053","2020",62.3
-81.743,39.107,"Meigs County","p053","2020",62.3
-81.808,39.084,"Meigs County","p053","2020",62.3
-81.776,38.981,"Meigs County","p053","2020",62.3
-81.827,38.946,"Meigs County","p053","2020",62.3
-81.898,38.93,"Meigs County","p053","2020",62.3
-81.942,38.993,"Meigs County","p053","2020",62.3
-82.007,39.03,"Meigs County","p053","2020",62.3
-82.042,39.018,"Meigs County","p053","2020",62.3
-82.099,38.961,"Meigs County","p053","2020",62.3
-82.095,39.003,"Meigs County","p053","2020",62.3
-82.323,39.028,"Meigs County","p053","2020",62.3
-82.307,39.205,"Meigs County","p053","2020",62.3
-84.804,40.353,"Mercer County","p054","2020",79.6
-84.802,40.728,"Mercer County","p054","2020",79.6
-84.456,40.728,"Mercer County","p054","2020",79.6
-84.456,40.364,"Mercer County","p054","2020",79.6
-84.435,40.354,"Mercer County","p054","2020",79.6
-84.804,40.353,"Mercer County","p054","2020",79.6
-84.433,40.197,"Miami County","p055","2020",72.3
-84.219,40.2,"Miami County","p055","2020",72.3
-84.023,40.184,"Miami County","p055","2020",72.3
-84.051,39.88,"Miami County","p055","2020",72.3
-84.157,39.886,"Miami County","p055","2020",72.3
-84.158,39.923,"Miami County","p055","2020",72.3
-84.426,39.92,"Miami County","p055","2020",72.3
-84.433,40.197,"Miami County","p055","2020",72.3
-81.314,39.869,"Monroe County","p056","2020",66.1
-80.823,39.85,"Monroe County","p056","2020",66.1
-80.825,39.801,"Monroe County","p056","2020",66.1
-80.87,39.764,"Monroe County","p056","2020",66.1
-80.83,39.712,"Monroe County","p056","2020",66.1
-80.866,39.663,"Monroe County","p056","2020",66.1
-81.037,39.538,"Monroe County","p056","2020",66.1
-81.037,39.572,"Monroe County","p056","2020",66.1
-81.283,39.606,"Monroe County","p056","2020",66.1
-81.281,39.707,"Monroe County","p056","2020",66.1
-81.314,39.869,"Monroe County","p056","2020",66.1
-84.485,39.918,"Montgomery County","p057","2020",67.2
-84.158,39.923,"Montgomery County","p057","2020",67.2
-84.157,39.886,"Montgomery County","p057","2020",67.2
-84.051,39.88,"Montgomery County","p057","2020",67.2
-84.054,39.851,"Montgomery County","p057","2020",67.2
-84.093,39.838,"Montgomery County","p057","2020",67.2
-84.114,39.578,"Montgomery County","p057","2020",67.2
-84.286,39.59,"Montgomery County","p057","2020",67.2
-84.479,39.591,"Montgomery County","p057","2020",67.2
-84.485,39.918,"Montgomery County","p057","2020",67.2
-82.077,39.771,"Morgan County","p058","2020",60
-81.64,39.753,"Morgan County","p058","2020",60
-81.643,39.666,"Morgan County","p058","2020",60
-81.586,39.664,"Morgan County","p058","2020",60
-81.588,39.587,"Morgan County","p058","2020",60
-81.713,39.585,"Morgan County","p058","2020",60
-81.709,39.481,"Morgan County","p058","2020",60
-81.823,39.494,"Morgan County","p058","2020",60
-81.845,39.45,"Morgan County","p058","2020",60
-82.056,39.46,"Morgan County","p058","2020",60
-82.024,39.725,"Morgan County","p058","2020",60
-82.08,39.728,"Morgan County","p058","2020",60
-82.077,39.771,"Morgan County","p058","2020",60
-82.958,40.491,"Morrow County","p059","2020",68.5
-82.958,40.645,"Morrow County","p059","2020",68.5
-82.86,40.646,"Morrow County","p059","2020",68.5
-82.858,40.705,"Morrow County","p059","2020",68.5
-82.839,40.713,"Morrow County","p059","2020",68.5
-82.627,40.709,"Morrow County","p059","2020",68.5
-82.645,40.666,"Morrow County","p059","2020",68.5
-82.624,40.55,"Morrow County","p059","2020",68.5
-82.647,40.345,"Morrow County","p059","2020",68.5
-82.93,40.358,"Morrow County","p059","2020",68.5
-82.925,40.415,"Morrow County","p059","2020",68.5
-83.021,40.434,"Morrow County","p059","2020",68.5
-82.958,40.491,"Morrow County","p059","2020",68.5
-82.199,39.95,"Muskingum County","p060","2020",61.5
-82.187,40.167,"Muskingum County","p060","2020",61.5
-81.716,40.152,"Muskingum County","p060","2020",61.5
-81.729,39.932,"Muskingum County","p060","2020",61.5
-81.694,39.843,"Muskingum County","p060","2020",61.5
-81.697,39.756,"Muskingum County","p060","2020",61.5
-82.077,39.771,"Muskingum County","p060","2020",61.5
-82.073,39.816,"Muskingum County","p060","2020",61.5
-82.17,39.821,"Muskingum County","p060","2020",61.5
-82.162,39.909,"Muskingum County","p060","2020",61.5
-82.234,39.913,"Muskingum County","p060","2020",61.5
-82.199,39.95,"Muskingum County","p060","2020",61.5
-81.694,39.843,"Noble County","p061","2020",55.4
-81.58,39.839,"Noble County","p061","2020",55.4
-81.579,39.898,"Noble County","p061","2020",55.4
-81.464,39.895,"Noble County","p061","2020",55.4
-81.386,39.951,"Noble County","p061","2020",55.4
-81.234,39.951,"Noble County","p061","2020",55.4
-81.237,39.868,"Noble County","p061","2020",55.4
-81.314,39.869,"Noble County","p061","2020",55.4
-81.281,39.707,"Noble County","p061","2020",55.4
-81.283,39.606,"Noble County","p061","2020",55.4
-81.395,39.602,"Noble County","p061","2020",55.4
-81.473,39.646,"Noble County","p061","2020",55.4
-81.473,39.583,"Noble County","p061","2020",55.4
-81.588,39.587,"Noble County","p061","2020",55.4
-81.586,39.664,"Noble County","p061","2020",55.4
-81.643,39.666,"Noble County","p061","2020",55.4
-81.64,39.753,"Noble County","p061","2020",55.4
-81.697,39.756,"Noble County","p061","2020",55.4
-81.694,39.843,"Noble County","p061","2020",55.4
-82.863,41.694,"Ottawa County","p062","2020",73.6
-82.826,41.723,"Ottawa County","p062","2020",73.6
-82.783,41.694,"Ottawa County","p062","2020",73.6
-82.789,41.643,"Ottawa County","p062","2020",73.6
-82.842,41.628,"Ottawa County","p062","2020",73.6
-82.863,41.694,"Ottawa County","p062","2020",73.6
-83.416,41.619,"Ottawa County","p063","2020",73.6
-83.164,41.624,"Ottawa County","p063","2020",73.6
-83.067,41.595,"Ottawa County","p063","2020",73.6
-83.028,41.556,"Ottawa County","p063","2020",73.6
-82.934,41.514,"Ottawa County","p063","2020",73.6
-82.86,41.576,"Ottawa County","p063","2020",73.6
-82.834,41.588,"Ottawa County","p063","2020",73.6
-82.718,41.542,"Ottawa County","p063","2020",73.6
-82.691,41.497,"Ottawa County","p063","2020",73.6
-82.73,41.479,"Ottawa County","p063","2020",73.6
-82.952,41.458,"Ottawa County","p063","2020",73.6
-83.338,41.458,"Ottawa County","p063","2020",73.6
-83.415,41.5,"Ottawa County","p063","2020",73.6
-83.416,41.619,"Ottawa County","p063","2020",73.6
-84.804,41.253,"Paulding County","p064","2020",67.3
-84.457,41.253,"Paulding County","p064","2020",67.3
-84.457,41.209,"Paulding County","p064","2020",67.3
-84.342,41.209,"Paulding County","p064","2020",67.3
-84.342,40.991,"Paulding County","p064","2020",67.3
-84.803,40.989,"Paulding County","p064","2020",67.3
-84.804,41.253,"Paulding County","p064","2020",67.3
-82.463,39.93,"Perry County","p065","2020",61.1
-82.162,39.909,"Perry County","p065","2020",61.1
-82.17,39.821,"Perry County","p065","2020",61.1
-82.073,39.816,"Perry County","p065","2020",61.1
-82.08,39.728,"Perry County","p065","2020",61.1
-82.024,39.725,"Perry County","p065","2020",61.1
-82.038,39.569,"Perry County","p065","2020",61.1
-82.048,39.551,"Perry County","p065","2020",61.1
-82.264,39.562,"Perry County","p065","2020",61.1
-82.262,39.591,"Perry County","p065","2020",61.1
-82.38,39.597,"Perry County","p065","2020",61.1
-82.375,39.655,"Perry County","p065","2020",61.1
-82.397,39.833,"Perry County","p065","2020",61.1
-82.472,39.837,"Perry County","p065","2020",61.1
-82.463,39.93,"Perry County","p065","2020",61.1
-83.252,39.695,"Pickaway County","p066","2020",62.7
-83.244,39.813,"Pickaway County","p066","2020",62.7
-82.824,39.795,"Pickaway County","p066","2020",62.7
-82.843,39.561,"Pickaway County","p066","2020",62.7
-82.732,39.554,"Pickaway County","p066","2020",62.7
-82.741,39.468,"Pickaway County","p066","2020",62.7
-82.998,39.48,"Pickaway County","p066","2020",62.7
-82.985,39.507,"Pickaway County","p066","2020",62.7
-83.267,39.516,"Pickaway County","p066","2020",62.7
-83.252,39.695,"Pickaway County","p066","2020",62.7
-83.354,39.198,"Pike County","p067","2020",58.9
-82.786,39.169,"Pike County","p067","2020",58.9
-82.807,38.948,"Pike County","p067","2020",58.9
-83.212,38.96,"Pike County","p067","2020",58.9
-83.315,39.052,"Pike County","p067","2020",58.9
-83.386,39.055,"Pike County","p067","2020",58.9
-83.354,39.198,"Pike County","p067","2020",58.9
-81.393,41.061,"Portage County","p068","2020",64.6
-81.392,41.348,"Portage County","p068","2020",64.6
-81.003,41.348,"Portage County","p068","2020",64.6
-81.002,40.988,"Portage County","p068","2020",64.6
-81.393,40.989,"Portage County","p068","2020",64.6
-81.393,41.061,"Portage County","p068","2020",64.6
-84.814,39.727,"Preble County","p069","2020",69.4
-84.811,39.917,"Preble County","p069","2020",69.4
-84.485,39.918,"Preble County","p069","2020",69.4
-84.479,39.569,"Preble County","p069","2020",69.4
-84.816,39.568,"Preble County","p069","2020",69.4
-84.814,39.727,"Preble County","p069","2020",69.4
-84.399,40.99,"Putnam County","p070","2020",80.1
-84.342,40.991,"Putnam County","p070","2020",80.1
-84.342,41.166,"Putnam County","p070","2020",80.1
-83.881,41.168,"Putnam County","p070","2020",80.1
-83.88,40.92,"Putnam County","p070","2020",80.1
-84.11,40.905,"Putnam County","p070","2020",80.1
-84.11,40.861,"Putnam County","p070","2020",80.1
-84.341,40.859,"Putnam County","p070","2020",80.1
-84.398,40.903,"Putnam County","p070","2020",80.1
-84.399,40.99,"Putnam County","p070","2020",80.1
-82.725,40.996,"Richland County","p071","2020",64.2
-82.433,40.993,"Richland County","p071","2020",64.2
-82.421,40.824,"Richland County","p071","2020",64.2
-82.339,40.727,"Richland County","p071","2020",64.2
-82.337,40.555,"Richland County","p071","2020",64.2
-82.624,40.55,"Richland County","p071","2020",64.2
-82.645,40.666,"Richland County","p071","2020",64.2
-82.627,40.709,"Richland County","p071","2020",64.2
-82.727,40.711,"Richland County","p071","2020",64.2
-82.725,40.996,"Richland County","p071","2020",64.2
-83.373,39.377,"Ross County","p072","2020",55.8
-83.267,39.516,"Ross County","p072","2020",55.8
-82.985,39.507,"Ross County","p072","2020",55.8
-82.998,39.48,"Ross County","p072","2020",55.8
-82.741,39.468,"Ross County","p072","2020",55.8
-82.763,39.208,"Ross County","p072","2020",55.8
-82.786,39.169,"Ross County","p072","2020",55.8
-83.354,39.198,"Ross County","p072","2020",55.8
-83.394,39.268,"Ross County","p072","2020",55.8
-83.373,39.377,"Ross County","p072","2020",55.8
-83.415,41.5,"Sandusky County","p073","2020",67.6
-83.338,41.458,"Sandusky County","p073","2020",67.6
-82.952,41.458,"Sandusky County","p073","2020",67.6
-82.848,41.43,"Sandusky County","p073","2020",67.6
-82.84,41.255,"Sandusky County","p073","2020",67.6
-83.42,41.254,"Sandusky County","p073","2020",67.6
-83.415,41.5,"Sandusky County","p073","2020",67.6
-83.271,39.016,"Scioto County","p074","2020",55
-83.212,38.96,"Scioto County","p074","2020",55
-82.753,38.945,"Scioto County","p074","2020",55
-82.761,38.855,"Scioto County","p074","2020",55
-82.65,38.849,"Scioto County","p074","2020",55
-82.663,38.748,"Scioto County","p074","2020",55
-82.707,38.677,"Scioto County","p074","2020",55
-82.764,38.68,"Scioto County","p074","2020",55
-82.74,38.597,"Scioto County","p074","2020",55
-82.812,38.572,"Scioto County","p074","2020",55
-82.851,38.604,"Scioto County","p074","2020",55
-82.87,38.678,"Scioto County","p074","2020",55
-82.871,38.718,"Scioto County","p074","2020",55
-82.889,38.756,"Scioto County","p074","2020",55
-83.012,38.73,"Scioto County","p074","2020",55
-83.112,38.672,"Scioto County","p074","2020",55
-83.129,38.64,"Scioto County","p074","2020",55
-83.173,38.62,"Scioto County","p074","2020",55
-83.24,38.629,"Scioto County","p074","2020",55
-83.264,38.613,"Scioto County","p074","2020",55
-83.271,39.016,"Scioto County","p074","2020",55
-83.421,41.167,"Seneca County","p075","2020",61.2
-83.42,41.254,"Seneca County","p075","2020",61.2
-82.84,41.255,"Seneca County","p075","2020",61.2
-82.83,40.997,"Seneca County","p075","2020",61.2
-83.42,40.992,"Seneca County","p075","2020",61.2
-83.421,41.167,"Seneca County","p075","2020",61.2
-84.435,40.354,"Shelby County","p076","2020",70.3
-84.339,40.379,"Shelby County","p076","2020",70.3
-84.339,40.481,"Shelby County","p076","2020",70.3
-84.002,40.483,"Shelby County","p076","2020",70.3
-84.004,40.329,"Shelby County","p076","2020",70.3
-84.023,40.184,"Shelby County","p076","2020",70.3
-84.219,40.2,"Shelby County","p076","2020",70.3
-84.433,40.197,"Shelby County","p076","2020",70.3
-84.435,40.354,"Shelby County","p076","2020",70.3
-81.65,40.668,"Stark County","p077","2020",66.2
-81.648,40.914,"Stark County","p077","2020",66.2
-81.42,40.907,"Stark County","p077","2020",66.2
-81.393,40.989,"Stark County","p077","2020",66.2
-81.086,40.988,"Stark County","p077","2020",66.2
-81.087,40.728,"Stark County","p077","2020",66.2
-81.237,40.724,"Stark County","p077","2020",66.2
-81.241,40.651,"Stark County","p077","2020",66.2
-81.459,40.667,"Stark County","p077","2020",66.2
-81.509,40.65,"Stark County","p077","2020",66.2
-81.649,40.635,"Stark County","p077","2020",66.2
-81.65,40.668,"Stark County","p077","2020",66.2
-81.685,41.277,"Summit County","p078","2020",68.3
-81.565,41.278,"Summit County","p078","2020",68.3
-81.598,41.351,"Summit County","p078","2020",68.3
-81.392,41.348,"Summit County","p078","2020",68.3
-81.393,40.989,"Summit County","p078","2020",68.3
-81.42,40.907,"Summit County","p078","2020",68.3
-81.648,40.914,"Summit County","p078","2020",68.3
-81.648,40.989,"Summit County","p078","2020",68.3
-81.688,40.989,"Summit County","p078","2020",68.3
-81.685,41.277,"Summit County","p078","2020",68.3
-81.003,41.501,"Trumbull County","p079","2020",64.5
-80.519,41.499,"Trumbull County","p079","2020",64.5
-80.519,41.133,"Trumbull County","p079","2020",64.5
-81.002,41.134,"Trumbull County","p079","2020",64.5
-81.003,41.501,"Trumbull County","p079","2020",64.5
-81.709,40.445,"Tuscarawas County","p080","2020",63.6
-81.67,40.444,"Tuscarawas County","p080","2020",63.6
-81.649,40.635,"Tuscarawas County","p080","2020",63.6
-81.509,40.65,"Tuscarawas County","p080","2020",63.6
-81.459,40.667,"Tuscarawas County","p080","2020",63.6
-81.318,40.652,"Tuscarawas County","p080","2020",63.6
-81.322,40.567,"Tuscarawas County","p080","2020",63.6
-81.265,40.565,"Tuscarawas County","p080","2020",63.6
-81.274,40.333,"Tuscarawas County","p080","2020",63.6
-81.335,40.304,"Tuscarawas County","p080","2020",63.6
-81.338,40.214,"Tuscarawas County","p080","2020",63.6
-81.622,40.221,"Tuscarawas County","p080","2020",63.6
-81.616,40.368,"Tuscarawas County","p080","2020",63.6
-81.712,40.371,"Tuscarawas County","p080","2020",63.6
-81.709,40.445,"Tuscarawas County","p080","2020",63.6
-83.52,40.504,"Union County","p081","2020",79.1
-83.248,40.507,"Union County","p081","2020",79.1
-83.248,40.244,"Union County","p081","2020",79.1
-83.172,40.244,"Union County","p081","2020",79.1
-83.17,40.143,"Union County","p081","2020",79.1
-83.206,40.108,"Union County","p081","2020",79.1
-83.504,40.111,"Union County","p081","2020",79.1
-83.494,40.225,"Union County","p081","2020",79.1
-83.551,40.229,"Union County","p081","2020",79.1
-83.52,40.504,"Union County","p081","2020",79.1
-84.803,40.989,"Van Wert County","p082","2020",70.1
-84.399,40.99,"Van Wert County","p082","2020",70.1
-84.398,40.903,"Van Wert County","p082","2020",70.1
-84.341,40.859,"Van Wert County","p082","2020",70.1
-84.397,40.816,"Van Wert County","p082","2020",70.1
-84.397,40.685,"Van Wert County","p082","2020",70.1
-84.456,40.685,"Van Wert County","p082","2020",70.1
-84.456,40.728,"Van Wert County","p082","2020",70.1
-84.802,40.728,"Van Wert County","p082","2020",70.1
-84.803,40.989,"Van Wert County","p082","2020",70.1
-82.749,39.368,"Vinton County","p083","2020",60.4
-82.518,39.369,"Vinton County","p083","2020",60.4
-82.514,39.396,"Vinton County","p083","2020",60.4
-82.29,39.384,"Vinton County","p083","2020",60.4
-82.26,39.293,"Vinton County","p083","2020",60.4
-82.269,39.204,"Vinton County","p083","2020",60.4
-82.307,39.205,"Vinton County","p083","2020",60.4
-82.323,39.028,"Vinton County","p083","2020",60.4
-82.435,39.035,"Vinton County","p083","2020",60.4
-82.425,39.138,"Vinton County","p083","2020",60.4
-82.54,39.144,"Vinton County","p083","2020",60.4
-82.536,39.181,"Vinton County","p083","2020",60.4
-82.763,39.208,"Vinton County","p083","2020",60.4
-82.749,39.368,"Vinton County","p083","2020",60.4
-84.365,39.589,"Warren County","p084","2020",81.5
-83.977,39.569,"Warren County","p084","2020",81.5
-84.007,39.255,"Warren County","p084","2020",81.5
-84.259,39.271,"Warren County","p084","2020",81.5
-84.262,39.288,"Warren County","p084","2020",81.5
-84.353,39.292,"Warren County","p084","2020",81.5
-84.332,39.549,"Warren County","p084","2020",81.5
-84.365,39.589,"Warren County","p084","2020",81.5
-81.845,39.45,"Washington County","p085","2020",67.6
-81.823,39.494,"Washington County","p085","2020",67.6
-81.709,39.481,"Washington County","p085","2020",67.6
-81.713,39.585,"Washington County","p085","2020",67.6
-81.473,39.583,"Washington County","p085","2020",67.6
-81.473,39.646,"Washington County","p085","2020",67.6
-81.395,39.602,"Washington County","p085","2020",67.6
-81.283,39.606,"Washington County","p085","2020",67.6
-81.037,39.572,"Washington County","p085","2020",67.6
-81.037,39.538,"Washington County","p085","2020",67.6
-81.076,39.51,"Washington County","p085","2020",67.6
-81.129,39.449,"Washington County","p085","2020",67.6
-81.186,39.431,"Washington County","p085","2020",67.6
-81.249,39.39,"Washington County","p085","2020",67.6
-81.348,39.346,"Washington County","p085","2020",67.6
-81.394,39.352,"Washington County","p085","2020",67.6
-81.413,39.395,"Washington County","p085","2020",67.6
-81.456,39.409,"Washington County","p085","2020",67.6
-81.56,39.331,"Washington County","p085","2020",67.6
-81.565,39.276,"Washington County","p085","2020",67.6
-81.678,39.274,"Washington County","p085","2020",67.6
-81.721,39.211,"Washington County","p085","2020",67.6
-81.722,39.27,"Washington County","p085","2020",67.6
-81.818,39.273,"Washington County","p085","2020",67.6
-81.854,39.318,"Washington County","p085","2020",67.6
-81.845,39.45,"Washington County","p085","2020",67.6
-82.129,40.992,"Wayne County","p086","2020",63.4
-81.648,40.989,"Wayne County","p086","2020",63.4
-81.65,40.668,"Wayne County","p086","2020",63.4
-82.126,40.668,"Wayne County","p086","2020",63.4
-82.129,40.992,"Wayne County","p086","2020",63.4
-84.806,41.696,"Williams County","p087","2020",67.5
-84.4,41.706,"Williams County","p087","2020",67.5
-84.381,41.617,"Williams County","p087","2020",67.5
-84.381,41.514,"Williams County","p087","2020",67.5
-84.342,41.514,"Williams County","p087","2020",67.5
-84.342,41.428,"Williams County","p087","2020",67.5
-84.804,41.426,"Williams County","p087","2020",67.5
-84.806,41.696,"Williams County","p087","2020",67.5
-83.883,41.415,"Wood County","p088","2020",66.7
-83.854,41.414,"Wood County","p088","2020",66.7
-83.729,41.486,"Wood County","p088","2020",66.7
-83.7,41.534,"Wood County","p088","2020",66.7
-83.57,41.617,"Wood County","p088","2020",66.7
-83.416,41.619,"Wood County","p088","2020",66.7
-83.421,41.167,"Wood County","p088","2020",66.7
-83.881,41.168,"Wood County","p088","2020",66.7
-83.883,41.415,"Wood County","p088","2020",66.7
-83.515,40.905,"Wyandot County","p089","2020",68
-83.458,40.992,"Wyandot County","p089","2020",68
-83.113,40.993,"Wyandot County","p089","2020",68
-83.111,40.703,"Wyandot County","p089","2020",68
-83.305,40.702,"Wyandot County","p089","2020",68
-83.311,40.687,"Wyandot County","p089","2020",68
-83.42,40.687,"Wyandot County","p089","2020",68
-83.496,40.702,"Wyandot County","p089","2020",68
-83.496,40.818,"Wyandot County","p089","2020",68
-83.516,40.818,"Wyandot County","p089","2020",68
-83.515,40.905,"Wyandot County","p089","2020",68
-83.706,38.638,"Adams County","p001","2024",60.2
-83.673,39.02,"Adams County","p001","2024",60.2
-83.612,39.019,"Adams County","p001","2024",60.2
-83.386,39.055,"Adams County","p001","2024",60.2
-83.315,39.052,"Adams County","p001","2024",60.2
-83.271,39.016,"Adams County","p001","2024",60.2
-83.264,38.613,"Adams County","p001","2024",60.2
-83.287,38.599,"Adams County","p001","2024",60.2
-83.376,38.661,"Adams County","p001","2024",60.2
-83.44,38.669,"Adams County","p001","2024",60.2
-83.533,38.702,"Adams County","p001","2024",60.2
-83.627,38.679,"Adams County","p001","2024",60.2
-83.643,38.643,"Adams County","p001","2024",60.2
-83.679,38.63,"Adams County","p001","2024",60.2
-83.706,38.638,"Adams County","p001","2024",60.2
-84.397,40.816,"Allen County","p002","2024",61.2
-84.341,40.859,"Allen County","p002","2024",61.2
-84.11,40.861,"Allen County","p002","2024",61.2
-84.11,40.905,"Allen County","p002","2024",61.2
-83.88,40.92,"Allen County","p002","2024",61.2
-83.88,40.645,"Allen County","p002","2024",61.2
-84.108,40.643,"Allen County","p002","2024",61.2
-84.223,40.686,"Allen County","p002","2024",61.2
-84.397,40.685,"Allen County","p002","2024",61.2
-84.397,40.816,"Allen County","p002","2024",61.2
-82.437,41.065,"Ashland County","p003","2024",67.3
-82.171,41.064,"Ashland County","p003","2024",67.3
-82.173,40.992,"Ashland County","p003","2024",67.3
-82.129,40.992,"Ashland County","p003","2024",67.3
-82.126,40.668,"Ashland County","p003","2024",67.3
-82.221,40.667,"Ashland County","p003","2024",67.3
-82.22,40.568,"Ashland County","p003","2024",67.3
-82.337,40.555,"Ashland County","p003","2024",67.3
-82.339,40.727,"Ashland County","p003","2024",67.3
-82.421,40.824,"Ashland County","p003","2024",67.3
-82.437,41.065,"Ashland County","p003","2024",67.3
-81.003,41.715,"Ashtabula County","p004","2024",58.5
-81.002,41.849,"Ashtabula County","p004","2024",58.5
-80.9,41.869,"Ashtabula County","p004","2024",58.5
-80.801,41.91,"Ashtabula County","p004","2024",58.5
-80.519,41.978,"Ashtabula County","p004","2024",58.5
-80.519,41.499,"Ashtabula County","p004","2024",58.5
-81.003,41.501,"Ashtabula County","p004","2024",58.5
-81.003,41.715,"Ashtabula County","p004","2024",58.5
-82.28,39.473,"Athens County","p005","2024",51.3
-82.167,39.466,"Athens County","p005","2024",51.3
-82.159,39.557,"Athens County","p005","2024",51.3
-82.048,39.551,"Athens County","p005","2024",51.3
-82.056,39.46,"Athens County","p005","2024",51.3
-81.845,39.45,"Athens County","p005","2024",51.3
-81.854,39.318,"Athens County","p005","2024",51.3
-81.818,39.273,"Athens County","p005","2024",51.3
-81.722,39.27,"Athens County","p005","2024",51.3
-81.721,39.211,"Athens County","p005","2024",51.3
-81.752,39.181,"Athens County","p005","2024",51.3
-82.269,39.204,"Athens County","p005","2024",51.3
-82.26,39.293,"Athens County","p005","2024",51.3
-82.29,39.384,"Athens County","p005","2024",51.3
-82.28,39.473,"Athens County","p005","2024",51.3
-84.456,40.685,"Auglaize County","p006","2024",73.9
-84.223,40.686,"Auglaize County","p006","2024",73.9
-84.108,40.643,"Auglaize County","p006","2024",73.9
-83.88,40.645,"Auglaize County","p006","2024",73.9
-83.88,40.539,"Auglaize County","p006","2024",73.9
-83.994,40.535,"Auglaize County","p006","2024",73.9
-84.002,40.483,"Auglaize County","p006","2024",73.9
-84.339,40.481,"Auglaize County","p006","2024",73.9
-84.339,40.379,"Auglaize County","p006","2024",73.9
-84.434,40.355,"Auglaize County","p006","2024",73.9
-84.456,40.364,"Auglaize County","p006","2024",73.9
-84.456,40.685,"Auglaize County","p006","2024",73.9
-81.234,39.951,"Belmont County","p007","2024",59.3
-81.226,40.17,"Belmont County","p007","2024",59.3
-80.703,40.157,"Belmont County","p007","2024",59.3
-80.737,40.08,"Belmont County","p007","2024",59.3
-80.74,39.971,"Belmont County","p007","2024",59.3
-80.803,39.919,"Belmont County","p007","2024",59.3
-80.823,39.85,"Belmont County","p007","2024",59.3
-81.237,39.868,"Belmont County","p007","2024",59.3
-81.234,39.951,"Belmont County","p007","2024",59.3
-84.053,38.772,"Brown County","p008","2024",64.2
-83.99,39.254,"Brown County","p008","2024",64.2
-83.866,39.247,"Brown County","p008","2024",64.2
-83.872,39.021,"Brown County","p008","2024",64.2
-83.673,39.02,"Brown County","p008","2024",64.2
-83.706,38.638,"Brown County","p008","2024",64.2
-83.772,38.658,"Brown County","p008","2024",64.2
-83.784,38.696,"Brown County","p008","2024",64.2
-83.834,38.716,"Brown County","p008","2024",64.2
-83.852,38.751,"Brown County","p008","2024",64.2
-83.979,38.787,"Brown County","p008","2024",64.2
-84.053,38.772,"Brown County","p008","2024",64.2
-84.817,39.392,"Butler County","p009","2024",64.9
-84.816,39.568,"Butler County","p009","2024",64.9
-84.479,39.569,"Butler County","p009","2024",64.9
-84.479,39.591,"Butler County","p009","2024",64.9
-84.365,39.589,"Butler County","p009","2024",64.9
-84.332,39.549,"Butler County","p009","2024",64.9
-84.353,39.292,"Butler County","p009","2024",64.9
-84.63,39.312,"Butler County","p009","2024",64.9
-84.819,39.305,"Butler County","p009","2024",64.9
-84.817,39.392,"Butler County","p009","2024",64.9
-81.318,40.652,"Carroll County","p010","2024",65.8
-81.241,40.651,"Carroll County","p010","2024",65.8
-81.237,40.724,"Carroll County","p010","2024",65.8
-81.199,40.729,"Carroll County","p010","2024",65.8
-80.917,40.727,"Carroll County","p010","2024",65.8
-80.918,40.643,"Carroll County","p010","2024",65.8
-80.862,40.599,"Carroll County","p010","2024",65.8
-80.864,40.555,"Carroll County","p010","2024",65.8
-80.921,40.556,"Carroll County","p010","2024",65.8
-80.925,40.468,"Carroll County","p010","2024",65.8
-80.942,40.425,"Carroll County","p010","2024",65.8
-81.27,40.433,"Carroll County","p010","2024",65.8
-81.265,40.565,"Carroll County","p010","2024",65.8
-81.322,40.567,"Carroll County","p010","2024",65.8
-81.318,40.652,"Carroll County","p010","2024",65.8
-84.023,40.184,"Champaign County","p011","2024",68.8
-84.015,40.273,"Champaign County","p011","2024",68.8
-83.784,40.26,"Champaign County","p011","2024",68.8
-83.494,40.225,"Champaign County","p011","2024",68.8
-83.516,40.011,"Champaign County","p011","2024",68.8
-84.036,40.04,"Champaign County","p011","2024",68.8
-84.023,40.184,"Champaign County","p011","2024",68.8
-84.051,39.88,"Clark County","p012","2024",62.2
-84.036,40.04,"Clark County","p012","2024",62.2
-83.516,40.011,"Clark County","p012","2024",62.2
-83.59,39.769,"Clark County","p012","2024",62.2
-83.741,39.782,"Clark County","p012","2024",62.2
-83.829,39.798,"Clark County","p012","2024",62.2
-83.827,39.823,"Clark County","p012","2024",62.2
-83.941,39.829,"Clark County","p012","2024",62.2
-83.94,39.843,"Clark County","p012","2024",62.2
-84.054,39.851,"Clark County","p012","2024",62.2
-84.051,39.88,"Clark County","p012","2024",62.2
-84.299,39.174,"Clermont County","p013","2024",71
-84.32,39.224,"Clermont County","p013","2024",71
-84.259,39.271,"Clermont County","p013","2024",71
-83.99,39.254,"Clermont County","p013","2024",71
-84.053,38.772,"Clermont County","p013","2024",71
-84.213,38.806,"Clermont County","p013","2024",71
-84.233,38.843,"Clermont County","p013","2024",71
-84.232,38.88,"Clermont County","p013","2024",71
-84.288,38.956,"Clermont County","p013","2024",71
-84.297,38.99,"Clermont County","p013","2024",71
-84.321,39.021,"Clermont County","p013","2024",71
-84.299,39.174,"Clermont County","p013","2024",71
-84.007,39.255,"Clinton County","p014","2024",65.7
-83.977,39.569,"Clinton County","p014","2024",65.7
-83.576,39.545,"Clinton County","p014","2024",65.7
-83.591,39.379,"Clinton County","p014","2024",65.7
-83.785,39.263,"Clinton County","p014","2024",65.7
-83.814,39.223,"Clinton County","p014","2024",65.7
-83.866,39.247,"Clinton County","p014","2024",65.7
-84.007,39.255,"Clinton County","p014","2024",65.7
-81.087,40.902,"Columbiana County","p015","2024",60.4
-80.896,40.93,"Columbiana County","p015","2024",60.4
-80.822,40.901,"Columbiana County","p015","2024",60.4
-80.52,40.9,"Columbiana County","p015","2024",60.4
-80.519,40.639,"Columbiana County","p015","2024",60.4
-80.584,40.616,"Columbiana County","p015","2024",60.4
-80.627,40.62,"Columbiana County","p015","2024",60.4
-80.668,40.582,"Columbiana County","p015","2024",60.4
-80.747,40.597,"Columbiana County","p015","2024",60.4
-80.862,40.599,"Columbiana County","p015","2024",60.4
-80.918,40.643,"Columbiana County","p015","2024",60.4
-80.917,40.727,"Columbiana County","p015","2024",60.4
-81.087,40.728,"Columbiana County","p015","2024",60.4
-81.087,40.902,"Columbiana County","p015","2024",60.4
-82.184,40.456,"Coshocton County","p016","2024",59.3
-81.709,40.445,"Coshocton County","p016","2024",59.3
-81.712,40.371,"Coshocton County","p016","2024",59.3
-81.616,40.368,"Coshocton County","p016","2024",59.3
-81.622,40.221,"Coshocton County","p016","2024",59.3
-81.671,40.151,"Coshocton County","p016","2024",59.3
-82.187,40.167,"Coshocton County","p016","2024",59.3
-82.183,40.227,"Coshocton County","p016","2024",59.3
-82.196,40.239,"Coshocton County","p016","2024",59.3
-82.184,40.456,"Coshocton County","p016","2024",59.3
-83.113,40.993,"Crawford County","p017","2024",63.3
-82.725,40.996,"Crawford County","p017","2024",63.3
-82.727,40.711,"Crawford County","p017","2024",63.3
-83.111,40.703,"Crawford County","p017","2024",63.3
-83.113,40.993,"Crawford County","p017","2024",63.3
-81.968,41.504,"Cuyahoga County","p018","2024",61.3
-81.938,41.491,"Cuyahoga County","p018","2024",61.3
-81.811,41.496,"Cuyahoga County","p018","2024",61.3
-81.739,41.489,"Cuyahoga County","p018","2024",61.3
-81.634,41.54,"Cuyahoga County","p018","2024",61.3
-81.489,41.634,"Cuyahoga County","p018","2024",61.3
-81.488,41.57,"Cuyahoga County","p018","2024",61.3
-81.391,41.57,"Cuyahoga County","p018","2024",61.3
-81.375,41.431,"Cuyahoga County","p018","2024",61.3
-81.392,41.424,"Cuyahoga County","p018","2024",61.3
-81.392,41.348,"Cuyahoga County","p018","2024",61.3
-81.598,41.351,"Cuyahoga County","p018","2024",61.3
-81.565,41.278,"Cuyahoga County","p018","2024",61.3
-81.878,41.275,"Cuyahoga County","p018","2024",61.3
-81.877,41.351,"Cuyahoga County","p018","2024",61.3
-81.971,41.351,"Cuyahoga County","p018","2024",61.3
-81.968,41.504,"Cuyahoga County","p018","2024",61.3
-84.81,40.005,"Darke County","p019","2024",69.9
-84.804,40.353,"Darke County","p019","2024",69.9
-84.435,40.354,"Darke County","p019","2024",69.9
-84.426,39.92,"Darke County","p019","2024",69.9
-84.811,39.917,"Darke County","p019","2024",69.9
-84.81,40.005,"Darke County","p019","2024",69.9
-84.804,41.426,"Defiance County","p020","2024",65.7
-84.228,41.428,"Defiance County","p020","2024",65.7
-84.228,41.166,"Defiance County","p020","2024",65.7
-84.342,41.166,"Defiance County","p020","2024",65.7
-84.342,41.209,"Defiance County","p020","2024",65.7
-84.457,41.209,"Defiance County","p020","2024",65.7
-84.457,41.253,"Defiance County","p020","2024",65.7
-84.804,41.253,"Defiance County","p020","2024",65.7
-84.804,41.426,"Defiance County","p020","2024",65.7
-83.249,40.444,"Delaware County","p021","2024",84.3
-83.021,40.434,"Delaware County","p021","2024",84.3
-82.925,40.415,"Delaware County","p021","2024",84.3
-82.93,40.358,"Delaware County","p021","2024",84.3
-82.745,40.35,"Delaware County","p021","2024",84.3
-82.762,40.126,"Delaware County","p021","2024",84.3
-83.17,40.143,"Delaware County","p021","2024",84.3
-83.172,40.244,"Delaware County","p021","2024",84.3
-83.248,40.244,"Delaware County","p021","2024",84.3
-83.249,40.444,"Delaware County","p021","2024",84.3
-82.952,41.458,"Erie County","p022","2024",68.3
-82.73,41.479,"Erie County","p022","2024",68.3
-82.691,41.497,"Erie County","p022","2024",68.3
-82.617,41.428,"Erie County","p022","2024",68.3
-82.533,41.391,"Erie County","p022","2024",68.3
-82.461,41.386,"Erie County","p022","2024",68.3
-82.348,41.427,"Erie County","p022","2024",68.3
-82.342,41.284,"Erie County","p022","2024",68.3
-82.841,41.29,"Erie County","p022","2024",68.3
-82.848,41.43,"Erie County","p022","2024",68.3
-82.952,41.458,"Erie County","p022","2024",68.3
-82.824,39.795,"Fairfield County","p023","2024",70
-82.794,39.911,"Fairfield County","p023","2024",70
-82.811,39.932,"Fairfield County","p023","2024",70
-82.782,39.94,"Fairfield County","p023","2024",70
-82.493,39.926,"Fairfield County","p023","2024",70
-82.463,39.93,"Fairfield County","p023","2024",70
-82.472,39.837,"Fairfield County","p023","2024",70
-82.397,39.833,"Fairfield County","p023","2024",70
-82.375,39.655,"Fairfield County","p023","2024",70
-82.49,39.662,"Fairfield County","p023","2024",70
-82.496,39.603,"Fairfield County","p023","2024",70
-82.618,39.609,"Fairfield County","p023","2024",70
-82.62,39.564,"Fairfield County","p023","2024",70
-82.732,39.554,"Fairfield County","p023","2024",70
-82.843,39.561,"Fairfield County","p023","2024",70
-82.824,39.795,"Fairfield County","p023","2024",70
-83.653,39.717,"Fayette County","p024","2024",58.2
-83.252,39.695,"Fayette County","p024","2024",58.2
-83.267,39.516,"Fayette County","p024","2024",58.2
-83.373,39.377,"Fayette County","p024","2024",58.2
-83.591,39.379,"Fayette County","p024","2024",58.2
-83.576,39.545,"Fayette County","p024","2024",58.2
-83.67,39.55,"Fayette County","p024","2024",58.2
-83.653,39.717,"Fayette County","p024","2024",58.2
-83.255,40.048,"Franklin County","p025","2024",64.3
-83.17,40.143,"Franklin County","p025","2024",64.3
-82.762,40.126,"Franklin County","p025","2024",64.3
-82.774,39.976,"Franklin County","p025","2024",64.3
-82.782,39.94,"Franklin County","p025","2024",64.3
-82.811,39.932,"Franklin County","p025","2024",64.3
-82.794,39.911,"Franklin County","p025","2024",64.3
-82.824,39.795,"Franklin County","p025","2024",64.3
-83.244,39.813,"Franklin County","p025","2024",64.3
-83.255,40.048,"Franklin County","p025","2024",64.3
-84.4,41.706,"Fulton County","p026","2024",70.8
-83.88,41.72,"Fulton County","p026","2024",70.8
-83.883,41.488,"Fulton County","p026","2024",70.8
-84.342,41.486,"Fulton County","p026","2024",70.8
-84.342,41.514,"Fulton County","p026","2024",70.8
-84.381,41.514,"Fulton County","p026","2024",70.8
-84.381,41.617,"Fulton County","p026","2024",70.8
-84.4,41.706,"Fulton County","p026","2024",70.8
-82.576,38.844,"Gallia County","p027","2024",59.2
-82.455,38.845,"Gallia County","p027","2024",59.2
-82.435,39.035,"Gallia County","p027","2024",59.2
-82.095,39.003,"Gallia County","p027","2024",59.2
-82.099,38.961,"Gallia County","p027","2024",59.2
-82.135,38.906,"Gallia County","p027","2024",59.2
-82.162,38.825,"Gallia County","p027","2024",59.2
-82.209,38.803,"Gallia County","p027","2024",59.2
-82.175,38.608,"Gallia County","p027","2024",59.2
-82.219,38.592,"Gallia County","p027","2024",59.2
-82.274,38.594,"Gallia County","p027","2024",59.2
-82.282,38.58,"Gallia County","p027","2024",59.2
-82.362,38.585,"Gallia County","p027","2024",59.2
-82.354,38.676,"Gallia County","p027","2024",59.2
-82.472,38.682,"Gallia County","p027","2024",59.2
-82.484,38.772,"Gallia County","p027","2024",59.2
-82.583,38.779,"Gallia County","p027","2024",59.2
-82.576,38.844,"Gallia County","p027","2024",59.2
-81.392,41.424,"Geauga County","p028","2024",75.1
-81.375,41.431,"Geauga County","p028","2024",75.1
-81.391,41.57,"Geauga County","p028","2024",75.1
-81.296,41.57,"Geauga County","p028","2024",75.1
-81.295,41.641,"Geauga County","p028","2024",75.1
-81.101,41.641,"Geauga County","p028","2024",75.1
-81.102,41.714,"Geauga County","p028","2024",75.1
-81.003,41.715,"Geauga County","p028","2024",75.1
-81.003,41.348,"Geauga County","p028","2024",75.1
-81.392,41.348,"Geauga County","p028","2024",75.1
-81.392,41.424,"Geauga County","p028","2024",75.1
-84.093,39.838,"Greene County","p029","2024",69.5
-84.054,39.851,"Greene County","p029","2024",69.5
-83.94,39.843,"Greene County","p029","2024",69.5
-83.941,39.829,"Greene County","p029","2024",69.5
-83.827,39.823,"Greene County","p029","2024",69.5
-83.829,39.798,"Greene County","p029","2024",69.5
-83.647,39.773,"Greene County","p029","2024",69.5
-83.67,39.55,"Greene County","p029","2024",69.5
-84.114,39.578,"Greene County","p029","2024",69.5
-84.093,39.838,"Greene County","p029","2024",69.5
-81.716,40.152,"Guernsey County","p030","2024",60.2
-81.671,40.151,"Guernsey County","p030","2024",60.2
-81.622,40.221,"Guernsey County","p030","2024",60.2
-81.338,40.214,"Guernsey County","p030","2024",60.2
-81.34,40.172,"Guernsey County","p030","2024",60.2
-81.226,40.17,"Guernsey County","p030","2024",60.2
-81.234,39.951,"Guernsey County","p030","2024",60.2
-81.386,39.951,"Guernsey County","p030","2024",60.2
-81.464,39.895,"Guernsey County","p030","2024",60.2
-81.579,39.898,"Guernsey County","p030","2024",60.2
-81.58,39.839,"Guernsey County","p030","2024",60.2
-81.694,39.843,"Guernsey County","p030","2024",60.2
-81.729,39.932,"Guernsey County","p030","2024",60.2
-81.716,40.152,"Guernsey County","p030","2024",60.2
-84.82,39.227,"Hamilton County","p031","2024",67.7
-84.819,39.305,"Hamilton County","p031","2024",67.7
-84.63,39.312,"Hamilton County","p031","2024",67.7
-84.262,39.288,"Hamilton County","p031","2024",67.7
-84.259,39.271,"Hamilton County","p031","2024",67.7
-84.32,39.224,"Hamilton County","p031","2024",67.7
-84.299,39.174,"Hamilton County","p031","2024",67.7
-84.321,39.021,"Hamilton County","p031","2024",67.7
-84.401,39.046,"Hamilton County","p031","2024",67.7
-84.433,39.084,"Hamilton County","p031","2024",67.7
-84.445,39.114,"Hamilton County","p031","2024",67.7
-84.462,39.122,"Hamilton County","p031","2024",67.7
-84.481,39.117,"Hamilton County","p031","2024",67.7
-84.494,39.102,"Hamilton County","p031","2024",67.7
-84.551,39.099,"Hamilton County","p031","2024",67.7
-84.608,39.073,"Hamilton County","p031","2024",67.7
-84.677,39.098,"Hamilton County","p031","2024",67.7
-84.714,39.133,"Hamilton County","p031","2024",67.7
-84.751,39.147,"Hamilton County","p031","2024",67.7
-84.82,39.105,"Hamilton County","p031","2024",67.7
-84.82,39.227,"Hamilton County","p031","2024",67.7
-83.881,41.168,"Hancock County","p032","2024",67.3
-83.421,41.167,"Hancock County","p032","2024",67.3
-83.42,40.992,"Hancock County","p032","2024",67.3
-83.458,40.992,"Hancock County","p032","2024",67.3
-83.515,40.905,"Hancock County","p032","2024",67.3
-83.516,40.818,"Hancock County","p032","2024",67.3
-83.88,40.82,"Hancock County","p032","2024",67.3
-83.881,41.168,"Hancock County","p032","2024",67.3
-83.88,40.82,"Hardin County","p033","2024",55.8
-83.496,40.818,"Hardin County","p033","2024",55.8
-83.496,40.702,"Hardin County","p033","2024",55.8
-83.42,40.687,"Hardin County","p033","2024",55.8
-83.419,40.505,"Hardin County","p033","2024",55.8
-83.52,40.504,"Hardin County","p033","2024",55.8
-83.88,40.532,"Hardin County","p033","2024",55.8
-83.88,40.82,"Hardin County","p033","2024",55.8
-81.338,40.214,"Harrison County","p034","2024",63.8
-81.335,40.304,"Harrison County","p034","2024",63.8
-81.274,40.333,"Harrison County","p034","2024",63.8
-81.27,40.433,"Harrison County","p034","2024",63.8
-80.866,40.423,"Harrison County","p034","2024",63.8
-80.883,40.159,"Harrison County","p034","2024",63.8
-81.34,40.172,"Harrison County","p034","2024",63.8
-81.338,40.214,"Harrison County","p034","2024",63.8
-84.342,41.486,"Henry County","p035","2024",71.8
-83.883,41.488,"Henry County","p035","2024",71.8
-83.881,41.168,"Henry County","p035","2024",71.8
-84.228,41.166,"Henry County","p035","2024",71.8
-84.228,41.428,"Henry County","p035","2024",71.8
-84.342,41.428,"Henry County","p035","2024",71.8
-84.342,41.486,"Henry County","p035","2024",71.8
-83.866,39.247,"Highland County","p036","2024",61.2
-83.814,39.223,"Highland County","p036","2024",61.2
-83.785,39.263,"Highland County","p036","2024",61.2
-83.591,39.379,"Highland County","p036","2024",61.2
-83.373,39.377,"Highland County","p036","2024",61.2
-83.394,39.268,"Highland County","p036","2024",61.2
-83.354,39.198,"Highland County","p036","2024",61.2
-83.386,39.055,"Highland County","p036","2024",61.2
-83.612,39.019,"Highland County","p036","2024",61.2
-83.872,39.021,"Highland County","p036","2024",61.2
-83.866,39.247,"Highland County","p036","2024",61.2
-82.741,39.468,"Hocking County","p037","2024",62.5
-82.732,39.554,"Hocking County","p037","2024",62.5
-82.62,39.564,"Hocking County","p037","2024",62.5
-82.618,39.609,"Hocking County","p037","2024",62.5
-82.496,39.603,"Hocking County","p037","2024",62.5
-82.49,39.662,"Hocking County","p037","2024",62.5
-82.375,39.655,"Hocking County","p037","2024",62.5
-82.38,39.597,"Hocking County","p037","2024",62.5
-82.262,39.591,"Hocking County","p037","2024",62.5
-82.264,39.562,"Hocking County","p037","2024",62.5
-82.159,39.557,"Hocking County","p037","2024",62.5
-82.167,39.466,"Hocking County","p037","2024",62.5
-82.28,39.473,"Hocking County","p037","2024",62.5
-82.29,39.384,"Hocking County","p037","2024",62.5
-82.514,39.396,"Hocking County","p037","2024",62.5
-82.518,39.369,"Hocking County","p037","2024",62.5
-82.749,39.368,"Hocking County","p037","2024",62.5
-82.741,39.468,"Hocking County","p037","2024",62.5
-82.221,40.667,"Holmes County","p038","2024",40.9
-81.65,40.668,"Holmes County","p038","2024",40.9
-81.67,40.444,"Holmes County","p038","2024",40.9
-82.184,40.456,"Holmes County","p038","2024",40.9
-82.179,40.573,"Holmes County","p038","2024",40.9
-82.22,40.568,"Holmes County","p038","2024",40.9
-82.221,40.667,"Holmes County","p038","2024",40.9
-82.841,41.29,"Huron County","p039","2024",62.5
-82.342,41.284,"Huron County","p039","2024",62.5
-82.336,41.066,"Huron County","p039","2024",62.5
-82.437,41.065,"Huron County","p039","2024",62.5
-82.433,40.993,"Huron County","p039","2024",62.5
-82.83,40.997,"Huron County","p039","2024",62.5
-82.841,41.29,"Huron County","p039","2024",62.5
-82.786,39.169,"Jackson County","p040","2024",58.3
-82.763,39.208,"Jackson County","p040","2024",58.3
-82.536,39.181,"Jackson County","p040","2024",58.3
-82.54,39.144,"Jackson County","p040","2024",58.3
-82.425,39.138,"Jackson County","p040","2024",58.3
-82.455,38.845,"Jackson County","p040","2024",58.3
-82.761,38.855,"Jackson County","p040","2024",58.3
-82.753,38.945,"Jackson County","p040","2024",58.3
-82.807,38.948,"Jackson County","p040","2024",58.3
-82.786,39.169,"Jackson County","p040","2024",58.3
-80.925,40.468,"Jefferson County","p041","2024",61.3
-80.921,40.556,"Jefferson County","p041","2024",61.3
-80.864,40.555,"Jefferson County","p041","2024",61.3
-80.862,40.599,"Jefferson County","p041","2024",61.3
-80.747,40.597,"Jefferson County","p041","2024",61.3
-80.668,40.582,"Jefferson County","p041","2024",61.3
-80.622,40.52,"Jefferson County","p041","2024",61.3
-80.605,40.447,"Jefferson County","p041","2024",61.3
-80.632,40.385,"Jefferson County","p041","2024",61.3
-80.607,40.304,"Jefferson County","p041","2024",61.3
-80.703,40.157,"Jefferson County","p041","2024",61.3
-80.883,40.159,"Jefferson County","p041","2024",61.3
-80.866,40.423,"Jefferson County","p041","2024",61.3
-80.942,40.425,"Jefferson County","p041","2024",61.3
-80.925,40.468,"Jefferson County","p041","2024",61.3
-82.745,40.35,"Knox County","p042","2024",67.4
-82.647,40.345,"Knox County","p042","2024",67.4
-82.624,40.55,"Knox County","p042","2024",67.4
-82.375,40.551,"Knox County","p042","2024",67.4
-82.179,40.573,"Knox County","p042","2024",67.4
-82.196,40.239,"Knox County","p042","2024",67.4
-82.477,40.246,"Knox County","p042","2024",67.4
-82.476,40.265,"Knox County","p042","2024",67.4
-82.751,40.277,"Knox County","p042","2024",67.4
-82.745,40.35,"Knox County","p042","2024",67.4
-81.489,41.634,"Lake County","p043","2024",70.9
-81.389,41.707,"Lake County","p043","2024",70.9
-81.287,41.76,"Lake County","p043","2024",70.9
-81.184,41.787,"Lake County","p043","2024",70.9
-81.052,41.84,"Lake County","p043","2024",70.9
-81.002,41.849,"Lake County","p043","2024",70.9
-81.003,41.715,"Lake County","p043","2024",70.9
-81.102,41.714,"Lake County","p043","2024",70.9
-81.101,41.641,"Lake County","p043","2024",70.9
-81.295,41.641,"Lake County","p043","2024",70.9
-81.296,41.57,"Lake County","p043","2024",70.9
-81.488,41.57,"Lake County","p043","2024",70.9
-81.489,41.634,"Lake County","p043","2024",70.9
-82.812,38.572,"Lawrence County","p044","2024",61.1
-82.74,38.597,"Lawrence County","p044","2024",61.1
-82.764,38.68,"Lawrence County","p044","2024",61.1
-82.707,38.677,"Lawrence County","p044","2024",61.1
-82.663,38.748,"Lawrence County","p044","2024",61.1
-82.65,38.849,"Lawrence County","p044","2024",61.1
-82.576,38.844,"Lawrence County","p044","2024",61.1
-82.583,38.779,"Lawrence County","p044","2024",61.1
-82.484,38.772,"Lawrence County","p044","2024",61.1
-82.472,38.682,"Lawrence County","p044","2024",61.1
-82.354,38.676,"Lawrence County","p044","2024",61.1
-82.362,38.585,"Lawrence County","p044","2024",61.1
-82.282,38.58,"Lawrence County","p044","2024",61.1
-82.324,38.449,"Lawrence County","p044","2024",61.1
-82.561,38.404,"Lawrence County","p044","2024",61.1
-82.594,38.422,"Lawrence County","p044","2024",61.1
-82.618,38.477,"Lawrence County","p044","2024",61.1
-82.725,38.558,"Lawrence County","p044","2024",61.1
-82.8,38.563,"Lawrence County","p044","2024",61.1
-82.812,38.572,"Lawrence County","p044","2024",61.1
-82.774,39.976,"Licking County","p045","2024",69.8
-82.751,40.277,"Licking County","p045","2024",69.8
-82.476,40.265,"Licking County","p045","2024",69.8
-82.477,40.246,"Licking County","p045","2024",69.8
-82.196,40.239,"Licking County","p045","2024",69.8
-82.183,40.227,"Licking County","p045","2024",69.8
-82.199,39.95,"Licking County","p045","2024",69.8
-82.234,39.913,"Licking County","p045","2024",69.8
-82.463,39.93,"Licking County","p045","2024",69.8
-82.493,39.926,"Licking County","p045","2024",69.8
-82.782,39.94,"Licking County","p045","2024",69.8
-82.774,39.976,"Licking County","p045","2024",69.8
-84.01,40.318,"Logan County","p046","2024",67.5
-84.004,40.329,"Logan County","p046","2024",67.5
-84.002,40.483,"Logan County","p046","2024",67.5
-83.994,40.535,"Logan County","p046","2024",67.5
-83.88,40.539,"Logan County","p046","2024",67.5
-83.88,40.532,"Logan County","p046","2024",67.5
-83.52,40.504,"Logan County","p046","2024",67.5
-83.551,40.229,"Logan County","p046","2024",67.5
-83.784,40.26,"Logan County","p046","2024",67.5
-84.015,40.273,"Logan County","p046","2024",67.5
-84.01,40.318,"Logan County","p046","2024",67.5
-82.348,41.427,"Lorain County","p047","2024",65.7
-82.268,41.431,"Lorain County","p047","2024",65.7
-82.182,41.472,"Lorain County","p047","2024",65.7
-81.995,41.514,"Lorain County","p047","2024",65.7
-81.968,41.504,"Lorain County","p047","2024",65.7
-81.971,41.351,"Lorain County","p047","2024",65.7
-81.877,41.351,"Lorain County","p047","2024",65.7
-81.878,41.275,"Lorain County","p047","2024",65.7
-81.972,41.275,"Lorain County","p047","2024",65.7
-81.974,41.2,"Lorain County","p047","2024",65.7
-82.072,41.2,"Lorain County","p047","2024",65.7
-82.074,41.136,"Lorain County","p047","2024",65.7
-82.17,41.137,"Lorain County","p047","2024",65.7
-82.171,41.064,"Lorain County","p047","2024",65.7
-82.336,41.066,"Lorain County","p047","2024",65.7
-82.348,41.427,"Lorain County","p047","2024",65.7
-83.883,41.488,"Lucas County","p048","2024",59.7
-83.88,41.72,"Lucas County","p048","2024",59.7
-83.454,41.733,"Lucas County","p048","2024",59.7
-83.41,41.691,"Lucas County","p048","2024",59.7
-83.327,41.702,"Lucas County","p048","2024",59.7
-83.232,41.644,"Lucas County","p048","2024",59.7
-83.164,41.624,"Lucas County","p048","2024",59.7
-83.57,41.617,"Lucas County","p048","2024",59.7
-83.7,41.534,"Lucas County","p048","2024",59.7
-83.729,41.486,"Lucas County","p048","2024",59.7
-83.854,41.414,"Lucas County","p048","2024",59.7
-83.883,41.415,"Lucas County","p048","2024",59.7
-83.883,41.488,"Lucas County","p048","2024",59.7
-83.647,39.773,"Madison County","p049","2024",59.6
-83.59,39.769,"Madison County","p049","2024",59.6
-83.516,40.011,"Madison County","p049","2024",59.6
-83.504,40.111,"Madison County","p049","2024",59.6
-83.206,40.108,"Madison County","p049","2024",59.6
-83.255,40.048,"Madison County","p049","2024",59.6
-83.244,39.813,"Madison County","p049","2024",59.6
-83.252,39.695,"Madison County","p049","2024",59.6
-83.653,39.717,"Madison County","p049","2024",59.6
-83.647,39.773,"Madison County","p049","2024",59.6
-81.086,40.988,"Mahoning County","p050","2024",64
-81.002,40.988,"Mahoning County","p050","2024",64
-81.002,41.134,"Mahoning County","p050","2024",64
-80.519,41.133,"Mahoning County","p050","2024",64
-80.52,40.9,"Mahoning County","p050","2024",64
-80.822,40.901,"Mahoning County","p050","2024",64
-80.896,40.93,"Mahoning County","p050","2024",64
-81.087,40.902,"Mahoning County","p050","2024",64
-81.086,40.988,"Mahoning County","p050","2024",64
-83.42,40.687,"Marion County","p051","2024",54.4
-83.311,40.687,"Marion County","p051","2024",54.4
-83.305,40.702,"Marion County","p051","2024",54.4
-82.858,40.705,"Marion County","p051","2024",54.4
-82.86,40.646,"Marion County","p051","2024",54.4
-82.958,40.645,"Marion County","p051","2024",54.4
-82.958,40.491,"Marion County","p051","2024",54.4
-83.021,40.434,"Marion County","p051","2024",54.4
-83.249,40.444,"Marion County","p051","2024",54.4
-83.248,40.507,"Marion County","p051","2024",54.4
-83.419,40.505,"Marion County","p051","2024",54.4
-83.42,40.687,"Marion County","p051","2024",54.4
-82.171,41.064,"Medina County","p052","2024",75.9
-82.17,41.137,"Medina County","p052","2024",75.9
-82.074,41.136,"Medina County","p052","2024",75.9
-82.072,41.2,"Medina County","p052","2024",75.9
-81.974,41.2,"Medina County","p052","2024",75.9
-81.972,41.275,"Medina County","p052","2024",75.9
-81.685,41.277,"Medina County","p052","2024",75.9
-81.688,40.989,"Medina County","p052","2024",75.9
-82.173,40.992,"Medina County","p052","2024",75.9
-82.171,41.064,"Medina County","p052","2024",75.9
-82.307,39.205,"Meigs County","p053","2024",60.9
-81.752,39.181,"Meigs County","p053","2024",60.9
-81.743,39.107,"Meigs County","p053","2024",60.9
-81.808,39.084,"Meigs County","p053","2024",60.9
-81.776,38.981,"Meigs County","p053","2024",60.9
-81.827,38.946,"Meigs County","p053","2024",60.9
-81.898,38.93,"Meigs County","p053","2024",60.9
-81.942,38.993,"Meigs County","p053","2024",60.9
-82.007,39.03,"Meigs County","p053","2024",60.9
-82.042,39.018,"Meigs County","p053","2024",60.9
-82.099,38.961,"Meigs County","p053","2024",60.9
-82.095,39.003,"Meigs County","p053","2024",60.9
-82.323,39.028,"Meigs County","p053","2024",60.9
-82.307,39.205,"Meigs County","p053","2024",60.9
-84.804,40.353,"Mercer County","p054","2024",77.1
-84.802,40.728,"Mercer County","p054","2024",77.1
-84.456,40.728,"Mercer County","p054","2024",77.1
-84.456,40.364,"Mercer County","p054","2024",77.1
-84.435,40.354,"Mercer County","p054","2024",77.1
-84.804,40.353,"Mercer County","p054","2024",77.1
-84.433,40.197,"Miami County","p055","2024",71.3
-84.219,40.2,"Miami County","p055","2024",71.3
-84.023,40.184,"Miami County","p055","2024",71.3
-84.051,39.88,"Miami County","p055","2024",71.3
-84.157,39.886,"Miami County","p055","2024",71.3
-84.158,39.923,"Miami County","p055","2024",71.3
-84.426,39.92,"Miami County","p055","2024",71.3
-84.433,40.197,"Miami County","p055","2024",71.3
-81.314,39.869,"Monroe County","p056","2024",65.7
-80.823,39.85,"Monroe County","p056","2024",65.7
-80.825,39.801,"Monroe County","p056","2024",65.7
-80.87,39.764,"Monroe County","p056","2024",65.7
-80.83,39.712,"Monroe County","p056","2024",65.7
-80.866,39.663,"Monroe County","p056","2024",65.7
-81.037,39.538,"Monroe County","p056","2024",65.7
-81.037,39.572,"Monroe County","p056","2024",65.7
-81.283,39.606,"Monroe County","p056","2024",65.7
-81.281,39.707,"Monroe County","p056","2024",65.7
-81.314,39.869,"Monroe County","p056","2024",65.7
-84.485,39.918,"Montgomery County","p057","2024",63.8
-84.158,39.923,"Montgomery County","p057","2024",63.8
-84.157,39.886,"Montgomery County","p057","2024",63.8
-84.051,39.88,"Montgomery County","p057","2024",63.8
-84.054,39.851,"Montgomery County","p057","2024",63.8
-84.093,39.838,"Montgomery County","p057","2024",63.8
-84.114,39.578,"Montgomery County","p057","2024",63.8
-84.286,39.59,"Montgomery County","p057","2024",63.8
-84.479,39.591,"Montgomery County","p057","2024",63.8
-84.485,39.918,"Montgomery County","p057","2024",63.8
-82.077,39.771,"Morgan County","p058","2024",64.1
-81.64,39.753,"Morgan County","p058","2024",64.1
-81.643,39.666,"Morgan County","p058","2024",64.1
-81.586,39.664,"Morgan County","p058","2024",64.1
-81.588,39.587,"Morgan County","p058","2024",64.1
-81.713,39.585,"Morgan County","p058","2024",64.1
-81.709,39.481,"Morgan County","p058","2024",64.1
-81.823,39.494,"Morgan County","p058","2024",64.1
-81.845,39.45,"Morgan County","p058","2024",64.1
-82.056,39.46,"Morgan County","p058","2024",64.1
-82.024,39.725,"Morgan County","p058","2024",64.1
-82.08,39.728,"Morgan County","p058","2024",64.1
-82.077,39.771,"Morgan County","p058","2024",64.1
-82.958,40.491,"Morrow County","p059","2024",69.1
-82.958,40.645,"Morrow County","p059","2024",69.1
-82.86,40.646,"Morrow County","p059","2024",69.1
-82.858,40.705,"Morrow County","p059","2024",69.1
-82.839,40.713,"Morrow County","p059","2024",69.1
-82.627,40.709,"Morrow County","p059","2024",69.1
-82.645,40.666,"Morrow County","p059","2024",69.1
-82.624,40.55,"Morrow County","p059","2024",69.1
-82.647,40.345,"Morrow County","p059","2024",69.1
-82.93,40.358,"Morrow County","p059","2024",69.1
-82.925,40.415,"Morrow County","p059","2024",69.1
-83.021,40.434,"Morrow County","p059","2024",69.1
-82.958,40.491,"Morrow County","p059","2024",69.1
-82.199,39.95,"Muskingum County","p060","2024",59.9
-82.187,40.167,"Muskingum County","p060","2024",59.9
-81.716,40.152,"Muskingum County","p060","2024",59.9
-81.729,39.932,"Muskingum County","p060","2024",59.9
-81.694,39.843,"Muskingum County","p060","2024",59.9
-81.697,39.756,"Muskingum County","p060","2024",59.9
-82.077,39.771,"Muskingum County","p060","2024",59.9
-82.073,39.816,"Muskingum County","p060","2024",59.9
-82.17,39.821,"Muskingum County","p060","2024",59.9
-82.162,39.909,"Muskingum County","p060","2024",59.9
-82.234,39.913,"Muskingum County","p060","2024",59.9
-82.199,39.95,"Muskingum County","p060","2024",59.9
-81.694,39.843,"Noble County","p061","2024",54.2
-81.58,39.839,"Noble County","p061","2024",54.2
-81.579,39.898,"Noble County","p061","2024",54.2
-81.464,39.895,"Noble County","p061","2024",54.2
-81.386,39.951,"Noble County","p061","2024",54.2
-81.234,39.951,"Noble County","p061","2024",54.2
-81.237,39.868,"Noble County","p061","2024",54.2
-81.314,39.869,"Noble County","p061","2024",54.2
-81.281,39.707,"Noble County","p061","2024",54.2
-81.283,39.606,"Noble County","p061","2024",54.2
-81.395,39.602,"Noble County","p061","2024",54.2
-81.473,39.646,"Noble County","p061","2024",54.2
-81.473,39.583,"Noble County","p061","2024",54.2
-81.588,39.587,"Noble County","p061","2024",54.2
-81.586,39.664,"Noble County","p061","2024",54.2
-81.643,39.666,"Noble County","p061","2024",54.2
-81.64,39.753,"Noble County","p061","2024",54.2
-81.697,39.756,"Noble County","p061","2024",54.2
-81.694,39.843,"Noble County","p061","2024",54.2
-82.863,41.694,"Ottawa County","p062","2024",73.8
-82.826,41.723,"Ottawa County","p062","2024",73.8
-82.783,41.694,"Ottawa County","p062","2024",73.8
-82.789,41.643,"Ottawa County","p062","2024",73.8
-82.842,41.628,"Ottawa County","p062","2024",73.8
-82.863,41.694,"Ottawa County","p062","2024",73.8
-83.416,41.619,"Ottawa County","p063","2024",73.8
-83.164,41.624,"Ottawa County","p063","2024",73.8
-83.067,41.595,"Ottawa County","p063","2024",73.8
-83.028,41.556,"Ottawa County","p063","2024",73.8
-82.934,41.514,"Ottawa County","p063","2024",73.8
-82.86,41.576,"Ottawa County","p063","2024",73.8
-82.834,41.588,"Ottawa County","p063","2024",73.8
-82.718,41.542,"Ottawa County","p063","2024",73.8
-82.691,41.497,"Ottawa County","p063","2024",73.8
-82.73,41.479,"Ottawa County","p063","2024",73.8
-82.952,41.458,"Ottawa County","p063","2024",73.8
-83.338,41.458,"Ottawa County","p063","2024",73.8
-83.415,41.5,"Ottawa County","p063","2024",73.8
-83.416,41.619,"Ottawa County","p063","2024",73.8
-84.804,41.253,"Paulding County","p064","2024",66.7
-84.457,41.253,"Paulding County","p064","2024",66.7
-84.457,41.209,"Paulding County","p064","2024",66.7
-84.342,41.209,"Paulding County","p064","2024",66.7
-84.342,40.991,"Paulding County","p064","2024",66.7
-84.803,40.989,"Paulding County","p064","2024",66.7
-84.804,41.253,"Paulding County","p064","2024",66.7
-82.463,39.93,"Perry County","p065","2024",63.6
-82.162,39.909,"Perry County","p065","2024",63.6
-82.17,39.821,"Perry County","p065","2024",63.6
-82.073,39.816,"Perry County","p065","2024",63.6
-82.08,39.728,"Perry County","p065","2024",63.6
-82.024,39.725,"Perry County","p065","2024",63.6
-82.038,39.569,"Perry County","p065","2024",63.6
-82.048,39.551,"Perry County","p065","2024",63.6
-82.264,39.562,"Perry County","p065","2024",63.6
-82.262,39.591,"Perry County","p065","2024",63.6
-82.38,39.597,"Perry County","p065","2024",63.6
-82.375,39.655,"Perry County","p065","2024",63.6
-82.397,39.833,"Perry County","p065","2024",63.6
-82.472,39.837,"Perry County","p065","2024",63.6
-82.463,39.93,"Perry County","p065","2024",63.6
-83.252,39.695,"Pickaway County","p066","2024",63
-83.244,39.813,"Pickaway County","p066","2024",63
-82.824,39.795,"Pickaway County","p066","2024",63
-82.843,39.561,"Pickaway County","p066","2024",63
-82.732,39.554,"Pickaway County","p066","2024",63
-82.741,39.468,"Pickaway County","p066","2024",63
-82.998,39.48,"Pickaway County","p066","2024",63
-82.985,39.507,"Pickaway County","p066","2024",63
-83.267,39.516,"Pickaway County","p066","2024",63
-83.252,39.695,"Pickaway County","p066","2024",63
-83.354,39.198,"Pike County","p067","2024",59.9
-82.786,39.169,"Pike County","p067","2024",59.9
-82.807,38.948,"Pike County","p067","2024",59.9
-83.212,38.96,"Pike County","p067","2024",59.9
-83.315,39.052,"Pike County","p067","2024",59.9
-83.386,39.055,"Pike County","p067","2024",59.9
-83.354,39.198,"Pike County","p067","2024",59.9
-81.393,41.061,"Portage County","p068","2024",65
-81.392,41.348,"Portage County","p068","2024",65
-81.003,41.348,"Portage County","p068","2024",65
-81.002,40.988,"Portage County","p068","2024",65
-81.393,40.989,"Portage County","p068","2024",65
-81.393,41.061,"Portage County","p068","2024",65
-84.814,39.727,"Preble County","p069","2024",69.3
-84.811,39.917,"Preble County","p069","2024",69.3
-84.485,39.918,"Preble County","p069","2024",69.3
-84.479,39.569,"Preble County","p069","2024",69.3
-84.816,39.568,"Preble County","p069","2024",69.3
-84.814,39.727,"Preble County","p069","2024",69.3
-84.399,40.99,"Putnam County","p070","2024",78.9
-84.342,40.991,"Putnam County","p070","2024",78.9
-84.342,41.166,"Putnam County","p070","2024",78.9
-83.881,41.168,"Putnam County","p070","2024",78.9
-83.88,40.92,"Putnam County","p070","2024",78.9
-84.11,40.905,"Putnam County","p070","2024",78.9
-84.11,40.861,"Putnam County","p070","2024",78.9
-84.341,40.859,"Putnam County","p070","2024",78.9
-84.398,40.903,"Putnam County","p070","2024",78.9
-84.399,40.99,"Putnam County","p070","2024",78.9
-82.725,40.996,"Richland County","p071","2024",60.8
-82.433,40.993,"Richland County","p071","2024",60.8
-82.421,40.824,"Richland County","p071","2024",60.8
-82.339,40.727,"Richland County","p071","2024",60.8
-82.337,40.555,"Richland County","p071","2024",60.8
-82.624,40.55,"Richland County","p071","2024",60.8
-82.645,40.666,"Richland County","p071","2024",60.8
-82.627,40.709,"Richland County","p071","2024",60.8
-82.727,40.711,"Richland County","p071","2024",60.8
-82.725,40.996,"Richland County","p071","2024",60.8
-83.373,39.377,"Ross County","p072","2024",55.4
-83.267,39.516,"Ross County","p072","2024",55.4
-82.985,39.507,"Ross County","p072","2024",55.4
-82.998,39.48,"Ross County","p072","2024",55.4
-82.741,39.468,"Ross County","p072","2024",55.4
-82.763,39.208,"Ross County","p072","2024",55.4
-82.786,39.169,"Ross County","p072","2024",55.4
-83.354,39.198,"Ross County","p072","2024",55.4
-83.394,39.268,"Ross County","p072","2024",55.4
-83.373,39.377,"Ross County","p072","2024",55.4
-83.415,41.5,"Sandusky County","p073","2024",65.9
-83.338,41.458,"Sandusky County","p073","2024",65.9
-82.952,41.458,"Sandusky County","p073","2024",65.9
-82.848,41.43,"Sandusky County","p073","2024",65.9
-82.84,41.255,"Sandusky County","p073","2024",65.9
-83.42,41.254,"Sandusky County","p073","2024",65.9
-83.415,41.5,"Sandusky County","p073","2024",65.9
-83.271,39.016,"Scioto County","p074","2024",55.7
-83.212,38.96,"Scioto County","p074","2024",55.7
-82.753,38.945,"Scioto County","p074","2024",55.7
-82.761,38.855,"Scioto County","p074","2024",55.7
-82.65,38.849,"Scioto County","p074","2024",55.7
-82.663,38.748,"Scioto County","p074","2024",55.7
-82.707,38.677,"Scioto County","p074","2024",55.7
-82.764,38.68,"Scioto County","p074","2024",55.7
-82.74,38.597,"Scioto County","p074","2024",55.7
-82.812,38.572,"Scioto County","p074","2024",55.7
-82.851,38.604,"Scioto County","p074","2024",55.7
-82.87,38.678,"Scioto County","p074","2024",55.7
-82.871,38.718,"Scioto County","p074","2024",55.7
-82.889,38.756,"Scioto County","p074","2024",55.7
-83.012,38.73,"Scioto County","p074","2024",55.7
-83.112,38.672,"Scioto County","p074","2024",55.7
-83.129,38.64,"Scioto County","p074","2024",55.7
-83.173,38.62,"Scioto County","p074","2024",55.7
-83.24,38.629,"Scioto County","p074","2024",55.7
-83.264,38.613,"Scioto County","p074","2024",55.7
-83.271,39.016,"Scioto County","p074","2024",55.7
-83.421,41.167,"Seneca County","p075","2024",60.1
-83.42,41.254,"Seneca County","p075","2024",60.1
-82.84,41.255,"Seneca County","p075","2024",60.1
-82.83,40.997,"Seneca County","p075","2024",60.1
-83.42,40.992,"Seneca County","p075","2024",60.1
-83.421,41.167,"Seneca County","p075","2024",60.1
-84.435,40.354,"Shelby County","p076","2024",70.9
-84.339,40.379,"Shelby County","p076","2024",70.9
-84.339,40.481,"Shelby County","p076","2024",70.9
-84.002,40.483,"Shelby County","p076","2024",70.9
-84.004,40.329,"Shelby County","p076","2024",70.9
-84.023,40.184,"Shelby County","p076","2024",70.9
-84.219,40.2,"Shelby County","p076","2024",70.9
-84.433,40.197,"Shelby County","p076","2024",70.9
-84.435,40.354,"Shelby County","p076","2024",70.9
-81.65,40.668,"Stark County","p077","2024",64.2
-81.648,40.914,"Stark County","p077","2024",64.2
-81.42,40.907,"Stark County","p077","2024",64.2
-81.393,40.989,"Stark County","p077","2024",64.2
-81.086,40.988,"Stark County","p077","2024",64.2
-81.087,40.728,"Stark County","p077","2024",64.2
-81.237,40.724,"Stark County","p077","2024",64.2
-81.241,40.651,"Stark County","p077","2024",64.2
-81.459,40.667,"Stark County","p077","2024",64.2
-81.509,40.65,"Stark County","p077","2024",64.2
-81.649,40.635,"Stark County","p077","2024",64.2
-81.65,40.668,"Stark County","p077","2024",64.2
-81.685,41.277,"Summit County","p078","2024",67
-81.565,41.278,"Summit County","p078","2024",67
-81.598,41.351,"Summit County","p078","2024",67
-81.392,41.348,"Summit County","p078","2024",67
-81.393,40.989,"Summit County","p078","2024",67
-81.42,40.907,"Summit County","p078","2024",67
-81.648,40.914,"Summit County","p078","2024",67
-81.648,40.989,"Summit County","p078","2024",67
-81.688,40.989,"Summit County","p078","2024",67
-81.685,41.277,"Summit County","p078","2024",67
-81.003,41.501,"Trumbull County","p079","2024",61.7
-80.519,41.499,"Trumbull County","p079","2024",61.7
-80.519,41.133,"Trumbull County","p079","2024",61.7
-81.002,41.134,"Trumbull County","p079","2024",61.7
-81.003,41.501,"Trumbull County","p079","2024",61.7
-81.709,40.445,"Tuscarawas County","p080","2024",62.6
-81.67,40.444,"Tuscarawas County","p080","2024",62.6
-81.649,40.635,"Tuscarawas County","p080","2024",62.6
-81.509,40.65,"Tuscarawas County","p080","2024",62.6
-81.459,40.667,"Tuscarawas County","p080","2024",62.6
-81.318,40.652,"Tuscarawas County","p080","2024",62.6
-81.322,40.567,"Tuscarawas County","p080","2024",62.6
-81.265,40.565,"Tuscarawas County","p080","2024",62.6
-81.274,40.333,"Tuscarawas County","p080","2024",62.6
-81.335,40.304,"Tuscarawas County","p080","2024",62.6
-81.338,40.214,"Tuscarawas County","p080","2024",62.6
-81.622,40.221,"Tuscarawas County","p080","2024",62.6
-81.616,40.368,"Tuscarawas County","p080","2024",62.6
-81.712,40.371,"Tuscarawas County","p080","2024",62.6
-81.709,40.445,"Tuscarawas County","p080","2024",62.6
-83.52,40.504,"Union County","p081","2024",76.8
-83.248,40.507,"Union County","p081","2024",76.8
-83.248,40.244,"Union County","p081","2024",76.8
-83.172,40.244,"Union County","p081","2024",76.8
-83.17,40.143,"Union County","p081","2024",76.8
-83.206,40.108,"Union County","p081","2024",76.8
-83.504,40.111,"Union County","p081","2024",76.8
-83.494,40.225,"Union County","p081","2024",76.8
-83.551,40.229,"Union County","p081","2024",76.8
-83.52,40.504,"Union County","p081","2024",76.8
-84.803,40.989,"Van Wert County","p082","2024",67.8
-84.399,40.99,"Van Wert County","p082","2024",67.8
-84.398,40.903,"Van Wert County","p082","2024",67.8
-84.341,40.859,"Van Wert County","p082","2024",67.8
-84.397,40.816,"Van Wert County","p082","2024",67.8
-84.397,40.685,"Van Wert County","p082","2024",67.8
-84.456,40.685,"Van Wert County","p082","2024",67.8
-84.456,40.728,"Van Wert County","p082","2024",67.8
-84.802,40.728,"Van Wert County","p082","2024",67.8
-84.803,40.989,"Van Wert County","p082","2024",67.8
-82.749,39.368,"Vinton County","p083","2024",58.3
-82.518,39.369,"Vinton County","p083","2024",58.3
-82.514,39.396,"Vinton County","p083","2024",58.3
-82.29,39.384,"Vinton County","p083","2024",58.3
-82.26,39.293,"Vinton County","p083","2024",58.3
-82.269,39.204,"Vinton County","p083","2024",58.3
-82.307,39.205,"Vinton County","p083","2024",58.3
-82.323,39.028,"Vinton County","p083","2024",58.3
-82.435,39.035,"Vinton County","p083","2024",58.3
-82.425,39.138,"Vinton County","p083","2024",58.3
-82.54,39.144,"Vinton County","p083","2024",58.3
-82.536,39.181,"Vinton County","p083","2024",58.3
-82.763,39.208,"Vinton County","p083","2024",58.3
-82.749,39.368,"Vinton County","p083","2024",58.3
-84.365,39.589,"Warren County","p084","2024",78.5
-83.977,39.569,"Warren County","p084","2024",78.5
-84.007,39.255,"Warren County","p084","2024",78.5
-84.259,39.271,"Warren County","p084","2024",78.5
-84.262,39.288,"Warren County","p084","2024",78.5
-84.353,39.292,"Warren County","p084","2024",78.5
-84.332,39.549,"Warren County","p084","2024",78.5
-84.365,39.589,"Warren County","p084","2024",78.5
-81.845,39.45,"Washington County","p085","2024",66.8
-81.823,39.494,"Washington County","p085","2024",66.8
-81.709,39.481,"Washington County","p085","2024",66.8
-81.713,39.585,"Washington County","p085","2024",66.8
-81.473,39.583,"Washington County","p085","2024",66.8
-81.473,39.646,"Washington County","p085","2024",66.8
-81.395,39.602,"Washington County","p085","2024",66.8
-81.283,39.606,"Washington County","p085","2024",66.8
-81.037,39.572,"Washington County","p085","2024",66.8
-81.037,39.538,"Washington County","p085","2024",66.8
-81.076,39.51,"Washington County","p085","2024",66.8
-81.129,39.449,"Washington County","p085","2024",66.8
-81.186,39.431,"Washington County","p085","2024",66.8
-81.249,39.39,"Washington County","p085","2024",66.8
-81.348,39.346,"Washington County","p085","2024",66.8
-81.394,39.352,"Washington County","p085","2024",66.8
-81.413,39.395,"Washington County","p085","2024",66.8
-81.456,39.409,"Washington County","p085","2024",66.8
-81.56,39.331,"Washington County","p085","2024",66.8
-81.565,39.276,"Washington County","p085","2024",66.8
-81.678,39.274,"Washington County","p085","2024",66.8
-81.721,39.211,"Washington County","p085","2024",66.8
-81.722,39.27,"Washington County","p085","2024",66.8
-81.818,39.273,"Washington County","p085","2024",66.8
-81.854,39.318,"Washington County","p085","2024",66.8
-81.845,39.45,"Washington County","p085","2024",66.8
-82.129,40.992,"Wayne County","p086","2024",61.8
-81.648,40.989,"Wayne County","p086","2024",61.8
-81.65,40.668,"Wayne County","p086","2024",61.8
-82.126,40.668,"Wayne County","p086","2024",61.8
-82.129,40.992,"Wayne County","p086","2024",61.8
-84.806,41.696,"Williams County","p087","2024",64.7
-84.4,41.706,"Williams County","p087","2024",64.7
-84.381,41.617,"Williams County","p087","2024",64.7
-84.381,41.514,"Williams County","p087","2024",64.7
-84.342,41.514,"Williams County","p087","2024",64.7
-84.342,41.428,"Williams County","p087","2024",64.7
-84.804,41.426,"Williams County","p087","2024",64.7
-84.806,41.696,"Williams County","p087","2024",64.7
-83.883,41.415,"Wood County","p088","2024",66.4
-83.854,41.414,"Wood County","p088","2024",66.4
-83.729,41.486,"Wood County","p088","2024",66.4
-83.7,41.534,"Wood County","p088","2024",66.4
-83.57,41.617,"Wood County","p088","2024",66.4
-83.416,41.619,"Wood County","p088","2024",66.4
-83.421,41.167,"Wood County","p088","2024",66.4
-83.881,41.168,"Wood County","p088","2024",66.4
-83.883,41.415,"Wood County","p088","2024",66.4
-83.515,40.905,"Wyandot County","p089","2024",69.7
-83.458,40.992,"Wyandot County","p089","2024",69.7
-83.113,40.993,"Wyandot County","p089","2024",69.7
-83.111,40.703,"Wyandot County","p089","2024",69.7
-83.305,40.702,"Wyandot County","p089","2024",69.7
-83.311,40.687,"Wyandot County","p089","2024",69.7
-83.42,40.687,"Wyandot County","p089","2024",69.7
-83.496,40.702,"Wyandot County","p089","2024",69.7
-83.496,40.818,"Wyandot County","p089","2024",69.7
-83.516,40.818,"Wyandot County","p089","2024",69.7
-83.515,40.905,"Wyandot County","p089","2024",69.7
