"week","lon","lat","magnitude","age"
"2011-01-01",143.17,27.25,5,"this week"
"2011-01-01",-63.14,-26.8,7,"this week"
"2011-01-01",-63.22,-26.85,5.78,"this week"
"2011-01-01",121.56,-49.16,5,"this week"
"2011-01-01",97.92,24.65,5,"this week"
"2011-01-01",167.82,-19.27,5,"this week"
"2011-01-01",-24.47,-59.41,5.1,"this week"
"2011-01-01",101.43,-4.46,5.7,"this week"
"2011-01-01",-73.33,-38.35,7.2,"this week"
"2011-01-01",149.9,-59.79,5.6,"this week"
"2011-01-01",-110.56,25.91,5,"this week"
"2011-01-01",-90.87,-41.16,5.3,"this week"
"2011-01-01",-173.1,-16.04,5.3,"this week"
"2011-01-01",139.5,-52.08,5.4,"this week"
"2011-01-01",-15.78,-44.27,5.1,"this week"
"2011-01-01",-69.49,-29.04,5.3,"this week"
"2011-01-01",142.18,31.55,5.6,"this week"
"2011-01-01",51.79,30.14,5.4,"this week"
"2011-01-01",171.63,-22.26,6.1,"this week"
"2011-01-01",100,-2.65,5.3,"this week"
"2011-01-01",-86.63,11.34,5.1,"this week"
"2011-01-01",142.24,-4.12,5.3,"this week"
"2011-01-01",175.09,-38.77,5.1,"this week"
"2011-01-01",168.33,-19.5,5.2,"this week"
"2011-01-01",167.03,-12.24,5,"this week"
"2011-01-01",-45.74,20.23,5.1,"this week"
"2011-01-01",-45.62,20.11,5.5,"this week"
"2011-01-01",90.41,4.24,5.5,"this week"
"2011-01-01",-65.34,-21.78,5.1,"this week"
"2011-01-01",168.32,-19.84,5,"this week"
"2011-01-01",-73,-35.74,5.4,"this week"
"2011-01-01",-73.59,-35.84,5.1,"this week"
"2011-01-01",-177.95,-25.45,5.3,"this week"
"2011-01-01",168.14,-19.87,5.2,"this week"
"2011-01-01",25.19,-53.52,5.4,"this week"
"2011-01-01",-0.97,-54.76,5.1,"this week"
"2011-01-01",-173.75,-19.9,5.4,"this week"
"2011-01-01",51.59,30.15,5,"this week"
"2011-01-08",143.17,27.25,5,"1 week ago"
"2011-01-08",-63.14,-26.8,7,"1 week ago"
"2011-01-08",-63.22,-26.85,5.78,"1 week ago"
"2011-01-08",121.56,-49.16,5,"1 week ago"
"2011-01-08",97.92,24.65,5,"1 week ago"
"2011-01-08",167.82,-19.27,5,"1 week ago"
"2011-01-08",-24.47,-59.41,5.1,"1 week ago"
"2011-01-08",101.43,-4.46,5.7,"1 week ago"
"2011-01-08",-73.33,-38.35,7.2,"1 week ago"
"2011-01-08",149.9,-59.79,5.6,"1 week ago"
"2011-01-08",-110.56,25.91,5,"1 week ago"
"2011-01-08",-90.87,-41.16,5.3,"1 week ago"
"2011-01-08",-173.1,-16.04,5.3,"1 week ago"
"2011-01-08",139.5,-52.08,5.4,"1 week ago"
"2011-01-08",-15.78,-44.27,5.1,"1 week ago"
"2011-01-08",-69.49,-29.04,5.3,"1 week ago"
"2011-01-08",142.18,31.55,5.6,"1 week ago"
"2011-01-08",51.79,30.14,5.4,"1 week ago"
"2011-01-08",171.63,-22.26,6.1,"1 week ago"
"2011-01-08",100,-2.65,5.3,"1 week ago"
"2011-01-08",-86.63,11.34,5.1,"1 week ago"
"2011-01-08",142.24,-4.12,5.3,"1 week ago"
"2011-01-08",175.09,-38.77,5.1,"1 week ago"
"2011-01-08",168.33,-19.5,5.2,"1 week ago"
"2011-01-08",167.03,-12.24,5,"1 week ago"
"2011-01-08",-45.74,20.23,5.1,"1 week ago"
"2011-01-08",-45.62,20.11,5.5,"1 week ago"
"2011-01-08",90.41,4.24,5.5,"1 week ago"
"2011-01-08",-65.34,-21.78,5.1,"1 week ago"
"2011-01-08",168.32,-19.84,5,"1 week ago"
"2011-01-08",-73,-35.74,5.4,"1 week ago"
"2011-01-08",-73.59,-35.84,5.1,"1 week ago"
"2011-01-08",-177.95,-25.45,5.3,"1 week ago"
"2011-01-08",168.14,-19.87,5.2,"1 week ago"
"2011-01-08",25.19,-53.52,5.4,"1 week ago"
"2011-01-08",-0.97,-54.76,5.1,"1 week ago"
"2011-01-08",-173.75,-19.9,5.4,"1 week ago"
"2011-01-08",51.59,30.15,5,"1 week ago"
"2011-01-08",51.71,30.18,5.1,"this week"
"2011-01-08",124.91,-0.03,5.6,"this week"
"2011-01-08",120.09,-1.15,5,"this week"
"2011-01-08",143.88,26.67,5.1,"this week"
"2011-01-08",168.31,-19.16,6.5,"this week"
"2011-01-08",144.38,42.4,5.1,"this week"
"2011-01-08",168.44,-19.34,5.7,"this week"
"2011-01-08",168.41,-19.3,5.5,"this week"
"2011-01-08",168.18,-19.18,5.2,"this week"
"2011-01-08",168.24,-19.16,5.3,"this week"
"2011-01-08",168.16,-19.2,6.1,"this week"
"2011-01-08",168.01,-19.3,5.5,"this week"
"2011-01-08",168.2,-19.62,5.2,"this week"
"2011-01-08",-176.03,-19.55,5.6,"this week"
"2011-01-08",43.98,12.04,5.1,"this week"
"2011-01-08",-73.06,-35.59,5.9,"this week"
"2011-01-08",143.17,23.08,5.6,"this week"
"2011-01-08",168.29,-19.72,5,"this week"
"2011-01-08",-73.17,-35.66,5,"this week"
"2011-01-08",-71.94,-35.62,5.1,"this week"
"2011-01-08",167.21,-13.27,5.5,"this week"
"2011-01-08",-10.75,-6.43,5,"this week"
"2011-01-08",143.66,26.63,5.2,"this week"
"2011-01-08",-90.06,12.51,5.1,"this week"
"2011-01-08",126.53,3.56,5.3,"this week"
"2011-01-08",-111.41,27.01,5,"this week"
"2011-01-08",105.08,-6.96,5,"this week"
"2011-01-08",147.56,-57.32,5.4,"this week"
"2011-01-08",168.4,-19.41,5.1,"this week"
"2011-01-08",139.88,26.97,6.4,"this week"
"2011-01-08",167.8,-19.15,5.2,"this week"
"2011-01-08",169.39,-18.94,5.2,"this week"
"2011-01-08",143.32,27.26,5,"this week"
"2011-01-08",127.03,6.21,5,"this week"
"2011-01-08",-179.29,-22.36,5.3,"this week"
"2011-01-08",179.46,-36.92,5.5,"this week"
"2011-01-08",168.47,-20.63,7,"this week"
"2011-01-08",168.43,-19.78,5.4,"this week"
"2011-01-08",168.35,-20.57,5.3,"this week"
"2011-01-08",168.47,-20.42,5.2,"this week"
"2011-01-08",168.73,-20.85,5.2,"this week"
"2011-01-08",168.4,-20.61,5.9,"this week"
"2011-01-08",168.43,-20.59,5.2,"this week"
"2011-01-08",168.42,-20.62,5.3,"this week"
"2011-01-08",130.25,-5.56,5,"this week"
"2011-01-08",168.4,-20.44,5.2,"this week"
"2011-01-08",168.41,-20.68,5.1,"this week"
"2011-01-08",168.4,-20.49,5,"this week"
"2011-01-08",168.44,-20.77,5,"this week"
"2011-01-08",168.45,-20.67,5.1,"this week"
"2011-01-08",163.83,-49.35,5,"this week"
"2011-01-08",-174.15,-17.04,5.1,"this week"
"2011-01-08",168.48,-20.72,5,"this week"
"2011-01-08",129.23,-6.96,5.4,"this week"
"2011-01-15",143.17,27.25,5,"2 weeks ago"
"2011-01-15",-63.14,-26.8,7,"2 weeks ago"
"2011-01-15",-63.22,-26.85,5.78,"2 weeks ago"
"2011-01-15",121.56,-49.16,5,"2 weeks ago"
"2011-01-15",97.92,24.65,5,"2 weeks ago"
"2011-01-15",167.82,-19.27,5,"2 weeks ago"
"2011-01-15",-24.47,-59.41,5.1,"2 weeks ago"
"2011-01-15",101.43,-4.46,5.7,"2 weeks ago"
"2011-01-15",-73.33,-38.35,7.2,"2 weeks ago"
"2011-01-15",149.9,-59.79,5.6,"2 weeks ago"
"2011-01-15",-110.56,25.91,5,"2 weeks ago"
"2011-01-15",-90.87,-41.16,5.3,"2 weeks ago"
"2011-01-15",-173.1,-16.04,5.3,"2 weeks ago"
"2011-01-15",139.5,-52.08,5.4,"2 weeks ago"
"2011-01-15",-15.78,-44.27,5.1,"2 weeks ago"
"2011-01-15",-69.49,-29.04,5.3,"2 weeks ago"
"2011-01-15",142.18,31.55,5.6,"2 weeks ago"
"2011-01-15",51.79,30.14,5.4,"2 weeks ago"
"2011-01-15",171.63,-22.26,6.1,"2 weeks ago"
"2011-01-15",100,-2.65,5.3,"2 weeks ago"
"2011-01-15",-86.63,11.34,5.1,"2 weeks ago"
"2011-01-15",142.24,-4.12,5.3,"2 weeks ago"
"2011-01-15",175.09,-38.77,5.1,"2 weeks ago"
"2011-01-15",168.33,-19.5,5.2,"2 weeks ago"
"2011-01-15",167.03,-12.24,5,"2 weeks ago"
"2011-01-15",-45.74,20.23,5.1,"2 weeks ago"
"2011-01-15",-45.62,20.11,5.5,"2 weeks ago"
"2011-01-15",90.41,4.24,5.5,"2 weeks ago"
"2011-01-15",-65.34,-21.78,5.1,"2 weeks ago"
"2011-01-15",168.32,-19.84,5,"2 weeks ago"
"2011-01-15",-73,-35.74,5.4,"2 weeks ago"
"2011-01-15",-73.59,-35.84,5.1,"2 weeks ago"
"2011-01-15",-177.95,-25.45,5.3,"2 weeks ago"
"2011-01-15",168.14,-19.87,5.2,"2 weeks ago"
"2011-01-15",25.19,-53.52,5.4,"2 weeks ago"
"2011-01-15",-0.97,-54.76,5.1,"2 weeks ago"
"2011-01-15",-173.75,-19.9,5.4,"2 weeks ago"
"2011-01-15",51.59,30.15,5,"2 weeks ago"
"2011-01-15",51.71,30.18,5.1,"1 week ago"
"2011-01-15",124.91,-0.03,5.6,"1 week ago"
"2011-01-15",120.09,-1.15,5,"1 week ago"
"2011-01-15",143.88,26.67,5.1,"1 week ago"
"2011-01-15",168.31,-19.16,6.5,"1 week ago"
"2011-01-15",144.38,42.4,5.1,"1 week ago"
"2011-01-15",168.44,-19.34,5.7,"1 week ago"
"2011-01-15",168.41,-19.3,5.5,"1 week ago"
"2011-01-15",168.18,-19.18,5.2,"1 week ago"
"2011-01-15",168.24,-19.16,5.3,"1 week ago"
"2011-01-15",168.16,-19.2,6.1,"1 week ago"
"2011-01-15",168.01,-19.3,5.5,"1 week ago"
"2011-01-15",168.2,-19.62,5.2,"1 week ago"
"2011-01-15",-176.03,-19.55,5.6,"1 week ago"
"2011-01-15",43.98,12.04,5.1,"1 week ago"
"2011-01-15",-73.06,-35.59,5.9,"1 week ago"
"2011-01-15",143.17,23.08,5.6,"1 week ago"
"2011-01-15",168.29,-19.72,5,"1 week ago"
"2011-01-15",-73.17,-35.66,5,"1 week ago"
"2011-01-15",-71.94,-35.62,5.1,"1 week ago"
"2011-01-15",167.21,-13.27,5.5,"1 week ago"
"2011-01-15",-10.75,-6.43,5,"1 week ago"
"2011-01-15",143.66,26.63,5.2,"1 week ago"
"2011-01-15",-90.06,12.51,5.1,"1 week ago"
"2011-01-15",126.53,3.56,5.3,"1 week ago"
"2011-01-15",-111.41,27.01,5,"1 week ago"
"2011-01-15",105.08,-6.96,5,"1 week ago"
"2011-01-15",147.56,-57.32,5.4,"1 week ago"
"2011-01-15",168.4,-19.41,5.1,"1 week ago"
"2011-01-15",139.88,26.97,6.4,"1 week ago"
"2011-01-15",167.8,-19.15,5.2,"1 week ago"
"2011-01-15",169.39,-18.94,5.2,"1 week ago"
"2011-01-15",143.32,27.26,5,"1 week ago"
"2011-01-15",127.03,6.21,5,"1 week ago"
"2011-01-15",-179.29,-22.36,5.3,"1 week ago"
"2011-01-15",179.46,-36.92,5.5,"1 week ago"
"2011-01-15",168.47,-20.63,7,"1 week ago"
"2011-01-15",168.43,-19.78,5.4,"1 week ago"
"2011-01-15",168.35,-20.57,5.3,"1 week ago"
"2011-01-15",168.47,-20.42,5.2,"1 week ago"
"2011-01-15",168.73,-20.85,5.2,"1 week ago"
"2011-01-15",168.4,-20.61,5.9,"1 week ago"
"2011-01-15",168.43,-20.59,5.2,"1 week ago"
"2011-01-15",168.42,-20.62,5.3,"1 week ago"
"2011-01-15",130.25,-5.56,5,"1 week ago"
"2011-01-15",168.4,-20.44,5.2,"1 week ago"
"2011-01-15",168.41,-20.68,5.1,"1 week ago"
"2011-01-15",168.4,-20.49,5,"1 week ago"
"2011-01-15",168.44,-20.77,5,"1 week ago"
"2011-01-15",168.45,-20.67,5.1,"1 week ago"
"2011-01-15",163.83,-49.35,5,"1 week ago"
"2011-01-15",-174.15,-17.04,5.1,"1 week ago"
"2011-01-15",168.48,-20.72,5,"1 week ago"
"2011-01-15",129.23,-6.96,5.4,"1 week ago"
"2011-01-15",168.46,-20.69,5,"this week"
"2011-01-15",167.28,-14.59,5.8,"this week"
"2011-01-15",143.38,27.24,5.1,"this week"
"2011-01-15",-109,19.7,5,"this week"
"2011-01-15",96.28,2.49,5.7,"this week"
"2011-01-15",96.27,2.37,5,"this week"
"2011-01-15",130.25,-5.65,5.7,"this week"
"2011-01-15",96.28,2.4,5.4,"this week"
"2011-01-15",141.64,34.45,5,"this week"
"2011-01-15",128.99,-6.56,5.2,"this week"
"2011-01-15",-174.28,-20.59,5.3,"this week"
"2011-01-15",-11.48,-21.12,5,"this week"
"2011-01-15",-11.55,-21.04,5.4,"this week"
"2011-01-15",100.54,-3.61,5,"this week"
"2011-01-15",174.53,52.64,5,"this week"
"2011-01-15",-71.79,-34.62,5,"this week"
"2011-01-15",102.65,-5.03,6,"this week"
"2011-01-15",-71.51,-30.32,5,"this week"
"2011-01-15",-175.96,-16.21,5.2,"this week"
"2011-01-15",175.81,-64.65,5.3,"this week"
"2011-01-15",176.4,-64.56,5.2,"this week"
"2011-01-15",-36.84,34.42,5.1,"this week"
"2011-01-15",176.18,-38.12,5,"this week"
"2011-01-15",96.4,2.63,5.9,"this week"
"2011-01-15",-26.92,-57.19,5,"this week"
"2011-01-15",63.95,28.78,7.2,"this week"
"2011-01-15",-69.4,-19.2,5.3,"this week"
"2011-01-15",72.25,39.32,5,"this week"
"2011-01-15",-178.29,51.38,5.3,"this week"
"2011-01-15",-72.45,-33.96,5.3,"this week"
"2011-01-15",42.66,41.96,5.2,"this week"
"2011-01-15",172.52,-43.61,5.1,"this week"
"2011-01-15",-175.8,-19.94,5.1,"this week"
"2011-01-15",-72.36,-33.9,5,"this week"
"2011-01-15",-27.48,-59.94,5.2,"this week"
"2011-01-15",-93.6,16.7,5,"this week"
"2011-01-15",-68.9,-19.61,5.2,"this week"
"2011-01-15",129.27,29.65,5.2,"this week"
"2011-01-15",-63.2,17.23,5,"this week"
"2011-01-15",143.48,27.16,5.1,"this week"
"2011-01-15",143.47,27.13,5.2,"this week"
"2011-01-15",154.03,-5.11,5,"this week"
"2011-01-15",-72.24,-33.97,5,"this week"
"2011-01-15",147.43,17.96,5.2,"this week"
"2011-01-15",-176.54,-19.05,5.1,"this week"
"2011-01-15",-86.29,11.58,5.2,"this week"
"2011-01-22",143.17,27.25,5,"3 weeks ago"
"2011-01-22",-63.14,-26.8,7,"3 weeks ago"
"2011-01-22",-63.22,-26.85,5.78,"3 weeks ago"
"2011-01-22",121.56,-49.16,5,"3 weeks ago"
"2011-01-22",97.92,24.65,5,"3 weeks ago"
"2011-01-22",167.82,-19.27,5,"3 weeks ago"
"2011-01-22",-24.47,-59.41,5.1,"3 weeks ago"
"2011-01-22",101.43,-4.46,5.7,"3 weeks ago"
"2011-01-22",-73.33,-38.35,7.2,"3 weeks ago"
"2011-01-22",149.9,-59.79,5.6,"3 weeks ago"
"2011-01-22",-110.56,25.91,5,"3 weeks ago"
"2011-01-22",-90.87,-41.16,5.3,"3 weeks ago"
"2011-01-22",-173.1,-16.04,5.3,"3 weeks ago"
"2011-01-22",139.5,-52.08,5.4,"3 weeks ago"
"2011-01-22",-15.78,-44.27,5.1,"3 weeks ago"
"2011-01-22",-69.49,-29.04,5.3,"3 weeks ago"
"2011-01-22",142.18,31.55,5.6,"3 weeks ago"
"2011-01-22",51.79,30.14,5.4,"3 weeks ago"
"2011-01-22",171.63,-22.26,6.1,"3 weeks ago"
"2011-01-22",100,-2.65,5.3,"3 weeks ago"
"2011-01-22",-86.63,11.34,5.1,"3 weeks ago"
"2011-01-22",142.24,-4.12,5.3,"3 weeks ago"
"2011-01-22",175.09,-38.77,5.1,"3 weeks ago"
"2011-01-22",168.33,-19.5,5.2,"3 weeks ago"
"2011-01-22",167.03,-12.24,5,"3 weeks ago"
"2011-01-22",-45.74,20.23,5.1,"3 weeks ago"
"2011-01-22",-45.62,20.11,5.5,"3 weeks ago"
"2011-01-22",90.41,4.24,5.5,"3 weeks ago"
"2011-01-22",-65.34,-21.78,5.1,"3 weeks ago"
"2011-01-22",168.32,-19.84,5,"3 weeks ago"
"2011-01-22",-73,-35.74,5.4,"3 weeks ago"
"2011-01-22",-73.59,-35.84,5.1,"3 weeks ago"
"2011-01-22",-177.95,-25.45,5.3,"3 weeks ago"
"2011-01-22",168.14,-19.87,5.2,"3 weeks ago"
"2011-01-22",25.19,-53.52,5.4,"3 weeks ago"
"2011-01-22",-0.97,-54.76,5.1,"3 weeks ago"
"2011-01-22",-173.75,-19.9,5.4,"3 weeks ago"
"2011-01-22",51.59,30.15,5,"3 weeks ago"
"2011-01-22",51.71,30.18,5.1,"2 weeks ago"
"2011-01-22",124.91,-0.03,5.6,"2 weeks ago"
"2011-01-22",120.09,-1.15,5,"2 weeks ago"
"2011-01-22",143.88,26.67,5.1,"2 weeks ago"
"2011-01-22",168.31,-19.16,6.5,"2 weeks ago"
"2011-01-22",144.38,42.4,5.1,"2 weeks ago"
"2011-01-22",168.44,-19.34,5.7,"2 weeks ago"
"2011-01-22",168.41,-19.3,5.5,"2 weeks ago"
"2011-01-22",168.18,-19.18,5.2,"2 weeks ago"
"2011-01-22",168.24,-19.16,5.3,"2 weeks ago"
"2011-01-22",168.16,-19.2,6.1,"2 weeks ago"
"2011-01-22",168.01,-19.3,5.5,"2 weeks ago"
"2011-01-22",168.2,-19.62,5.2,"2 weeks ago"
"2011-01-22",-176.03,-19.55,5.6,"2 weeks ago"
"2011-01-22",43.98,12.04,5.1,"2 weeks ago"
"2011-01-22",-73.06,-35.59,5.9,"2 weeks ago"
"2011-01-22",143.17,23.08,5.6,"2 weeks ago"
"2011-01-22",168.29,-19.72,5,"2 weeks ago"
"2011-01-22",-73.17,-35.66,5,"2 weeks ago"
"2011-01-22",-71.94,-35.62,5.1,"2 weeks ago"
"2011-01-22",167.21,-13.27,5.5,"2 weeks ago"
"2011-01-22",-10.75,-6.43,5,"2 weeks ago"
"2011-01-22",143.66,26.63,5.2,"2 weeks ago"
"2011-01-22",-90.06,12.51,5.1,"2 weeks ago"
"2011-01-22",126.53,3.56,5.3,"2 weeks ago"
"2011-01-22",-111.41,27.01,5,"2 weeks ago"
"2011-01-22",105.08,-6.96,5,"2 weeks ago"
"2011-01-22",147.56,-57.32,5.4,"2 weeks ago"
"2011-01-22",168.4,-19.41,5.1,"2 weeks ago"
"2011-01-22",139.88,26.97,6.4,"2 weeks ago"
"2011-01-22",167.8,-19.15,5.2,"2 weeks ago"
"2011-01-22",169.39,-18.94,5.2,"2 weeks ago"
"2011-01-22",143.32,27.26,5,"2 weeks ago"
"2011-01-22",127.03,6.21,5,"2 weeks ago"
"2011-01-22",-179.29,-22.36,5.3,"2 weeks ago"
"2011-01-22",179.46,-36.92,5.5,"2 weeks ago"
"2011-01-22",168.47,-20.63,7,"2 weeks ago"
"2011-01-22",168.43,-19.78,5.4,"2 weeks ago"
"2011-01-22",168.35,-20.57,5.3,"2 weeks ago"
"2011-01-22",168.47,-20.42,5.2,"2 weeks ago"
"2011-01-22",168.73,-20.85,5.2,"2 weeks ago"
"2011-01-22",168.4,-20.61,5.9,"2 weeks ago"
"2011-01-22",168.43,-20.59,5.2,"2 weeks ago"
"2011-01-22",168.42,-20.62,5.3,"2 weeks ago"
"2011-01-22",130.25,-5.56,5,"2 weeks ago"
"2011-01-22",168.4,-20.44,5.2,"2 weeks ago"
"2011-01-22",168.41,-20.68,5.1,"2 weeks ago"
"2011-01-22",168.4,-20.49,5,"2 weeks ago"
"2011-01-22",168.44,-20.77,5,"2 weeks ago"
"2011-01-22",168.45,-20.67,5.1,"2 weeks ago"
"2011-01-22",163.83,-49.35,5,"2 weeks ago"
"2011-01-22",-174.15,-17.04,5.1,"2 weeks ago"
"2011-01-22",168.48,-20.72,5,"2 weeks ago"
"2011-01-22",129.23,-6.96,5.4,"2 weeks ago"
"2011-01-22",168.46,-20.69,5,"1 week ago"
"2011-01-22",167.28,-14.59,5.8,"1 week ago"
"2011-01-22",143.38,27.24,5.1,"1 week ago"
"2011-01-22",-109,19.7,5,"1 week ago"
"2011-01-22",96.28,2.49,5.7,"1 week ago"
"2011-01-22",96.27,2.37,5,"1 week ago"
"2011-01-22",130.25,-5.65,5.7,"1 week ago"
"2011-01-22",96.28,2.4,5.4,"1 week ago"
"2011-01-22",141.64,34.45,5,"1 week ago"
"2011-01-22",128.99,-6.56,5.2,"1 week ago"
"2011-01-22",-174.28,-20.59,5.3,"1 week ago"
"2011-01-22",-11.48,-21.12,5,"1 week ago"
"2011-01-22",-11.55,-21.04,5.4,"1 week ago"
"2011-01-22",100.54,-3.61,5,"1 week ago"
"2011-01-22",174.53,52.64,5,"1 week ago"
"2011-01-22",-71.79,-34.62,5,"1 week ago"
"2011-01-22",102.65,-5.03,6,"1 week ago"
"2011-01-22",-71.51,-30.32,5,"1 week ago"
"2011-01-22",-175.96,-16.21,5.2,"1 week ago"
"2011-01-22",175.81,-64.65,5.3,"1 week ago"
"2011-01-22",176.4,-64.56,5.2,"1 week ago"
"2011-01-22",-36.84,34.42,5.1,"1 week ago"
"2011-01-22",176.18,-38.12,5,"1 week ago"
"2011-01-22",96.4,2.63,5.9,"1 week ago"
"2011-01-22",-26.92,-57.19,5,"1 week ago"
"2011-01-22",63.95,28.78,7.2,"1 week ago"
"2011-01-22",-69.4,-19.2,5.3,"1 week ago"
"2011-01-22",72.25,39.32,5,"1 week ago"
"2011-01-22",-178.29,51.38,5.3,"1 week ago"
"2011-01-22",-72.45,-33.96,5.3,"1 week ago"
"2011-01-22",42.66,41.96,5.2,"1 week ago"
"2011-01-22",172.52,-43.61,5.1,"1 week ago"
"2011-01-22",-175.8,-19.94,5.1,"1 week ago"
"2011-01-22",-72.36,-33.9,5,"1 week ago"
"2011-01-22",-27.48,-59.94,5.2,"1 week ago"
"2011-01-22",-93.6,16.7,5,"1 week ago"
"2011-01-22",-68.9,-19.61,5.2,"1 week ago"
"2011-01-22",129.27,29.65,5.2,"1 week ago"
"2011-01-22",-63.2,17.23,5,"1 week ago"
"2011-01-22",143.48,27.16,5.1,"1 week ago"
"2011-01-22",143.47,27.13,5.2,"1 week ago"
"2011-01-22",154.03,-5.11,5,"1 week ago"
"2011-01-22",-72.24,-33.97,5,"1 week ago"
"2011-01-22",147.43,17.96,5.2,"1 week ago"
"2011-01-22",-176.54,-19.05,5.1,"1 week ago"
"2011-01-22",-86.29,11.58,5.2,"1 week ago"
"2011-01-22",-104.47,15.22,5.4,"this week"
"2011-01-22",-73.06,-12.15,5,"this week"
"2011-01-22",142.9,42.36,5.1,"this week"
"2011-01-22",95.52,2.89,5.2,"this week"
"2011-01-22",95.52,2.9,5.6,"this week"
"2011-01-22",132.58,-0.49,5.1,"this week"
"2011-01-22",-150.87,63.54,5.2,"this week"
"2011-01-22",102.14,-4.25,5.3,"this week"
"2011-01-22",-72.38,-35,5.1,"this week"
"2011-01-22",144.1,26.82,5,"this week"
"2011-01-22",144.14,26.8,5,"this week"
"2011-01-22",-176.29,-20.34,5.9,"this week"
"2011-01-22",143.86,26.76,5,"this week"
"2011-01-22",143.72,26.66,5.1,"this week"
"2011-01-22",-26.96,-56.47,5.3,"this week"
"2011-01-22",-173.51,-19.2,5.7,"this week"
"2011-01-22",72.79,38.41,6,"this week"
"2011-01-22",143.38,11.9,5.1,"this week"
"2011-01-22",-179.76,-23.49,5,"this week"
"2011-01-22",-176.34,-19.29,5.1,"this week"
"2011-01-22",69.67,-22.59,5.2,"this week"
"2011-01-22",144.25,22.09,5.1,"this week"
"2011-01-22",141.12,35.13,5.1,"this week"
"2011-01-22",22.34,-52.91,5.1,"this week"
"2011-01-22",-88.55,12.23,5,"this week"
"2011-01-22",-176.08,51.42,5,"this week"
"2011-01-22",143.35,27.65,5,"this week"
"2011-01-22",-177.95,-30.06,5.4,"this week"
"2011-01-22",67.35,-18.85,5.1,"this week"
"2011-01-22",-114.32,-50.07,5,"this week"
"2011-01-22",108.24,9.89,5,"this week"
"2011-01-22",147.13,-5.48,5.3,"this week"
"2011-01-22",168.21,-18.89,5,"this week"
"2011-01-22",96.83,2.2,6.1,"this week"
"2011-01-22",-174.7,-18.08,5,"this week"
"2011-01-22",166.3,-11.01,5.7,"this week"
"2011-01-22",-173.12,-15.56,5.6,"this week"
"2011-01-22",166.36,-11.66,5.5,"this week"
"2011-01-22",59.02,28.2,6.2,"this week"
"2011-01-22",59.06,28.13,5,"this week"
"2011-01-22",139.5,-3.16,5,"this week"
"2011-01-22",176,-38.5,5.6,"this week"
"2011-01-22",143.36,27.1,5,"this week"
"2011-01-22",-173.5,-19.21,5.1,"this week"
"2011-01-22",59.07,28.15,5.2,"this week"
"2011-01-22",-178.75,-21.39,5.3,"this week"
"2011-01-22",-178.22,-19.16,5.4,"this week"
"2011-01-22",154,-5.26,5,"this week"
"2011-01-22",80.83,-41.02,5.2,"this week"
"2011-01-29",51.71,30.18,5.1,"3 weeks ago"
"2011-01-29",124.91,-0.03,5.6,"3 weeks ago"
"2011-01-29",120.09,-1.15,5,"3 weeks ago"
"2011-01-29",143.88,26.67,5.1,"3 weeks ago"
"2011-01-29",168.31,-19.16,6.5,"3 weeks ago"
"2011-01-29",144.38,42.4,5.1,"3 weeks ago"
"2011-01-29",168.44,-19.34,5.7,"3 weeks ago"
"2011-01-29",168.41,-19.3,5.5,"3 weeks ago"
"2011-01-29",168.18,-19.18,5.2,"3 weeks ago"
"2011-01-29",168.24,-19.16,5.3,"3 weeks ago"
"2011-01-29",168.16,-19.2,6.1,"3 weeks ago"
"2011-01-29",168.01,-19.3,5.5,"3 weeks ago"
"2011-01-29",168.2,-19.62,5.2,"3 weeks ago"
"2011-01-29",-176.03,-19.55,5.6,"3 weeks ago"
"2011-01-29",43.98,12.04,5.1,"3 weeks ago"
"2011-01-29",-73.06,-35.59,5.9,"3 weeks ago"
"2011-01-29",143.17,23.08,5.6,"3 weeks ago"
"2011-01-29",168.29,-19.72,5,"3 weeks ago"
"2011-01-29",-73.17,-35.66,5,"3 weeks ago"
"2011-01-29",-71.94,-35.62,5.1,"3 weeks ago"
"2011-01-29",167.21,-13.27,5.5,"3 weeks ago"
"2011-01-29",-10.75,-6.43,5,"3 weeks ago"
"2011-01-29",143.66,26.63,5.2,"3 weeks ago"
"2011-01-29",-90.06,12.51,5.1,"3 weeks ago"
"2011-01-29",126.53,3.56,5.3,"3 weeks ago"
"2011-01-29",-111.41,27.01,5,"3 weeks ago"
"2011-01-29",105.08,-6.96,5,"3 weeks ago"
"2011-01-29",147.56,-57.32,5.4,"3 weeks ago"
"2011-01-29",168.4,-19.41,5.1,"3 weeks ago"
"2011-01-29",139.88,26.97,6.4,"3 weeks ago"
"2011-01-29",167.8,-19.15,5.2,"3 weeks ago"
"2011-01-29",169.39,-18.94,5.2,"3 weeks ago"
"2011-01-29",143.32,27.26,5,"3 weeks ago"
"2011-01-29",127.03,6.21,5,"3 weeks ago"
"2011-01-29",-179.29,-22.36,5.3,"3 weeks ago"
"2011-01-29",179.46,-36.92,5.5,"3 weeks ago"
"2011-01-29",168.47,-20.63,7,"3 weeks ago"
"2011-01-29",168.43,-19.78,5.4,"3 weeks ago"
"2011-01-29",168.35,-20.57,5.3,"3 weeks ago"
"2011-01-29",168.47,-20.42,5.2,"3 weeks ago"
"2011-01-29",168.73,-20.85,5.2,"3 weeks ago"
"2011-01-29",168.4,-20.61,5.9,"3 weeks ago"
"2011-01-29",168.43,-20.59,5.2,"3 weeks ago"
"2011-01-29",168.42,-20.62,5.3,"3 weeks ago"
"2011-01-29",130.25,-5.56,5,"3 weeks ago"
"2011-01-29",168.4,-20.44,5.2,"3 weeks ago"
"2011-01-29",168.41,-20.68,5.1,"3 weeks ago"
"2011-01-29",168.4,-20.49,5,"3 weeks ago"
"2011-01-29",168.44,-20.77,5,"3 weeks ago"
"2011-01-29",168.45,-20.67,5.1,"3 weeks ago"
"2011-01-29",163.83,-49.35,5,"3 weeks ago"
"2011-01-29",-174.15,-17.04,5.1,"3 weeks ago"
"2011-01-29",168.48,-20.72,5,"3 weeks ago"
"2011-01-29",129.23,-6.96,5.4,"3 weeks ago"
"2011-01-29",168.46,-20.69,5,"2 weeks ago"
"2011-01-29",167.28,-14.59,5.8,"2 weeks ago"
"2011-01-29",143.38,27.24,5.1,"2 weeks ago"
"2011-01-29",-109,19.7,5,"2 weeks ago"
"2011-01-29",96.28,2.49,5.7,"2 weeks ago"
"2011-01-29",96.27,2.37,5,"2 weeks ago"
"2011-01-29",130.25,-5.65,5.7,"2 weeks ago"
"2011-01-29",96.28,2.4,5.4,"2 weeks ago"
"2011-01-29",141.64,34.45,5,"2 weeks ago"
"2011-01-29",128.99,-6.56,5.2,"2 weeks ago"
"2011-01-29",-174.28,-20.59,5.3,"2 weeks ago"
"2011-01-29",-11.48,-21.12,5,"2 weeks ago"
"2011-01-29",-11.55,-21.04,5.4,"2 weeks ago"
"2011-01-29",100.54,-3.61,5,"2 weeks ago"
"2011-01-29",174.53,52.64,5,"2 weeks ago"
"2011-01-29",-71.79,-34.62,5,"2 weeks ago"
"2011-01-29",102.65,-5.03,6,"2 weeks ago"
"2011-01-29",-71.51,-30.32,5,"2 weeks ago"
"2011-01-29",-175.96,-16.21,5.2,"2 weeks ago"
"2011-01-29",175.81,-64.65,5.3,"2 weeks ago"
"2011-01-29",176.4,-64.56,5.2,"2 weeks ago"
"2011-01-29",-36.84,34.42,5.1,"2 weeks ago"
"2011-01-29",176.18,-38.12,5,"2 weeks ago"
"2011-01-29",96.4,2.63,5.9,"2 weeks ago"
"2011-01-29",-26.92,-57.19,5,"2 weeks ago"
"2011-01-29",63.95,28.78,7.2,"2 weeks ago"
"2011-01-29",-69.4,-19.2,5.3,"2 weeks ago"
"2011-01-29",72.25,39.32,5,"2 weeks ago"
"2011-01-29",-178.29,51.38,5.3,"2 weeks ago"
"2011-01-29",-72.45,-33.96,5.3,"2 weeks ago"
"2011-01-29",42.66,41.96,5.2,"2 weeks ago"
"2011-01-29",172.52,-43.61,5.1,"2 weeks ago"
"2011-01-29",-175.8,-19.94,5.1,"2 weeks ago"
"2011-01-29",-72.36,-33.9,5,"2 weeks ago"
"2011-01-29",-27.48,-59.94,5.2,"2 weeks ago"
"2011-01-29",-93.6,16.7,5,"2 weeks ago"
"2011-01-29",-68.9,-19.61,5.2,"2 weeks ago"
"2011-01-29",129.27,29.65,5.2,"2 weeks ago"
"2011-01-29",-63.2,17.23,5,"2 weeks ago"
"2011-01-29",143.48,27.16,5.1,"2 weeks ago"
"2011-01-29",143.47,27.13,5.2,"2 weeks ago"
"2011-01-29",154.03,-5.11,5,"2 weeks ago"
"2011-01-29",-72.24,-33.97,5,"2 weeks ago"
"2011-01-29",147.43,17.96,5.2,"2 weeks ago"
"2011-01-29",-176.54,-19.05,5.1,"2 weeks ago"
"2011-01-29",-86.29,11.58,5.2,"2 weeks ago"
"2011-01-29",-104.47,15.22,5.4,"1 week ago"
"2011-01-29",-73.06,-12.15,5,"1 week ago"
"2011-01-29",142.9,42.36,5.1,"1 week ago"
"2011-01-29",95.52,2.89,5.2,"1 week ago"
"2011-01-29",95.52,2.9,5.6,"1 week ago"
"2011-01-29",132.58,-0.49,5.1,"1 week ago"
"2011-01-29",-150.87,63.54,5.2,"1 week ago"
"2011-01-29",102.14,-4.25,5.3,"1 week ago"
"2011-01-29",-72.38,-35,5.1,"1 week ago"
"2011-01-29",144.1,26.82,5,"1 week ago"
"2011-01-29",144.14,26.8,5,"1 week ago"
"2011-01-29",-176.29,-20.34,5.9,"1 week ago"
"2011-01-29",143.86,26.76,5,"1 week ago"
"2011-01-29",143.72,26.66,5.1,"1 week ago"
"2011-01-29",-26.96,-56.47,5.3,"1 week ago"
"2011-01-29",-173.51,-19.2,5.7,"1 week ago"
"2011-01-29",72.79,38.41,6,"1 week ago"
"2011-01-29",143.38,11.9,5.1,"1 week ago"
"2011-01-29",-179.76,-23.49,5,"1 week ago"
"2011-01-29",-176.34,-19.29,5.1,"1 week ago"
"2011-01-29",69.67,-22.59,5.2,"1 week ago"
"2011-01-29",144.25,22.09,5.1,"1 week ago"
"2011-01-29",141.12,35.13,5.1,"1 week ago"
"2011-01-29",22.34,-52.91,5.1,"1 week ago"
"2011-01-29",-88.55,12.23,5,"1 week ago"
"2011-01-29",-176.08,51.42,5,"1 week ago"
"2011-01-29",143.35,27.65,5,"1 week ago"
"2011-01-29",-177.95,-30.06,5.4,"1 week ago"
"2011-01-29",67.35,-18.85,5.1,"1 week ago"
"2011-01-29",-114.32,-50.07,5,"1 week ago"
"2011-01-29",108.24,9.89,5,"1 week ago"
"2011-01-29",147.13,-5.48,5.3,"1 week ago"
"2011-01-29",168.21,-18.89,5,"1 week ago"
"2011-01-29",96.83,2.2,6.1,"1 week ago"
"2011-01-29",-174.7,-18.08,5,"1 week ago"
"2011-01-29",166.3,-11.01,5.7,"1 week ago"
"2011-01-29",-173.12,-15.56,5.6,"1 week ago"
"2011-01-29",166.36,-11.66,5.5,"1 week ago"
"2011-01-29",59.02,28.2,6.2,"1 week ago"
"2011-01-29",59.06,28.13,5,"1 week ago"
"2011-01-29",139.5,-3.16,5,"1 week ago"
"2011-01-29",176,-38.5,5.6,"1 week ago"
"2011-01-29",143.36,27.1,5,"1 week ago"
"2011-01-29",-173.5,-19.21,5.1,"1 week ago"
"2011-01-29",59.07,28.15,5.2,"1 week ago"
"2011-01-29",-178.75,-21.39,5.3,"1 week ago"
"2011-01-29",-178.22,-19.16,5.4,"1 week ago"
"2011-01-29",154,-5.26,5,"1 week ago"
"2011-01-29",80.83,-41.02,5.2,"1 week ago"
"2011-01-29",80.75,-41.17,5.1,"this week"
"2011-01-29",-178.16,-17.89,5.3,"this week"
"2011-01-29",168.21,-19.08,5.1,"this week"
"2011-01-29",-6.66,70.93,6.2,"this week"
"2011-01-29",-164.22,-62.96,5.5,"this week"
"2011-01-29",142.96,21.61,5.5,"this week"
"2011-01-29",-109.18,19.68,5,"this week"
"2011-01-29",-10.74,-49.32,5,"this week"
"2011-01-29",44.03,11.99,5,"this week"
"2011-01-29",168.48,-19.61,5,"this week"
"2011-01-29",128.63,0.51,5,"this week"
"2011-01-29",167.22,-14.97,5.2,"this week"
"2011-01-29",-175.62,-22.01,6,"this week"
"2011-01-29",145.46,22.14,5.2,"this week"
"2011-01-29",144.47,22.67,5,"this week"
"2011-01-29",121.83,24.17,5.2,"this week"
"2011-01-29",94.11,10.62,5.6,"this week"
"2011-01-29",162.84,-11.42,5,"this week"
"2011-01-29",-176.54,-28.06,5,"this week"
"2011-01-29",-175.84,-19.72,5.2,"this week"
"2011-01-29",-160.46,54.97,5.9,"this week"
"2011-01-29",-63.47,17.35,5,"this week"
"2011-01-29",-16.18,-42.66,5.1,"this week"
"2011-01-29",-180,-24.71,5.3,"this week"
"2011-01-29",166.66,-14.52,5.2,"this week"
"2011-01-29",-175.97,-18.62,5.2,"this week"
"2011-01-29",153.55,-61.94,5.4,"this week"
"2011-01-29",-173.07,-15.51,5.9,"this week"
"2011-01-29",130.51,-6.69,5.2,"this week"
"2011-01-29",143.6,22.58,5.3,"this week"
"2011-01-29",149.14,-59.3,5.3,"this week"
"2011-01-29",95.89,-46.06,5.1,"this week"
"2011-01-29",130.23,29.18,5.3,"this week"
"2011-01-29",-62.15,11.32,5.2,"this week"
"2011-01-29",94.68,24.62,6.2,"this week"
"2011-01-29",166.46,-14.19,5.9,"this week"
"2011-01-29",166.42,-14.26,5.4,"this week"
"2011-01-29",166.58,-14.16,5.2,"this week"
"2011-02-05",168.46,-20.69,5,"3 weeks ago"
"2011-02-05",167.28,-14.59,5.8,"3 weeks ago"
"2011-02-05",143.38,27.24,5.1,"3 weeks ago"
"2011-02-05",-109,19.7,5,"3 weeks ago"
"2011-02-05",96.28,2.49,5.7,"3 weeks ago"
"2011-02-05",96.27,2.37,5,"3 weeks ago"
"2011-02-05",130.25,-5.65,5.7,"3 weeks ago"
"2011-02-05",96.28,2.4,5.4,"3 weeks ago"
"2011-02-05",141.64,34.45,5,"3 weeks ago"
"2011-02-05",128.99,-6.56,5.2,"3 weeks ago"
"2011-02-05",-174.28,-20.59,5.3,"3 weeks ago"
"2011-02-05",-11.48,-21.12,5,"3 weeks ago"
"2011-02-05",-11.55,-21.04,5.4,"3 weeks ago"
"2011-02-05",100.54,-3.61,5,"3 weeks ago"
"2011-02-05",174.53,52.64,5,"3 weeks ago"
"2011-02-05",-71.79,-34.62,5,"3 weeks ago"
"2011-02-05",102.65,-5.03,6,"3 weeks ago"
"2011-02-05",-71.51,-30.32,5,"3 weeks ago"
"2011-02-05",-175.96,-16.21,5.2,"3 weeks ago"
"2011-02-05",175.81,-64.65,5.3,"3 weeks ago"
"2011-02-05",176.4,-64.56,5.2,"3 weeks ago"
"2011-02-05",-36.84,34.42,5.1,"3 weeks ago"
"2011-02-05",176.18,-38.12,5,"3 weeks ago"
"2011-02-05",96.4,2.63,5.9,"3 weeks ago"
"2011-02-05",-26.92,-57.19,5,"3 weeks ago"
"2011-02-05",63.95,28.78,7.2,"3 weeks ago"
"2011-02-05",-69.4,-19.2,5.3,"3 weeks ago"
"2011-02-05",72.25,39.32,5,"3 weeks ago"
"2011-02-05",-178.29,51.38,5.3,"3 weeks ago"
"2011-02-05",-72.45,-33.96,5.3,"3 weeks ago"
"2011-02-05",42.66,41.96,5.2,"3 weeks ago"
"2011-02-05",172.52,-43.61,5.1,"3 weeks ago"
"2011-02-05",-175.8,-19.94,5.1,"3 weeks ago"
"2011-02-05",-72.36,-33.9,5,"3 weeks ago"
"2011-02-05",-27.48,-59.94,5.2,"3 weeks ago"
"2011-02-05",-93.6,16.7,5,"3 weeks ago"
"2011-02-05",-68.9,-19.61,5.2,"3 weeks ago"
"2011-02-05",129.27,29.65,5.2,"3 weeks ago"
"2011-02-05",-63.2,17.23,5,"3 weeks ago"
"2011-02-05",143.48,27.16,5.1,"3 weeks ago"
"2011-02-05",143.47,27.13,5.2,"3 weeks ago"
"2011-02-05",154.03,-5.11,5,"3 weeks ago"
"2011-02-05",-72.24,-33.97,5,"3 weeks ago"
"2011-02-05",147.43,17.96,5.2,"3 weeks ago"
"2011-02-05",-176.54,-19.05,5.1,"3 weeks ago"
"2011-02-05",-86.29,11.58,5.2,"3 weeks ago"
"2011-02-05",-104.47,15.22,5.4,"2 weeks ago"
"2011-02-05",-73.06,-12.15,5,"2 weeks ago"
"2011-02-05",142.9,42.36,5.1,"2 weeks ago"
"2011-02-05",95.52,2.89,5.2,"2 weeks ago"
"2011-02-05",95.52,2.9,5.6,"2 weeks ago"
"2011-02-05",132.58,-0.49,5.1,"2 weeks ago"
"2011-02-05",-150.87,63.54,5.2,"2 weeks ago"
"2011-02-05",102.14,-4.25,5.3,"2 weeks ago"
"2011-02-05",-72.38,-35,5.1,"2 weeks ago"
"2011-02-05",144.1,26.82,5,"2 weeks ago"
"2011-02-05",144.14,26.8,5,"2 weeks ago"
"2011-02-05",-176.29,-20.34,5.9,"2 weeks ago"
"2011-02-05",143.86,26.76,5,"2 weeks ago"
"2011-02-05",143.72,26.66,5.1,"2 weeks ago"
"2011-02-05",-26.96,-56.47,5.3,"2 weeks ago"
"2011-02-05",-173.51,-19.2,5.7,"2 weeks ago"
"2011-02-05",72.79,38.41,6,"2 weeks ago"
"2011-02-05",143.38,11.9,5.1,"2 weeks ago"
"2011-02-05",-179.76,-23.49,5,"2 weeks ago"
"2011-02-05",-176.34,-19.29,5.1,"2 weeks ago"
"2011-02-05",69.67,-22.59,5.2,"2 weeks ago"
"2011-02-05",144.25,22.09,5.1,"2 weeks ago"
"2011-02-05",141.12,35.13,5.1,"2 weeks ago"
"2011-02-05",22.34,-52.91,5.1,"2 weeks ago"
"2011-02-05",-88.55,12.23,5,"2 weeks ago"
"2011-02-05",-176.08,51.42,5,"2 weeks ago"
"2011-02-05",143.35,27.65,5,"2 weeks ago"
"2011-02-05",-177.95,-30.06,5.4,"2 weeks ago"
"2011-02-05",67.35,-18.85,5.1,"2 weeks ago"
"2011-02-05",-114.32,-50.07,5,"2 weeks ago"
"2011-02-05",108.24,9.89,5,"2 weeks ago"
"2011-02-05",147.13,-5.48,5.3,"2 weeks ago"
"2011-02-05",168.21,-18.89,5,"2 weeks ago"
"2011-02-05",96.83,2.2,6.1,"2 weeks ago"
"2011-02-05",-174.7,-18.08,5,"2 weeks ago"
"2011-02-05",166.3,-11.01,5.7,"2 weeks ago"
"2011-02-05",-173.12,-15.56,5.6,"2 weeks ago"
"2011-02-05",166.36,-11.66,5.5,"2 weeks ago"
"2011-02-05",59.02,28.2,6.2,"2 weeks ago"
"2011-02-05",59.06,28.13,5,"2 weeks ago"
"2011-02-05",139.5,-3.16,5,"2 weeks ago"
"2011-02-05",176,-38.5,5.6,"2 weeks ago"
"2011-02-05",143.36,27.1,5,"2 weeks ago"
"2011-02-05",-173.5,-19.21,5.1,"2 weeks ago"
"2011-02-05",59.07,28.15,5.2,"2 weeks ago"
"2011-02-05",-178.75,-21.39,5.3,"2 weeks ago"
"2011-02-05",-178.22,-19.16,5.4,"2 weeks ago"
"2011-02-05",154,-5.26,5,"2 weeks ago"
"2011-02-05",80.83,-41.02,5.2,"2 weeks ago"
"2011-02-05",80.75,-41.17,5.1,"1 week ago"
"2011-02-05",-178.16,-17.89,5.3,"1 week ago"
"2011-02-05",168.21,-19.08,5.1,"1 week ago"
"2011-02-05",-6.66,70.93,6.2,"1 week ago"
"2011-02-05",-164.22,-62.96,5.5,"1 week ago"
"2011-02-05",142.96,21.61,5.5,"1 week ago"
"2011-02-05",-109.18,19.68,5,"1 week ago"
"2011-02-05",-10.74,-49.32,5,"1 week ago"
"2011-02-05",44.03,11.99,5,"1 week ago"
"2011-02-05",168.48,-19.61,5,"1 week ago"
"2011-02-05",128.63,0.51,5,"1 week ago"
"2011-02-05",167.22,-14.97,5.2,"1 week ago"
"2011-02-05",-175.62,-22.01,6,"1 week ago"
"2011-02-05",145.46,22.14,5.2,"1 week ago"
"2011-02-05",144.47,22.67,5,"1 week ago"
"2011-02-05",121.83,24.17,5.2,"1 week ago"
"2011-02-05",94.11,10.62,5.6,"1 week ago"
"2011-02-05",162.84,-11.42,5,"1 week ago"
"2011-02-05",-176.54,-28.06,5,"1 week ago"
"2011-02-05",-175.84,-19.72,5.2,"1 week ago"
"2011-02-05",-160.46,54.97,5.9,"1 week ago"
"2011-02-05",-63.47,17.35,5,"1 week ago"
"2011-02-05",-16.18,-42.66,5.1,"1 week ago"
"2011-02-05",-180,-24.71,5.3,"1 week ago"
"2011-02-05",166.66,-14.52,5.2,"1 week ago"
"2011-02-05",-175.97,-18.62,5.2,"1 week ago"
"2011-02-05",153.55,-61.94,5.4,"1 week ago"
"2011-02-05",-173.07,-15.51,5.9,"1 week ago"
"2011-02-05",130.51,-6.69,5.2,"1 week ago"
"2011-02-05",143.6,22.58,5.3,"1 week ago"
"2011-02-05",149.14,-59.3,5.3,"1 week ago"
"2011-02-05",95.89,-46.06,5.1,"1 week ago"
"2011-02-05",130.23,29.18,5.3,"1 week ago"
"2011-02-05",-62.15,11.32,5.2,"1 week ago"
"2011-02-05",94.68,24.62,6.2,"1 week ago"
"2011-02-05",166.46,-14.19,5.9,"1 week ago"
"2011-02-05",166.42,-14.26,5.4,"1 week ago"
"2011-02-05",166.58,-14.16,5.2,"1 week ago"
"2011-02-05",140.35,34.77,5.1,"this week"
"2011-02-05",166.57,-14.16,5,"this week"
"2011-02-05",-130.5,-55.16,5,"this week"
"2011-02-05",-73.45,-37.62,5.8,"this week"
"2011-02-05",-177.56,-30.32,5.1,"this week"
"2011-02-05",166.65,-14.32,5,"this week"
"2011-02-05",104.07,-8.28,5.6,"this week"
"2011-02-05",166.51,-13.56,5,"this week"
"2011-02-05",168.3,-20.41,5.1,"this week"
"2011-02-05",98.82,0.81,5.1,"this week"
"2011-02-05",155.18,-7.15,6.4,"this week"
"2011-02-05",-69.52,-27.62,5.4,"this week"
"2011-02-05",113.88,-10,5.2,"this week"
"2011-02-05",144.56,22.74,5.1,"this week"
"2011-02-05",143.19,27.35,5,"this week"
"2011-02-05",143.16,27.3,5.3,"this week"
"2011-02-05",-73.72,-16.79,5,"this week"
"2011-02-05",-127.31,43.54,5.4,"this week"
"2011-02-05",166.59,-14.26,5.1,"this week"
"2011-02-05",141.1,24.81,5.2,"this week"
"2011-02-05",143.26,27.29,5,"this week"
"2011-02-05",166.99,-16.07,5.2,"this week"
"2011-02-05",57.78,11.81,5,"this week"
"2011-02-05",-177.66,-31.09,5,"this week"
"2011-02-05",-70.32,-27.62,5.2,"this week"
"2011-02-05",143.38,27.13,5,"this week"
"2011-02-05",91.78,52.13,5.3,"this week"
"2011-02-05",141.28,37.15,5.3,"this week"
"2011-02-05",122.97,4.2,6.5,"this week"
"2011-02-05",123.04,4.08,6.6,"this week"
"2011-02-05",-177.7,-15.04,5.2,"this week"
"2011-02-05",-174.51,-20.8,5,"this week"
"2011-02-05",-179.9,-23.39,5,"this week"
"2011-02-05",130.45,-6.4,5,"this week"
"2011-02-05",-72.96,-36.42,6.9,"this week"
"2011-02-05",-73.15,-36.45,5.3,"this week"
"2011-02-05",-73.44,-36.66,5.3,"this week"
"2011-02-05",-73.2,-37.2,5.9,"this week"
"2011-02-05",143.06,27.3,5.1,"this week"
"2011-02-12",-104.47,15.22,5.4,"3 weeks ago"
"2011-02-12",-73.06,-12.15,5,"3 weeks ago"
"2011-02-12",142.9,42.36,5.1,"3 weeks ago"
"2011-02-12",95.52,2.89,5.2,"3 weeks ago"
"2011-02-12",95.52,2.9,5.6,"3 weeks ago"
"2011-02-12",132.58,-0.49,5.1,"3 weeks ago"
"2011-02-12",-150.87,63.54,5.2,"3 weeks ago"
"2011-02-12",102.14,-4.25,5.3,"3 weeks ago"
"2011-02-12",-72.38,-35,5.1,"3 weeks ago"
"2011-02-12",144.1,26.82,5,"3 weeks ago"
"2011-02-12",144.14,26.8,5,"3 weeks ago"
"2011-02-12",-176.29,-20.34,5.9,"3 weeks ago"
"2011-02-12",143.86,26.76,5,"3 weeks ago"
"2011-02-12",143.72,26.66,5.1,"3 weeks ago"
"2011-02-12",-26.96,-56.47,5.3,"3 weeks ago"
"2011-02-12",-173.51,-19.2,5.7,"3 weeks ago"
"2011-02-12",72.79,38.41,6,"3 weeks ago"
"2011-02-12",143.38,11.9,5.1,"3 weeks ago"
"2011-02-12",-179.76,-23.49,5,"3 weeks ago"
"2011-02-12",-176.34,-19.29,5.1,"3 weeks ago"
"2011-02-12",69.67,-22.59,5.2,"3 weeks ago"
"2011-02-12",144.25,22.09,5.1,"3 weeks ago"
"2011-02-12",141.12,35.13,5.1,"3 weeks ago"
"2011-02-12",22.34,-52.91,5.1,"3 weeks ago"
"2011-02-12",-88.55,12.23,5,"3 weeks ago"
"2011-02-12",-176.08,51.42,5,"3 weeks ago"
"2011-02-12",143.35,27.65,5,"3 weeks ago"
"2011-02-12",-177.95,-30.06,5.4,"3 weeks ago"
"2011-02-12",67.35,-18.85,5.1,"3 weeks ago"
"2011-02-12",-114.32,-50.07,5,"3 weeks ago"
"2011-02-12",108.24,9.89,5,"3 weeks ago"
"2011-02-12",147.13,-5.48,5.3,"3 weeks ago"
"2011-02-12",168.21,-18.89,5,"3 weeks ago"
"2011-02-12",96.83,2.2,6.1,"3 weeks ago"
"2011-02-12",-174.7,-18.08,5,"3 weeks ago"
"2011-02-12",166.3,-11.01,5.7,"3 weeks ago"
"2011-02-12",-173.12,-15.56,5.6,"3 weeks ago"
"2011-02-12",166.36,-11.66,5.5,"3 weeks ago"
"2011-02-12",59.02,28.2,6.2,"3 weeks ago"
"2011-02-12",59.06,28.13,5,"3 weeks ago"
"2011-02-12",139.5,-3.16,5,"3 weeks ago"
"2011-02-12",176,-38.5,5.6,"3 weeks ago"
"2011-02-12",143.36,27.1,5,"3 weeks ago"
"2011-02-12",-173.5,-19.21,5.1,"3 weeks ago"
"2011-02-12",59.07,28.15,5.2,"3 weeks ago"
"2011-02-12",-178.75,-21.39,5.3,"3 weeks ago"
"2011-02-12",-178.22,-19.16,5.4,"3 weeks ago"
"2011-02-12",154,-5.26,5,"3 weeks ago"
"2011-02-12",80.83,-41.02,5.2,"3 weeks ago"
"2011-02-12",80.75,-41.17,5.1,"2 weeks ago"
"2011-02-12",-178.16,-17.89,5.3,"2 weeks ago"
"2011-02-12",168.21,-19.08,5.1,"2 weeks ago"
"2011-02-12",-6.66,70.93,6.2,"2 weeks ago"
"2011-02-12",-164.22,-62.96,5.5,"2 weeks ago"
"2011-02-12",142.96,21.61,5.5,"2 weeks ago"
"2011-02-12",-109.18,19.68,5,"2 weeks ago"
"2011-02-12",-10.74,-49.32,5,"2 weeks ago"
"2011-02-12",44.03,11.99,5,"2 weeks ago"
"2011-02-12",168.48,-19.61,5,"2 weeks ago"
"2011-02-12",128.63,0.51,5,"2 weeks ago"
"2011-02-12",167.22,-14.97,5.2,"2 weeks ago"
"2011-02-12",-175.62,-22.01,6,"2 weeks ago"
"2011-02-12",145.46,22.14,5.2,"2 weeks ago"
"2011-02-12",144.47,22.67,5,"2 weeks ago"
"2011-02-12",121.83,24.17,5.2,"2 weeks ago"
"2011-02-12",94.11,10.62,5.6,"2 weeks ago"
"2011-02-12",162.84,-11.42,5,"2 weeks ago"
"2011-02-12",-176.54,-28.06,5,"2 weeks ago"
"2011-02-12",-175.84,-19.72,5.2,"2 weeks ago"
"2011-02-12",-160.46,54.97,5.9,"2 weeks ago"
"2011-02-12",-63.47,17.35,5,"2 weeks ago"
"2011-02-12",-16.18,-42.66,5.1,"2 weeks ago"
"2011-02-12",-180,-24.71,5.3,"2 weeks ago"
"2011-02-12",166.66,-14.52,5.2,"2 weeks ago"
"2011-02-12",-175.97,-18.62,5.2,"2 weeks ago"
"2011-02-12",153.55,-61.94,5.4,"2 weeks ago"
"2011-02-12",-173.07,-15.51,5.9,"2 weeks ago"
"2011-02-12",130.51,-6.69,5.2,"2 weeks ago"
"2011-02-12",143.6,22.58,5.3,"2 weeks ago"
"2011-02-12",149.14,-59.3,5.3,"2 weeks ago"
"2011-02-12",95.89,-46.06,5.1,"2 weeks ago"
"2011-02-12",130.23,29.18,5.3,"2 weeks ago"
"2011-02-12",-62.15,11.32,5.2,"2 weeks ago"
"2011-02-12",94.68,24.62,6.2,"2 weeks ago"
"2011-02-12",166.46,-14.19,5.9,"2 weeks ago"
"2011-02-12",166.42,-14.26,5.4,"2 weeks ago"
"2011-02-12",166.58,-14.16,5.2,"2 weeks ago"
"2011-02-12",140.35,34.77,5.1,"1 week ago"
"2011-02-12",166.57,-14.16,5,"1 week ago"
"2011-02-12",-130.5,-55.16,5,"1 week ago"
"2011-02-12",-73.45,-37.62,5.8,"1 week ago"
"2011-02-12",-177.56,-30.32,5.1,"1 week ago"
"2011-02-12",166.65,-14.32,5,"1 week ago"
"2011-02-12",104.07,-8.28,5.6,"1 week ago"
"2011-02-12",166.51,-13.56,5,"1 week ago"
"2011-02-12",168.3,-20.41,5.1,"1 week ago"
"2011-02-12",98.82,0.81,5.1,"1 week ago"
"2011-02-12",155.18,-7.15,6.4,"1 week ago"
"2011-02-12",-69.52,-27.62,5.4,"1 week ago"
"2011-02-12",113.88,-10,5.2,"1 week ago"
"2011-02-12",144.56,22.74,5.1,"1 week ago"
"2011-02-12",143.19,27.35,5,"1 week ago"
"2011-02-12",143.16,27.3,5.3,"1 week ago"
"2011-02-12",-73.72,-16.79,5,"1 week ago"
"2011-02-12",-127.31,43.54,5.4,"1 week ago"
"2011-02-12",166.59,-14.26,5.1,"1 week ago"
"2011-02-12",141.1,24.81,5.2,"1 week ago"
"2011-02-12",143.26,27.29,5,"1 week ago"
"2011-02-12",166.99,-16.07,5.2,"1 week ago"
"2011-02-12",57.78,11.81,5,"1 week ago"
"2011-02-12",-177.66,-31.09,5,"1 week ago"
"2011-02-12",-70.32,-27.62,5.2,"1 week ago"
"2011-02-12",143.38,27.13,5,"1 week ago"
"2011-02-12",91.78,52.13,5.3,"1 week ago"
"2011-02-12",141.28,37.15,5.3,"1 week ago"
"2011-02-12",122.97,4.2,6.5,"1 week ago"
"2011-02-12",123.04,4.08,6.6,"1 week ago"
"2011-02-12",-177.7,-15.04,5.2,"1 week ago"
"2011-02-12",-174.51,-20.8,5,"1 week ago"
"2011-02-12",-179.9,-23.39,5,"1 week ago"
"2011-02-12",130.45,-6.4,5,"1 week ago"
"2011-02-12",-72.96,-36.42,6.9,"1 week ago"
"2011-02-12",-73.15,-36.45,5.3,"1 week ago"
"2011-02-12",-73.44,-36.66,5.3,"1 week ago"
"2011-02-12",-73.2,-37.2,5.9,"1 week ago"
"2011-02-12",143.06,27.3,5.1,"1 week ago"
"2011-02-12",143.16,27.37,5,"this week"
"2011-02-12",-72.95,-37.03,6.1,"this week"
"2011-02-12",-17.02,0.08,5.7,"this week"
"2011-02-12",-177.81,-31.24,5.6,"this week"
"2011-02-12",154.21,-6.58,5.1,"this week"
"2011-02-12",126.83,1.99,5.6,"this week"
"2011-02-12",-175.67,-20.88,6.1,"this week"
"2011-02-12",-73.18,-36.56,5.8,"this week"
"2011-02-12",-73.18,-36.65,6,"this week"
"2011-02-12",-73.28,-36.56,5.5,"this week"
"2011-02-12",-176.79,-20.81,5.1,"this week"
"2011-02-12",153.01,-4.29,5.3,"this week"
"2011-02-12",144.17,-5.08,5,"this week"
"2011-02-12",-72.83,-35.38,6.7,"this week"
"2011-02-12",-73.25,-35.63,5,"this week"
"2011-02-12",-72.88,-35.32,5.2,"this week"
"2011-02-12",-72,-35.62,5.2,"this week"
"2011-02-12",-68.83,-19.97,5.2,"this week"
"2011-02-12",67.56,-16.07,5.2,"this week"
"2011-02-12",121.19,21.1,5.4,"this week"
"2011-02-12",-169.31,52.58,5,"this week"
"2011-02-12",-14.37,-14,5.1,"this week"
"2011-02-12",121.48,-2.5,6.1,"this week"
"2011-02-12",128.29,25.91,5.1,"this week"
"2011-02-12",130.54,-6.24,5,"this week"
"2011-02-12",143.16,38.32,5.5,"this week"
"2011-02-12",142.8,38.39,5.1,"this week"
"2011-02-12",-17.93,-0.04,5.4,"this week"
"2011-02-12",149.4,-6.12,5.4,"this week"
"2011-02-12",-177.64,-20.19,5,"this week"
"2011-02-12",128.28,25.91,5.2,"this week"
"2011-02-12",166.47,-14.16,5.6,"this week"
"2011-02-12",153.16,-4.61,5.5,"this week"
"2011-02-12",-172.94,-18.73,5,"this week"
"2011-02-12",-72.11,-33.93,5.3,"this week"
"2011-02-12",-115.06,32.05,5.09,"this week"
"2011-02-12",150.09,44.82,5.1,"this week"
"2011-02-12",97.89,1.9,5.2,"this week"
"2011-02-19",80.75,-41.17,5.1,"3 weeks ago"
"2011-02-19",-178.16,-17.89,5.3,"3 weeks ago"
"2011-02-19",168.21,-19.08,5.1,"3 weeks ago"
"2011-02-19",-6.66,70.93,6.2,"3 weeks ago"
"2011-02-19",-164.22,-62.96,5.5,"3 weeks ago"
"2011-02-19",142.96,21.61,5.5,"3 weeks ago"
"2011-02-19",-109.18,19.68,5,"3 weeks ago"
"2011-02-19",-10.74,-49.32,5,"3 weeks ago"
"2011-02-19",44.03,11.99,5,"3 weeks ago"
"2011-02-19",168.48,-19.61,5,"3 weeks ago"
"2011-02-19",128.63,0.51,5,"3 weeks ago"
"2011-02-19",167.22,-14.97,5.2,"3 weeks ago"
"2011-02-19",-175.62,-22.01,6,"3 weeks ago"
"2011-02-19",145.46,22.14,5.2,"3 weeks ago"
"2011-02-19",144.47,22.67,5,"3 weeks ago"
"2011-02-19",121.83,24.17,5.2,"3 weeks ago"
"2011-02-19",94.11,10.62,5.6,"3 weeks ago"
"2011-02-19",162.84,-11.42,5,"3 weeks ago"
"2011-02-19",-176.54,-28.06,5,"3 weeks ago"
"2011-02-19",-175.84,-19.72,5.2,"3 weeks ago"
"2011-02-19",-160.46,54.97,5.9,"3 weeks ago"
"2011-02-19",-63.47,17.35,5,"3 weeks ago"
"2011-02-19",-16.18,-42.66,5.1,"3 weeks ago"
"2011-02-19",-180,-24.71,5.3,"3 weeks ago"
"2011-02-19",166.66,-14.52,5.2,"3 weeks ago"
"2011-02-19",-175.97,-18.62,5.2,"3 weeks ago"
"2011-02-19",153.55,-61.94,5.4,"3 weeks ago"
"2011-02-19",-173.07,-15.51,5.9,"3 weeks ago"
"2011-02-19",130.51,-6.69,5.2,"3 weeks ago"
"2011-02-19",143.6,22.58,5.3,"3 weeks ago"
"2011-02-19",149.14,-59.3,5.3,"3 weeks ago"
"2011-02-19",95.89,-46.06,5.1,"3 weeks ago"
"2011-02-19",130.23,29.18,5.3,"3 weeks ago"
"2011-02-19",-62.15,11.32,5.2,"3 weeks ago"
"2011-02-19",94.68,24.62,6.2,"3 weeks ago"
"2011-02-19",166.46,-14.19,5.9,"3 weeks ago"
"2011-02-19",166.42,-14.26,5.4,"3 weeks ago"
"2011-02-19",166.58,-14.16,5.2,"3 weeks ago"
"2011-02-19",140.35,34.77,5.1,"2 weeks ago"
"2011-02-19",166.57,-14.16,5,"2 weeks ago"
"2011-02-19",-130.5,-55.16,5,"2 weeks ago"
"2011-02-19",-73.45,-37.62,5.8,"2 weeks ago"
"2011-02-19",-177.56,-30.32,5.1,"2 weeks ago"
"2011-02-19",166.65,-14.32,5,"2 weeks ago"
"2011-02-19",104.07,-8.28,5.6,"2 weeks ago"
"2011-02-19",166.51,-13.56,5,"2 weeks ago"
"2011-02-19",168.3,-20.41,5.1,"2 weeks ago"
"2011-02-19",98.82,0.81,5.1,"2 weeks ago"
"2011-02-19",155.18,-7.15,6.4,"2 weeks ago"
"2011-02-19",-69.52,-27.62,5.4,"2 weeks ago"
"2011-02-19",113.88,-10,5.2,"2 weeks ago"
"2011-02-19",144.56,22.74,5.1,"2 weeks ago"
"2011-02-19",143.19,27.35,5,"2 weeks ago"
"2011-02-19",143.16,27.3,5.3,"2 weeks ago"
"2011-02-19",-73.72,-16.79,5,"2 weeks ago"
"2011-02-19",-127.31,43.54,5.4,"2 weeks ago"
"2011-02-19",166.59,-14.26,5.1,"2 weeks ago"
"2011-02-19",141.1,24.81,5.2,"2 weeks ago"
"2011-02-19",143.26,27.29,5,"2 weeks ago"
"2011-02-19",166.99,-16.07,5.2,"2 weeks ago"
"2011-02-19",57.78,11.81,5,"2 weeks ago"
"2011-02-19",-177.66,-31.09,5,"2 weeks ago"
"2011-02-19",-70.32,-27.62,5.2,"2 weeks ago"
"2011-02-19",143.38,27.13,5,"2 weeks ago"
"2011-02-19",91.78,52.13,5.3,"2 weeks ago"
"2011-02-19",141.28,37.15,5.3,"2 weeks ago"
"2011-02-19",122.97,4.2,6.5,"2 weeks ago"
"2011-02-19",123.04,4.08,6.6,"2 weeks ago"
"2011-02-19",-177.7,-15.04,5.2,"2 weeks ago"
"2011-02-19",-174.51,-20.8,5,"2 weeks ago"
"2011-02-19",-179.9,-23.39,5,"2 weeks ago"
"2011-02-19",130.45,-6.4,5,"2 weeks ago"
"2011-02-19",-72.96,-36.42,6.9,"2 weeks ago"
"2011-02-19",-73.15,-36.45,5.3,"2 weeks ago"
"2011-02-19",-73.44,-36.66,5.3,"2 weeks ago"
"2011-02-19",-73.2,-37.2,5.9,"2 weeks ago"
"2011-02-19",143.06,27.3,5.1,"2 weeks ago"
"2011-02-19",143.16,27.37,5,"1 week ago"
"2011-02-19",-72.95,-37.03,6.1,"1 week ago"
"2011-02-19",-17.02,0.08,5.7,"1 week ago"
"2011-02-19",-177.81,-31.24,5.6,"1 week ago"
"2011-02-19",154.21,-6.58,5.1,"1 week ago"
"2011-02-19",126.83,1.99,5.6,"1 week ago"
"2011-02-19",-175.67,-20.88,6.1,"1 week ago"
"2011-02-19",-73.18,-36.56,5.8,"1 week ago"
"2011-02-19",-73.18,-36.65,6,"1 week ago"
"2011-02-19",-73.28,-36.56,5.5,"1 week ago"
"2011-02-19",-176.79,-20.81,5.1,"1 week ago"
"2011-02-19",153.01,-4.29,5.3,"1 week ago"
"2011-02-19",144.17,-5.08,5,"1 week ago"
"2011-02-19",-72.83,-35.38,6.7,"1 week ago"
"2011-02-19",-73.25,-35.63,5,"1 week ago"
"2011-02-19",-72.88,-35.32,5.2,"1 week ago"
"2011-02-19",-72,-35.62,5.2,"1 week ago"
"2011-02-19",-68.83,-19.97,5.2,"1 week ago"
"2011-02-19",67.56,-16.07,5.2,"1 week ago"
"2011-02-19",121.19,21.1,5.4,"1 week ago"
"2011-02-19",-169.31,52.58,5,"1 week ago"
"2011-02-19",-14.37,-14,5.1,"1 week ago"
"2011-02-19",121.48,-2.5,6.1,"1 week ago"
"2011-02-19",128.29,25.91,5.1,"1 week ago"
"2011-02-19",130.54,-6.24,5,"1 week ago"
"2011-02-19",143.16,38.32,5.5,"1 week ago"
"2011-02-19",142.8,38.39,5.1,"1 week ago"
"2011-02-19",-17.93,-0.04,5.4,"1 week ago"
"2011-02-19",149.4,-6.12,5.4,"1 week ago"
"2011-02-19",-177.64,-20.19,5,"1 week ago"
"2011-02-19",128.28,25.91,5.2,"1 week ago"
"2011-02-19",166.47,-14.16,5.6,"1 week ago"
"2011-02-19",153.16,-4.61,5.5,"1 week ago"
"2011-02-19",-172.94,-18.73,5,"1 week ago"
"2011-02-19",-72.11,-33.93,5.3,"1 week ago"
"2011-02-19",-115.06,32.05,5.09,"1 week ago"
"2011-02-19",150.09,44.82,5.1,"1 week ago"
"2011-02-19",97.89,1.9,5.2,"1 week ago"
"2011-02-19",-72.23,-34.03,5.2,"this week"
"2011-02-19",51.64,13.67,5.4,"this week"
"2011-02-19",155.14,-7.26,5.1,"this week"
"2011-02-19",126.31,1.26,5,"this week"
"2011-02-19",97.2,1.36,5.3,"this week"
"2011-02-19",-25.86,-58.98,5,"this week"
"2011-02-19",122.84,-7.89,5.1,"this week"
"2011-02-19",162.12,55.92,6.1,"this week"
"2011-02-19",-66.58,-27.9,5,"this week"
"2011-02-19",177.35,-19.48,5,"this week"
"2011-02-19",-72.36,-45.76,5,"this week"
"2011-02-19",-64.69,-27.15,5.6,"this week"
"2011-02-19",152.38,-4.62,5,"this week"
"2011-02-19",178.39,-26.14,6.5,"this week"
"2011-02-19",178.34,-25.89,5.1,"this week"
"2011-02-19",161.42,-10.28,5.5,"this week"
"2011-02-19",-158.51,-62.4,5.2,"this week"
"2011-02-19",172.68,-43.58,6.1,"this week"
"2011-02-19",172.65,-43.59,5.5,"this week"
"2011-02-19",172.62,-43.6,5.6,"this week"
"2011-02-19",120.65,14.13,5.2,"this week"
"2011-02-19",128.71,26.42,5.1,"this week"
"2011-02-19",143.17,38.23,5.1,"this week"
"2011-02-19",143.84,22.11,5.5,"this week"
"2011-02-19",-87.82,12.39,5.7,"this week"
"2011-02-19",-175.92,-22.24,5,"this week"
"2011-02-19",93.94,45.93,5,"this week"
"2011-02-19",140.15,31.45,5.4,"this week"
"2011-02-19",-174.43,-17.81,5.6,"this week"
"2011-02-19",-73.81,-36.27,5.1,"this week"
"2011-02-19",-178.42,-18.06,5.2,"this week"
"2011-02-19",-95.01,17.84,5.9,"this week"
"2011-02-19",140.24,34.33,5.3,"this week"
"2011-02-19",101,-3.05,5.1,"this week"
"2011-02-26",140.35,34.77,5.1,"3 weeks ago"
"2011-02-26",166.57,-14.16,5,"3 weeks ago"
"2011-02-26",-130.5,-55.16,5,"3 weeks ago"
"2011-02-26",-73.45,-37.62,5.8,"3 weeks ago"
"2011-02-26",-177.56,-30.32,5.1,"3 weeks ago"
"2011-02-26",166.65,-14.32,5,"3 weeks ago"
"2011-02-26",104.07,-8.28,5.6,"3 weeks ago"
"2011-02-26",166.51,-13.56,5,"3 weeks ago"
"2011-02-26",168.3,-20.41,5.1,"3 weeks ago"
"2011-02-26",98.82,0.81,5.1,"3 weeks ago"
"2011-02-26",155.18,-7.15,6.4,"3 weeks ago"
"2011-02-26",-69.52,-27.62,5.4,"3 weeks ago"
"2011-02-26",113.88,-10,5.2,"3 weeks ago"
"2011-02-26",144.56,22.74,5.1,"3 weeks ago"
"2011-02-26",143.19,27.35,5,"3 weeks ago"
"2011-02-26",143.16,27.3,5.3,"3 weeks ago"
"2011-02-26",-73.72,-16.79,5,"3 weeks ago"
"2011-02-26",-127.31,43.54,5.4,"3 weeks ago"
"2011-02-26",166.59,-14.26,5.1,"3 weeks ago"
"2011-02-26",141.1,24.81,5.2,"3 weeks ago"
"2011-02-26",143.26,27.29,5,"3 weeks ago"
"2011-02-26",166.99,-16.07,5.2,"3 weeks ago"
"2011-02-26",57.78,11.81,5,"3 weeks ago"
"2011-02-26",-177.66,-31.09,5,"3 weeks ago"
"2011-02-26",-70.32,-27.62,5.2,"3 weeks ago"
"2011-02-26",143.38,27.13,5,"3 weeks ago"
"2011-02-26",91.78,52.13,5.3,"3 weeks ago"
"2011-02-26",141.28,37.15,5.3,"3 weeks ago"
"2011-02-26",122.97,4.2,6.5,"3 weeks ago"
"2011-02-26",123.04,4.08,6.6,"3 weeks ago"
"2011-02-26",-177.7,-15.04,5.2,"3 weeks ago"
"2011-02-26",-174.51,-20.8,5,"3 weeks ago"
"2011-02-26",-179.9,-23.39,5,"3 weeks ago"
"2011-02-26",130.45,-6.4,5,"3 weeks ago"
"2011-02-26",-72.96,-36.42,6.9,"3 weeks ago"
"2011-02-26",-73.15,-36.45,5.3,"3 weeks ago"
"2011-02-26",-73.44,-36.66,5.3,"3 weeks ago"
"2011-02-26",-73.2,-37.2,5.9,"3 weeks ago"
"2011-02-26",143.06,27.3,5.1,"3 weeks ago"
"2011-02-26",143.16,27.37,5,"2 weeks ago"
"2011-02-26",-72.95,-37.03,6.1,"2 weeks ago"
"2011-02-26",-17.02,0.08,5.7,"2 weeks ago"
"2011-02-26",-177.81,-31.24,5.6,"2 weeks ago"
"2011-02-26",154.21,-6.58,5.1,"2 weeks ago"
"2011-02-26",126.83,1.99,5.6,"2 weeks ago"
"2011-02-26",-175.67,-20.88,6.1,"2 weeks ago"
"2011-02-26",-73.18,-36.56,5.8,"2 weeks ago"
"2011-02-26",-73.18,-36.65,6,"2 weeks ago"
"2011-02-26",-73.28,-36.56,5.5,"2 weeks ago"
"2011-02-26",-176.79,-20.81,5.1,"2 weeks ago"
"2011-02-26",153.01,-4.29,5.3,"2 weeks ago"
"2011-02-26",144.17,-5.08,5,"2 weeks ago"
"2011-02-26",-72.83,-35.38,6.7,"2 weeks ago"
"2011-02-26",-73.25,-35.63,5,"2 weeks ago"
"2011-02-26",-72.88,-35.32,5.2,"2 weeks ago"
"2011-02-26",-72,-35.62,5.2,"2 weeks ago"
"2011-02-26",-68.83,-19.97,5.2,"2 weeks ago"
"2011-02-26",67.56,-16.07,5.2,"2 weeks ago"
"2011-02-26",121.19,21.1,5.4,"2 weeks ago"
"2011-02-26",-169.31,52.58,5,"2 weeks ago"
"2011-02-26",-14.37,-14,5.1,"2 weeks ago"
"2011-02-26",121.48,-2.5,6.1,"2 weeks ago"
"2011-02-26",128.29,25.91,5.1,"2 weeks ago"
"2011-02-26",130.54,-6.24,5,"2 weeks ago"
"2011-02-26",143.16,38.32,5.5,"2 weeks ago"
"2011-02-26",142.8,38.39,5.1,"2 weeks ago"
"2011-02-26",-17.93,-0.04,5.4,"2 weeks ago"
"2011-02-26",149.4,-6.12,5.4,"2 weeks ago"
"2011-02-26",-177.64,-20.19,5,"2 weeks ago"
"2011-02-26",128.28,25.91,5.2,"2 weeks ago"
"2011-02-26",166.47,-14.16,5.6,"2 weeks ago"
"2011-02-26",153.16,-4.61,5.5,"2 weeks ago"
"2011-02-26",-172.94,-18.73,5,"2 weeks ago"
"2011-02-26",-72.11,-33.93,5.3,"2 weeks ago"
"2011-02-26",-115.06,32.05,5.09,"2 weeks ago"
"2011-02-26",150.09,44.82,5.1,"2 weeks ago"
"2011-02-26",97.89,1.9,5.2,"2 weeks ago"
"2011-02-26",-72.23,-34.03,5.2,"1 week ago"
"2011-02-26",51.64,13.67,5.4,"1 week ago"
"2011-02-26",155.14,-7.26,5.1,"1 week ago"
"2011-02-26",126.31,1.26,5,"1 week ago"
"2011-02-26",97.2,1.36,5.3,"1 week ago"
"2011-02-26",-25.86,-58.98,5,"1 week ago"
"2011-02-26",122.84,-7.89,5.1,"1 week ago"
"2011-02-26",162.12,55.92,6.1,"1 week ago"
"2011-02-26",-66.58,-27.9,5,"1 week ago"
"2011-02-26",177.35,-19.48,5,"1 week ago"
"2011-02-26",-72.36,-45.76,5,"1 week ago"
"2011-02-26",-64.69,-27.15,5.6,"1 week ago"
"2011-02-26",152.38,-4.62,5,"1 week ago"
"2011-02-26",178.39,-26.14,6.5,"1 week ago"
"2011-02-26",178.34,-25.89,5.1,"1 week ago"
"2011-02-26",161.42,-10.28,5.5,"1 week ago"
"2011-02-26",-158.51,-62.4,5.2,"1 week ago"
"2011-02-26",172.68,-43.58,6.1,"1 week ago"
"2011-02-26",172.65,-43.59,5.5,"1 week ago"
"2011-02-26",172.62,-43.6,5.6,"1 week ago"
"2011-02-26",120.65,14.13,5.2,"1 week ago"
"2011-02-26",128.71,26.42,5.1,"1 week ago"
"2011-02-26",143.17,38.23,5.1,"1 week ago"
"2011-02-26",143.84,22.11,5.5,"1 week ago"
"2011-02-26",-87.82,12.39,5.7,"1 week ago"
"2011-02-26",-175.92,-22.24,5,"1 week ago"
"2011-02-26",93.94,45.93,5,"1 week ago"
"2011-02-26",140.15,31.45,5.4,"1 week ago"
"2011-02-26",-174.43,-17.81,5.6,"1 week ago"
"2011-02-26",-73.81,-36.27,5.1,"1 week ago"
"2011-02-26",-178.42,-18.06,5.2,"1 week ago"
"2011-02-26",-95.01,17.84,5.9,"1 week ago"
"2011-02-26",140.24,34.33,5.3,"1 week ago"
"2011-02-26",101,-3.05,5.1,"1 week ago"
"2011-02-26",170.25,-21.81,5,"this week"
"2011-02-26",168.41,-20.49,5.1,"this week"
"2011-02-26",164.9,-10.62,5.9,"this week"
"2011-02-26",107.19,-6.56,5,"this week"
"2011-02-26",143.16,38.19,5,"this week"
"2011-02-26",141.65,37.36,5.1,"this week"
"2011-02-26",-109.61,-9.23,5.4,"this week"
"2011-02-26",-119.31,-54.66,5.4,"this week"
"2011-02-26",137.35,36.12,5.1,"this week"
"2011-02-26",-73.69,-37.36,5.8,"this week"
"2011-02-26",-68.41,-23.59,5,"this week"
"2011-02-26",-173.81,-17.7,5,"this week"
"2011-02-26",142.38,32.36,5.1,"this week"
"2011-02-26",-176.51,-15.14,5.2,"this week"
"2011-02-26",25.42,34.98,5.7,"this week"
"2011-02-26",67.4,-20.1,5.1,"this week"
"2011-02-26",-17.01,-59.23,5.6,"this week"
"2011-02-26",-16.85,-59.08,5.1,"this week"
"2011-02-26",152.14,46.22,5.1,"this week"
"2011-02-26",-68.9,-20.39,5.2,"this week"
"2011-02-26",95.96,3.97,5,"this week"
"2011-02-26",-112.06,-29.47,5.5,"this week"
"2011-02-26",-111.98,-29.7,6,"this week"
"2011-02-26",-11.37,-5.61,5.2,"this week"
"2011-02-26",179.6,51.02,5.4,"this week"
"2011-02-26",-76.86,8.6,5.7,"this week"
"2011-02-26",171.86,-63.87,5,"this week"
"2011-02-26",101.12,-4.42,5.1,"this week"
"2011-02-26",-73.86,-37.34,5.2,"this week"
"2011-02-26",130.1,-6.37,5,"this week"
"2011-02-26",150.93,46.97,5.4,"this week"
"2011-02-26",126.57,4.95,5.4,"this week"
"2011-02-26",125.94,9.46,5.5,"this week"
"2011-02-26",157.24,-8.93,5.6,"this week"
"2011-02-26",164,-49.64,5.1,"this week"
"2011-02-26",155.78,-7,5.2,"this week"
"2011-02-26",163.79,-49.54,5.3,"this week"
"2011-03-05",143.16,27.37,5,"3 weeks ago"
"2011-03-05",-72.95,-37.03,6.1,"3 weeks ago"
"2011-03-05",-17.02,0.08,5.7,"3 weeks ago"
"2011-03-05",-177.81,-31.24,5.6,"3 weeks ago"
"2011-03-05",154.21,-6.58,5.1,"3 weeks ago"
"2011-03-05",126.83,1.99,5.6,"3 weeks ago"
"2011-03-05",-175.67,-20.88,6.1,"3 weeks ago"
"2011-03-05",-73.18,-36.56,5.8,"3 weeks ago"
"2011-03-05",-73.18,-36.65,6,"3 weeks ago"
"2011-03-05",-73.28,-36.56,5.5,"3 weeks ago"
"2011-03-05",-176.79,-20.81,5.1,"3 weeks ago"
"2011-03-05",153.01,-4.29,5.3,"3 weeks ago"
"2011-03-05",144.17,-5.08,5,"3 weeks ago"
"2011-03-05",-72.83,-35.38,6.7,"3 weeks ago"
"2011-03-05",-73.25,-35.63,5,"3 weeks ago"
"2011-03-05",-72.88,-35.32,5.2,"3 weeks ago"
"2011-03-05",-72,-35.62,5.2,"3 weeks ago"
"2011-03-05",-68.83,-19.97,5.2,"3 weeks ago"
"2011-03-05",67.56,-16.07,5.2,"3 weeks ago"
"2011-03-05",121.19,21.1,5.4,"3 weeks ago"
"2011-03-05",-169.31,52.58,5,"3 weeks ago"
"2011-03-05",-14.37,-14,5.1,"3 weeks ago"
"2011-03-05",121.48,-2.5,6.1,"3 weeks ago"
"2011-03-05",128.29,25.91,5.1,"3 weeks ago"
"2011-03-05",130.54,-6.24,5,"3 weeks ago"
"2011-03-05",143.16,38.32,5.5,"3 weeks ago"
"2011-03-05",142.8,38.39,5.1,"3 weeks ago"
"2011-03-05",-17.93,-0.04,5.4,"3 weeks ago"
"2011-03-05",149.4,-6.12,5.4,"3 weeks ago"
"2011-03-05",-177.64,-20.19,5,"3 weeks ago"
"2011-03-05",128.28,25.91,5.2,"3 weeks ago"
"2011-03-05",166.47,-14.16,5.6,"3 weeks ago"
"2011-03-05",153.16,-4.61,5.5,"3 weeks ago"
"2011-03-05",-172.94,-18.73,5,"3 weeks ago"
"2011-03-05",-72.11,-33.93,5.3,"3 weeks ago"
"2011-03-05",-115.06,32.05,5.09,"3 weeks ago"
"2011-03-05",150.09,44.82,5.1,"3 weeks ago"
"2011-03-05",97.89,1.9,5.2,"3 weeks ago"
"2011-03-05",-72.23,-34.03,5.2,"2 weeks ago"
"2011-03-05",51.64,13.67,5.4,"2 weeks ago"
"2011-03-05",155.14,-7.26,5.1,"2 weeks ago"
"2011-03-05",126.31,1.26,5,"2 weeks ago"
"2011-03-05",97.2,1.36,5.3,"2 weeks ago"
"2011-03-05",-25.86,-58.98,5,"2 weeks ago"
"2011-03-05",122.84,-7.89,5.1,"2 weeks ago"
"2011-03-05",162.12,55.92,6.1,"2 weeks ago"
"2011-03-05",-66.58,-27.9,5,"2 weeks ago"
"2011-03-05",177.35,-19.48,5,"2 weeks ago"
"2011-03-05",-72.36,-45.76,5,"2 weeks ago"
"2011-03-05",-64.69,-27.15,5.6,"2 weeks ago"
"2011-03-05",152.38,-4.62,5,"2 weeks ago"
"2011-03-05",178.39,-26.14,6.5,"2 weeks ago"
"2011-03-05",178.34,-25.89,5.1,"2 weeks ago"
"2011-03-05",161.42,-10.28,5.5,"2 weeks ago"
"2011-03-05",-158.51,-62.4,5.2,"2 weeks ago"
"2011-03-05",172.68,-43.58,6.1,"2 weeks ago"
"2011-03-05",172.65,-43.59,5.5,"2 weeks ago"
"2011-03-05",172.62,-43.6,5.6,"2 weeks ago"
"2011-03-05",120.65,14.13,5.2,"2 weeks ago"
"2011-03-05",128.71,26.42,5.1,"2 weeks ago"
"2011-03-05",143.17,38.23,5.1,"2 weeks ago"
"2011-03-05",143.84,22.11,5.5,"2 weeks ago"
"2011-03-05",-87.82,12.39,5.7,"2 weeks ago"
"2011-03-05",-175.92,-22.24,5,"2 weeks ago"
"2011-03-05",93.94,45.93,5,"2 weeks ago"
"2011-03-05",140.15,31.45,5.4,"2 weeks ago"
"2011-03-05",-174.43,-17.81,5.6,"2 weeks ago"
"2011-03-05",-73.81,-36.27,5.1,"2 weeks ago"
"2011-03-05",-178.42,-18.06,5.2,"2 weeks ago"
"2011-03-05",-95.01,17.84,5.9,"2 weeks ago"
"2011-03-05",140.24,34.33,5.3,"2 weeks ago"
"2011-03-05",101,-3.05,5.1,"2 weeks ago"
"2011-03-05",170.25,-21.81,5,"1 week ago"
"2011-03-05",168.41,-20.49,5.1,"1 week ago"
"2011-03-05",164.9,-10.62,5.9,"1 week ago"
"2011-03-05",107.19,-6.56,5,"1 week ago"
"2011-03-05",143.16,38.19,5,"1 week ago"
"2011-03-05",141.65,37.36,5.1,"1 week ago"
"2011-03-05",-109.61,-9.23,5.4,"1 week ago"
"2011-03-05",-119.31,-54.66,5.4,"1 week ago"
"2011-03-05",137.35,36.12,5.1,"1 week ago"
"2011-03-05",-73.69,-37.36,5.8,"1 week ago"
"2011-03-05",-68.41,-23.59,5,"1 week ago"
"2011-03-05",-173.81,-17.7,5,"1 week ago"
"2011-03-05",142.38,32.36,5.1,"1 week ago"
"2011-03-05",-176.51,-15.14,5.2,"1 week ago"
"2011-03-05",25.42,34.98,5.7,"1 week ago"
"2011-03-05",67.4,-20.1,5.1,"1 week ago"
"2011-03-05",-17.01,-59.23,5.6,"1 week ago"
"2011-03-05",-16.85,-59.08,5.1,"1 week ago"
"2011-03-05",152.14,46.22,5.1,"1 week ago"
"2011-03-05",-68.9,-20.39,5.2,"1 week ago"
"2011-03-05",95.96,3.97,5,"1 week ago"
"2011-03-05",-112.06,-29.47,5.5,"1 week ago"
"2011-03-05",-111.98,-29.7,6,"1 week ago"
"2011-03-05",-11.37,-5.61,5.2,"1 week ago"
"2011-03-05",179.6,51.02,5.4,"1 week ago"
"2011-03-05",-76.86,8.6,5.7,"1 week ago"
"2011-03-05",171.86,-63.87,5,"1 week ago"
"2011-03-05",101.12,-4.42,5.1,"1 week ago"
"2011-03-05",-73.86,-37.34,5.2,"1 week ago"
"2011-03-05",130.1,-6.37,5,"1 week ago"
"2011-03-05",150.93,46.97,5.4,"1 week ago"
"2011-03-05",126.57,4.95,5.4,"1 week ago"
"2011-03-05",125.94,9.46,5.5,"1 week ago"
"2011-03-05",157.24,-8.93,5.6,"1 week ago"
"2011-03-05",164,-49.64,5.1,"1 week ago"
"2011-03-05",155.78,-7,5.2,"1 week ago"
"2011-03-05",163.79,-49.54,5.3,"1 week ago"
"2011-03-05",160.74,52.75,5.2,"this week"
"2011-03-05",51.16,30.02,5.3,"this week"
"2011-03-05",-111.58,-13.84,5,"this week"
"2011-03-05",57.14,28.3,5.2,"this week"
"2011-03-05",170.45,-23.06,5.2,"this week"
"2011-03-05",85.3,-41.34,5.02,"this week"
"2011-03-05",-69.36,-18.02,6.3,"this week"
"2011-03-05",-27.06,-56.42,6.5,"this week"
"2011-03-05",-26.74,-56.22,5.2,"this week"
"2011-03-05",-129.38,44.37,5,"this week"
"2011-03-05",-129.43,44.29,5,"this week"
"2011-03-05",-178.67,-31.09,5.3,"this week"
"2011-03-05",160.77,-10.35,6.3,"this week"
"2011-03-05",129.42,29.09,5.2,"this week"
"2011-03-05",169.34,-19.23,5,"this week"
"2011-03-05",-27.94,-55.92,5.2,"this week"
"2011-03-05",-129.45,44.32,5.1,"this week"
"2011-03-05",-177.93,-30.33,5,"this week"
"2011-03-05",160.66,52.78,5.3,"this week"
"2011-03-05",142.84,38.44,7.3,"this week"
"2011-03-05",143.24,38.47,5.1,"this week"
"2011-03-05",142.91,38.36,5.7,"this week"
"2011-03-05",143.1,38.25,5.7,"this week"
"2011-03-05",143.17,38.31,5.3,"this week"
"2011-03-05",143.06,38.71,5,"this week"
"2011-03-05",142.75,38.66,5.2,"this week"
"2011-03-05",143.03,38.67,5.1,"this week"
"2011-03-05",142.99,38.66,5.6,"this week"
"2011-03-05",142.7,38.47,5.3,"this week"
"2011-03-05",143.13,38.63,5,"this week"
"2011-03-05",143.13,38.23,5.1,"this week"
"2011-03-05",143.05,38.27,5,"this week"
"2011-03-05",143.16,38.21,5,"this week"
"2011-03-05",142.88,38.8,5.1,"this week"
"2011-03-05",143.08,38.61,5.2,"this week"
"2011-03-05",143.04,38.54,5.2,"this week"
"2011-03-05",-69.09,-27.54,5.2,"this week"
"2011-03-05",-174.23,-20.08,5.2,"this week"
"2011-03-05",92.41,8.65,5.3,"this week"
"2011-03-05",121.45,18.7,5.3,"this week"
"2011-03-05",142.43,38.31,6,"this week"
"2011-03-05",143.17,38.5,5.9,"this week"
"2011-03-05",67.41,-9.16,5.1,"this week"
"2011-03-05",142.65,38.34,6,"this week"
"2011-03-05",142.81,38.3,6.5,"this week"
"2011-03-05",149.78,-5.98,6.4,"this week"
"2011-03-05",143.17,38.4,5.4,"this week"
"2011-03-05",97.96,24.73,5.5,"this week"
"2011-03-05",143.27,38.6,5.6,"this week"
"2011-03-05",143.12,38.62,5.3,"this week"
"2011-03-05",143.04,38.59,5.1,"this week"
"2011-03-05",143.3,38.05,5,"this week"
"2011-03-05",116.72,-6.87,6.5,"this week"
"2011-03-05",120.74,13.73,5,"this week"
"2011-03-05",-117.84,-53.21,5.7,"this week"
"2011-03-05",142.37,38.3,9.1,"this week"
"2011-03-05",141.18,37.71,6.3,"this week"
"2011-03-05",143.35,37.36,6.4,"this week"
"2011-03-05",142.16,37.62,6.3,"this week"
"2011-03-05",141.76,37.05,5.9,"this week"
"2011-03-05",142.49,38.09,6.2,"this week"
"2011-03-05",141.84,36.47,5.9,"this week"
"2011-03-05",141.78,36.38,5.8,"this week"
"2011-03-05",142.29,39,6.3,"this week"
"2011-03-05",141.88,36.42,6.4,"this week"
"2011-03-05",143.37,38.97,6.7,"this week"
"2011-03-05",141.7,36.11,5.9,"this week"
"2011-03-05",144.23,37.79,6.2,"this week"
"2011-03-05",141.6,37.21,6.2,"this week"
"2011-03-05",143.8,37.93,6.3,"this week"
"2011-03-05",141.11,36.28,7.9,"this week"
"2011-03-05",142.27,36.02,6.6,"this week"
"2011-03-05",142.07,36,6.5,"this week"
"2011-03-05",142.81,38.29,6.2,"this week"
"2011-03-05",142.28,39.03,6.2,"this week"
"2011-03-05",144.59,38.06,7.7,"this week"
"2011-03-05",144.23,37.81,6.1,"this week"
"2011-03-05",141.87,36.62,5.9,"this week"
"2011-03-05",141.1,35.81,5.8,"this week"
"2011-03-05",142.4,37.47,5.6,"this week"
"2011-03-05",141.66,36.09,5.8,"this week"
"2011-03-05",142.46,37.04,5.5,"this week"
"2011-03-05",141.58,39.6,5.8,"this week"
"2011-03-05",141.92,34.88,5.2,"this week"
"2011-03-05",144.63,38.07,5.4,"this week"
"2011-03-05",141.1,36.59,5.3,"this week"
"2011-03-05",143.25,37.96,5.9,"this week"
"2011-03-05",141.95,38.81,5.3,"this week"
"2011-03-05",142.72,37.96,6.2,"this week"
"2011-03-05",144.24,37.34,6.1,"this week"
"2011-03-05",141.6,40.67,5.8,"this week"
"2011-03-05",143.02,38.06,5.5,"this week"
"2011-03-05",141.49,36.97,5.4,"this week"
"2011-03-05",142.85,37.56,5.9,"this week"
"2011-03-05",140.88,35.71,6,"this week"
"2011-03-05",144.72,37.36,6.3,"this week"
"2011-03-05",143.76,36.63,5.7,"this week"
"2011-03-05",142.53,39.69,5.8,"this week"
"2011-03-05",142.8,37.92,5.6,"this week"
"2011-03-05",142.4,38.96,5.8,"this week"
"2011-03-05",143.6,38.44,5.7,"this week"
"2011-03-05",142.98,37.78,5.6,"this week"
"2011-03-05",141.87,36.71,5.7,"this week"
"2011-03-05",141.86,36.72,5.6,"this week"
"2011-03-05",142.68,37.88,5.8,"this week"
"2011-03-05",142.36,36.1,5.9,"this week"
"2011-03-05",141.82,36.59,6.3,"this week"
"2011-03-05",142.41,37.01,5.8,"this week"
"2011-03-05",142.1,37.45,5.9,"this week"
"2011-03-05",144.53,37.93,6.1,"this week"
"2011-03-05",141.82,36.82,6.1,"this week"
"2011-03-05",142.35,39.03,6.3,"this week"
"2011-03-05",141.2,37.44,6,"this week"
"2011-03-05",142.71,36.32,5.7,"this week"
"2011-03-05",142.31,36.94,5.7,"this week"
"2011-03-05",142.79,39.2,5.8,"this week"
"2011-03-05",142.19,38.34,5.3,"this week"
"2011-03-05",141.89,36.4,5.7,"this week"
"2011-03-05",141.81,36.2,5.8,"this week"
"2011-03-05",143.84,38.73,5.2,"this week"
"2011-03-05",142.16,36.95,5.1,"this week"
"2011-03-05",141.76,36.52,5.4,"this week"
"2011-03-05",141.68,36.55,5,"this week"
"2011-03-05",141.96,36.73,5,"this week"
"2011-03-05",141.57,37.74,5.7,"this week"
"2011-03-05",142.23,37.11,5.6,"this week"
"2011-03-05",142.78,37.01,5.7,"this week"
"2011-03-05",142.82,36.98,5.1,"this week"
"2011-03-05",142.7,36.94,5.9,"this week"
"2011-03-05",142.21,37.59,5.7,"this week"
"2011-03-05",142.82,37.57,5.4,"this week"
"2011-03-05",140.85,36.29,5.6,"this week"
"2011-03-05",141.49,36.57,6.2,"this week"
"2011-03-05",144.54,37.05,6.1,"this week"
"2011-03-05",141.7,36.12,5.4,"this week"
"2011-03-05",141.56,36.17,6.5,"this week"
"2011-03-05",143.02,37.37,6.1,"this week"
"2011-03-05",142.66,38.02,6,"this week"
"2011-03-05",141.18,37.47,6,"this week"
"2011-03-05",142.97,39.14,6,"this week"
"2011-03-05",140.98,36.03,5.6,"this week"
"2011-03-05",143.83,37.7,5.4,"this week"
"2011-03-05",142.77,37.64,5.5,"this week"
"2011-03-05",140.98,37.45,5.9,"this week"
"2011-03-05",140.97,36.12,5.6,"this week"
"2011-03-05",142.45,37.42,5.6,"this week"
"2011-03-05",141.91,36.51,5.2,"this week"
"2011-03-05",143.64,37.56,5.3,"this week"
"2011-03-05",141.1,36.33,5.3,"this week"
"2011-03-05",141.92,36.77,5.5,"this week"
"2011-03-05",141.6,36.61,5,"this week"
"2011-03-05",142.5,37.28,5.1,"this week"
"2011-03-05",142.72,37.38,5.4,"this week"
"2011-03-05",142.67,37.3,5.3,"this week"
"2011-03-05",144,37.4,5.1,"this week"
"2011-03-05",143.31,37.68,5.5,"this week"
"2011-03-05",140.12,37.97,5,"this week"
"2011-03-05",144.13,37.44,5,"this week"
"2011-03-05",142.16,38.3,5.3,"this week"
"2011-03-05",142.65,37.7,5,"this week"
"2011-03-05",141.6,35.91,5.5,"this week"
"2011-03-05",142.71,39.49,5.3,"this week"
"2011-03-05",142.3,36.66,5,"this week"
"2011-03-05",144.12,37.4,5,"this week"
"2011-03-05",143.06,39.6,5.4,"this week"
"2011-03-05",141.82,36.22,5.1,"this week"
"2011-03-05",141.81,37.72,5,"this week"
"2011-03-05",142.19,36.66,5.3,"this week"
"2011-03-05",143.16,37.3,5.1,"this week"
"2011-03-05",142.76,39.19,6,"this week"
"2011-03-05",140.98,35.81,5,"this week"
"2011-03-05",141.61,36.05,5,"this week"
"2011-03-05",142.25,36.9,5.4,"this week"
"2011-03-05",142.03,37.26,5.4,"this week"
"2011-03-05",142.86,37.97,5.1,"this week"
"2011-03-05",142.52,36.66,5.7,"this week"
"2011-03-05",-118.03,-52.4,5,"this week"
"2011-03-05",143.57,37.96,5,"this week"
"2011-03-05",143.59,39.4,5.9,"this week"
"2011-03-05",141.2,37.05,5.2,"this week"
"2011-03-05",142.49,36.69,5,"this week"
"2011-03-05",143.12,38.39,5,"this week"
"2011-03-05",141.39,35.89,5.4,"this week"
"2011-03-05",143.75,38.42,5.6,"this week"
"2011-03-05",143.05,37.49,5.2,"this week"
"2011-03-05",143.36,38.49,5,"this week"
"2011-03-05",142.27,39,5.2,"this week"
"2011-03-05",141.5,37.74,5.6,"this week"
"2011-03-05",142.96,39.17,5.3,"this week"
"2011-03-05",142.6,38,5,"this week"
"2011-03-05",142.54,37.02,5.1,"this week"
"2011-03-05",143.26,36.48,5.2,"this week"
"2011-03-05",141.84,35.53,5.5,"this week"
"2011-03-05",141.78,36.38,5.5,"this week"
"2011-03-05",143.32,39.19,5.3,"this week"
"2011-03-05",141.81,36.63,5.5,"this week"
"2011-03-05",140.93,35.68,5.7,"this week"
"2011-03-05",143.07,37.55,5.8,"this week"
"2011-03-05",142.01,35.57,5.2,"this week"
"2011-03-05",143.37,39.13,5.4,"this week"
"2011-03-05",142.16,38.5,5.2,"this week"
"2011-03-05",143.43,39.22,5.4,"this week"
"2011-03-05",140.12,38.08,5.1,"this week"
"2011-03-05",142.4,36.24,5.7,"this week"
"2011-03-05",143.17,39.06,5.8,"this week"
"2011-03-05",70.55,36.27,5.1,"this week"
"2011-03-05",144.78,37.91,5.3,"this week"
"2011-03-05",142.46,39.24,6.6,"this week"
"2011-03-05",142.91,39.32,5.4,"this week"
"2011-03-05",142.24,36.7,5.7,"this week"
"2011-03-05",141.17,36,5.8,"this week"
"2011-03-05",144.49,37.9,5,"this week"
"2011-03-05",142.51,36.93,5.3,"this week"
"2011-03-05",142.7,37.23,5.3,"this week"
"2011-03-05",141.53,36.27,5.5,"this week"
"2011-03-05",143.01,37.69,5.3,"this week"
"2011-03-05",142.09,39.2,5.3,"this week"
"2011-03-05",142.08,35.75,5.6,"this week"
"2011-03-05",142.74,36.33,5.1,"this week"
"2011-03-05",144.64,38.9,5,"this week"
"2011-03-05",142.55,38.06,5.9,"this week"
"2011-03-05",142.26,39.08,5.8,"this week"
"2011-03-05",141.75,36.48,5.3,"this week"
"2011-03-05",141.71,36.19,5.2,"this week"
"2011-03-05",142.7,38.06,5.4,"this week"
"2011-03-05",143.62,36.99,5.3,"this week"
"2011-03-05",143.3,37.46,5.4,"this week"
"2011-03-05",143.51,39.28,5.3,"this week"
"2011-03-05",141.6,36.15,5.6,"this week"
"2011-03-05",141.98,38.5,5.4,"this week"
"2011-03-05",141.96,37.8,5.5,"this week"
"2011-03-05",141.69,36.15,5.2,"this week"
"2011-03-05",141.98,36.54,5.3,"this week"
"2011-03-05",143.76,37.74,5.1,"this week"
"2011-03-05",141.88,37.38,5.1,"this week"
"2011-03-05",141.74,36.37,5.6,"this week"
"2011-03-05",142.83,37.58,5.5,"this week"
"2011-03-05",142.14,35.79,5,"this week"
"2011-03-05",142.8,39.21,5.1,"this week"
"2011-03-05",141.84,36.16,5.5,"this week"
"2011-03-05",142.06,37.34,5,"this week"
"2011-03-05",144.13,38.99,5.7,"this week"
"2011-03-05",141.15,36.87,5,"this week"
"2011-03-05",141.88,36.63,5,"this week"
"2011-03-05",143.12,38.37,5.3,"this week"
"2011-03-05",142.9,37.99,5.2,"this week"
"2011-03-05",142.14,37.22,5.1,"this week"
"2011-03-05",140.76,36.12,5.5,"this week"
"2011-03-05",141.94,37.5,5.2,"this week"
"2011-03-05",143.22,37.55,5.1,"this week"
"2011-03-05",142.11,37.09,5,"this week"
"2011-03-05",142.38,37.41,5,"this week"
"2011-03-05",143.96,37.05,5.4,"this week"
"2011-03-05",144.04,37.11,5.5,"this week"
"2011-03-05",140.79,36.67,5.1,"this week"
"2011-03-05",144.29,38.12,5,"this week"
"2011-03-05",141.9,35.97,5.3,"this week"
"2011-03-05",141.4,35.96,5.8,"this week"
"2011-03-05",142.35,39.05,5,"this week"
"2011-03-05",141.74,37.28,5,"this week"
"2011-03-05",141.54,36.33,5.5,"this week"
"2011-03-05",141.81,35.99,6.3,"this week"
"2011-03-05",141.86,36.25,5.5,"this week"
"2011-03-05",141.86,36.4,6,"this week"
"2011-03-05",141.55,35.64,5.5,"this week"
"2011-03-05",142.28,37.32,5.2,"this week"
"2011-03-05",142.24,37.18,5.2,"this week"
"2011-03-05",141.71,36.02,5.4,"this week"
"2011-03-05",141.96,35.94,5,"this week"
"2011-03-05",142.37,37.5,5,"this week"
"2011-03-05",142.99,38.7,5,"this week"
"2011-03-05",144.07,36.58,5.4,"this week"
"2011-03-05",144.41,39.26,5.3,"this week"
"2011-03-05",143.46,39.46,5.5,"this week"
"2011-03-05",143.38,39.62,5,"this week"
"2011-03-05",142.3,36.56,5,"this week"
"2011-03-05",143.15,37.82,5,"this week"
"2011-03-05",144.34,38.17,5,"this week"
"2011-03-05",144.3,38.5,5,"this week"
"2011-03-05",144.09,37.47,5,"this week"
"2011-03-05",144.16,37,5.6,"this week"
"2011-03-05",141.39,35.33,5.5,"this week"
"2011-03-05",143.57,37.74,5.1,"this week"
"2011-03-05",142.43,36.57,5.1,"this week"
"2011-03-05",141.81,36,5,"this week"
"2011-03-05",141.14,37.38,5,"this week"
"2011-03-05",144.63,37.06,5.4,"this week"
"2011-03-05",142.71,37.33,5.1,"this week"
"2011-03-05",143.42,39.74,5.2,"this week"
"2011-03-05",144.91,37.66,5,"this week"
"2011-03-05",142.06,36.76,5,"this week"
"2011-03-05",142.1,37.2,5.7,"this week"
"2011-03-05",142.21,36.45,5.1,"this week"
"2011-03-05",141.63,36.22,5.8,"this week"
"2011-03-05",143.26,39.19,5,"this week"
"2011-03-05",141.02,36.83,5,"this week"
"2011-03-05",141.24,36.13,5.1,"this week"
"2011-03-05",141.74,35.8,5,"this week"
"2011-03-05",138.38,37.01,6.2,"this week"
"2011-03-05",142.87,39.34,6,"this week"
"2011-03-05",140.88,36.26,5.5,"this week"
"2011-03-05",144.01,38.16,5,"this week"
"2011-03-05",140.66,35.69,5.5,"this week"
"2011-03-05",142.98,37.06,5,"this week"
"2011-03-05",138.3,36.94,5.7,"this week"
"2011-03-05",142.44,37.11,5.2,"this week"
"2011-03-05",143.56,37.44,5,"this week"
"2011-03-05",141.58,37.56,5.2,"this week"
"2011-03-05",139.06,40.48,6.2,"this week"
"2011-03-05",-176.16,-24.44,5,"this week"
"2011-03-05",144.36,38.9,5,"this week"
"2011-03-05",142.63,39.01,6.1,"this week"
"2011-03-05",144.86,38.38,5,"this week"
"2011-03-05",141.6,35.81,5.7,"this week"
"2011-03-05",141.97,36.9,5.2,"this week"
"2011-03-05",143.34,37.68,5.4,"this week"
"2011-03-05",141.12,37,5.1,"this week"
"2011-03-05",142.83,37.83,5.5,"this week"
"2011-03-05",143.71,37.66,5.1,"this week"
"2011-03-05",142.26,38.27,5,"this week"
"2011-03-05",143,39.17,5,"this week"
"2011-03-05",142.48,39,5.4,"this week"
"2011-03-05",142.91,37.83,5,"this week"
"2011-03-05",142.3,37.26,5.2,"this week"
"2011-03-05",142.25,38.28,5.4,"this week"
"2011-03-05",141.64,36.63,5,"this week"
"2011-03-05",143.81,37.08,5,"this week"
"2011-03-05",143.81,37.61,5.1,"this week"
"2011-03-05",144.83,37.83,5.7,"this week"
"2011-03-05",142.31,36.49,5.4,"this week"
"2011-03-05",142.62,39.05,5.3,"this week"
"2011-03-05",143.52,37.06,5,"this week"
"2011-03-05",142.53,38.86,5.1,"this week"
"2011-03-05",143.52,38.4,5.3,"this week"
"2011-03-05",141.51,36.53,5.4,"this week"
"2011-03-12",-72.23,-34.03,5.2,"3 weeks ago"
"2011-03-12",51.64,13.67,5.4,"3 weeks ago"
"2011-03-12",155.14,-7.26,5.1,"3 weeks ago"
"2011-03-12",126.31,1.26,5,"3 weeks ago"
"2011-03-12",97.2,1.36,5.3,"3 weeks ago"
"2011-03-12",-25.86,-58.98,5,"3 weeks ago"
"2011-03-12",122.84,-7.89,5.1,"3 weeks ago"
"2011-03-12",162.12,55.92,6.1,"3 weeks ago"
"2011-03-12",-66.58,-27.9,5,"3 weeks ago"
"2011-03-12",177.35,-19.48,5,"3 weeks ago"
"2011-03-12",-72.36,-45.76,5,"3 weeks ago"
"2011-03-12",-64.69,-27.15,5.6,"3 weeks ago"
"2011-03-12",152.38,-4.62,5,"3 weeks ago"
"2011-03-12",178.39,-26.14,6.5,"3 weeks ago"
"2011-03-12",178.34,-25.89,5.1,"3 weeks ago"
"2011-03-12",161.42,-10.28,5.5,"3 weeks ago"
"2011-03-12",-158.51,-62.4,5.2,"3 weeks ago"
"2011-03-12",172.68,-43.58,6.1,"3 weeks ago"
"2011-03-12",172.65,-43.59,5.5,"3 weeks ago"
"2011-03-12",172.62,-43.6,5.6,"3 weeks ago"
"2011-03-12",120.65,14.13,5.2,"3 weeks ago"
"2011-03-12",128.71,26.42,5.1,"3 weeks ago"
"2011-03-12",143.17,38.23,5.1,"3 weeks ago"
"2011-03-12",143.84,22.11,5.5,"3 weeks ago"
"2011-03-12",-87.82,12.39,5.7,"3 weeks ago"
"2011-03-12",-175.92,-22.24,5,"3 weeks ago"
"2011-03-12",93.94,45.93,5,"3 weeks ago"
"2011-03-12",140.15,31.45,5.4,"3 weeks ago"
"2011-03-12",-174.43,-17.81,5.6,"3 weeks ago"
"2011-03-12",-73.81,-36.27,5.1,"3 weeks ago"
"2011-03-12",-178.42,-18.06,5.2,"3 weeks ago"
"2011-03-12",-95.01,17.84,5.9,"3 weeks ago"
"2011-03-12",140.24,34.33,5.3,"3 weeks ago"
"2011-03-12",101,-3.05,5.1,"3 weeks ago"
"2011-03-12",170.25,-21.81,5,"2 weeks ago"
"2011-03-12",168.41,-20.49,5.1,"2 weeks ago"
"2011-03-12",164.9,-10.62,5.9,"2 weeks ago"
"2011-03-12",107.19,-6.56,5,"2 weeks ago"
"2011-03-12",143.16,38.19,5,"2 weeks ago"
"2011-03-12",141.65,37.36,5.1,"2 weeks ago"
"2011-03-12",-109.61,-9.23,5.4,"2 weeks ago"
"2011-03-12",-119.31,-54.66,5.4,"2 weeks ago"
"2011-03-12",137.35,36.12,5.1,"2 weeks ago"
"2011-03-12",-73.69,-37.36,5.8,"2 weeks ago"
"2011-03-12",-68.41,-23.59,5,"2 weeks ago"
"2011-03-12",-173.81,-17.7,5,"2 weeks ago"
"2011-03-12",142.38,32.36,5.1,"2 weeks ago"
"2011-03-12",-176.51,-15.14,5.2,"2 weeks ago"
"2011-03-12",25.42,34.98,5.7,"2 weeks ago"
"2011-03-12",67.4,-20.1,5.1,"2 weeks ago"
"2011-03-12",-17.01,-59.23,5.6,"2 weeks ago"
"2011-03-12",-16.85,-59.08,5.1,"2 weeks ago"
"2011-03-12",152.14,46.22,5.1,"2 weeks ago"
"2011-03-12",-68.9,-20.39,5.2,"2 weeks ago"
"2011-03-12",95.96,3.97,5,"2 weeks ago"
"2011-03-12",-112.06,-29.47,5.5,"2 weeks ago"
"2011-03-12",-111.98,-29.7,6,"2 weeks ago"
"2011-03-12",-11.37,-5.61,5.2,"2 weeks ago"
"2011-03-12",179.6,51.02,5.4,"2 weeks ago"
"2011-03-12",-76.86,8.6,5.7,"2 weeks ago"
"2011-03-12",171.86,-63.87,5,"2 weeks ago"
"2011-03-12",101.12,-4.42,5.1,"2 weeks ago"
"2011-03-12",-73.86,-37.34,5.2,"2 weeks ago"
"2011-03-12",130.1,-6.37,5,"2 weeks ago"
"2011-03-12",150.93,46.97,5.4,"2 weeks ago"
"2011-03-12",126.57,4.95,5.4,"2 weeks ago"
"2011-03-12",125.94,9.46,5.5,"2 weeks ago"
"2011-03-12",157.24,-8.93,5.6,"2 weeks ago"
"2011-03-12",164,-49.64,5.1,"2 weeks ago"
"2011-03-12",155.78,-7,5.2,"2 weeks ago"
"2011-03-12",163.79,-49.54,5.3,"2 weeks ago"
"2011-03-12",160.74,52.75,5.2,"1 week ago"
"2011-03-12",51.16,30.02,5.3,"1 week ago"
"2011-03-12",-111.58,-13.84,5,"1 week ago"
"2011-03-12",57.14,28.3,5.2,"1 week ago"
"2011-03-12",170.45,-23.06,5.2,"1 week ago"
"2011-03-12",85.3,-41.34,5.02,"1 week ago"
"2011-03-12",-69.36,-18.02,6.3,"1 week ago"
"2011-03-12",-27.06,-56.42,6.5,"1 week ago"
"2011-03-12",-26.74,-56.22,5.2,"1 week ago"
"2011-03-12",-129.38,44.37,5,"1 week ago"
"2011-03-12",-129.43,44.29,5,"1 week ago"
"2011-03-12",-178.67,-31.09,5.3,"1 week ago"
"2011-03-12",160.77,-10.35,6.3,"1 week ago"
"2011-03-12",129.42,29.09,5.2,"1 week ago"
"2011-03-12",169.34,-19.23,5,"1 week ago"
"2011-03-12",-27.94,-55.92,5.2,"1 week ago"
"2011-03-12",-129.45,44.32,5.1,"1 week ago"
"2011-03-12",-177.93,-30.33,5,"1 week ago"
"2011-03-12",160.66,52.78,5.3,"1 week ago"
"2011-03-12",142.84,38.44,7.3,"1 week ago"
"2011-03-12",143.24,38.47,5.1,"1 week ago"
"2011-03-12",142.91,38.36,5.7,"1 week ago"
"2011-03-12",143.1,38.25,5.7,"1 week ago"
"2011-03-12",143.17,38.31,5.3,"1 week ago"
"2011-03-12",143.06,38.71,5,"1 week ago"
"2011-03-12",142.75,38.66,5.2,"1 week ago"
"2011-03-12",143.03,38.67,5.1,"1 week ago"
"2011-03-12",142.99,38.66,5.6,"1 week ago"
"2011-03-12",142.7,38.47,5.3,"1 week ago"
"2011-03-12",143.13,38.63,5,"1 week ago"
"2011-03-12",143.13,38.23,5.1,"1 week ago"
"2011-03-12",143.05,38.27,5,"1 week ago"
"2011-03-12",143.16,38.21,5,"1 week ago"
"2011-03-12",142.88,38.8,5.1,"1 week ago"
"2011-03-12",143.08,38.61,5.2,"1 week ago"
"2011-03-12",143.04,38.54,5.2,"1 week ago"
"2011-03-12",-69.09,-27.54,5.2,"1 week ago"
"2011-03-12",-174.23,-20.08,5.2,"1 week ago"
"2011-03-12",92.41,8.65,5.3,"1 week ago"
"2011-03-12",121.45,18.7,5.3,"1 week ago"
"2011-03-12",142.43,38.31,6,"1 week ago"
"2011-03-12",143.17,38.5,5.9,"1 week ago"
"2011-03-12",67.41,-9.16,5.1,"1 week ago"
"2011-03-12",142.65,38.34,6,"1 week ago"
"2011-03-12",142.81,38.3,6.5,"1 week ago"
"2011-03-12",149.78,-5.98,6.4,"1 week ago"
"2011-03-12",143.17,38.4,5.4,"1 week ago"
"2011-03-12",97.96,24.73,5.5,"1 week ago"
"2011-03-12",143.27,38.6,5.6,"1 week ago"
"2011-03-12",143.12,38.62,5.3,"1 week ago"
"2011-03-12",143.04,38.59,5.1,"1 week ago"
"2011-03-12",143.3,38.05,5,"1 week ago"
"2011-03-12",116.72,-6.87,6.5,"1 week ago"
"2011-03-12",120.74,13.73,5,"1 week ago"
"2011-03-12",-117.84,-53.21,5.7,"1 week ago"
"2011-03-12",142.37,38.3,9.1,"1 week ago"
"2011-03-12",141.18,37.71,6.3,"1 week ago"
"2011-03-12",143.35,37.36,6.4,"1 week ago"
"2011-03-12",142.16,37.62,6.3,"1 week ago"
"2011-03-12",141.76,37.05,5.9,"1 week ago"
"2011-03-12",142.49,38.09,6.2,"1 week ago"
"2011-03-12",141.84,36.47,5.9,"1 week ago"
"2011-03-12",141.78,36.38,5.8,"1 week ago"
"2011-03-12",142.29,39,6.3,"1 week ago"
"2011-03-12",141.88,36.42,6.4,"1 week ago"
"2011-03-12",143.37,38.97,6.7,"1 week ago"
"2011-03-12",141.7,36.11,5.9,"1 week ago"
"2011-03-12",144.23,37.79,6.2,"1 week ago"
"2011-03-12",141.6,37.21,6.2,"1 week ago"
"2011-03-12",143.8,37.93,6.3,"1 week ago"
"2011-03-12",141.11,36.28,7.9,"1 week ago"
"2011-03-12",142.27,36.02,6.6,"1 week ago"
"2011-03-12",142.07,36,6.5,"1 week ago"
"2011-03-12",142.81,38.29,6.2,"1 week ago"
"2011-03-12",142.28,39.03,6.2,"1 week ago"
"2011-03-12",144.59,38.06,7.7,"1 week ago"
"2011-03-12",144.23,37.81,6.1,"1 week ago"
"2011-03-12",141.87,36.62,5.9,"1 week ago"
"2011-03-12",141.1,35.81,5.8,"1 week ago"
"2011-03-12",142.4,37.47,5.6,"1 week ago"
"2011-03-12",141.66,36.09,5.8,"1 week ago"
"2011-03-12",142.46,37.04,5.5,"1 week ago"
"2011-03-12",141.58,39.6,5.8,"1 week ago"
"2011-03-12",141.92,34.88,5.2,"1 week ago"
"2011-03-12",144.63,38.07,5.4,"1 week ago"
"2011-03-12",141.1,36.59,5.3,"1 week ago"
"2011-03-12",143.25,37.96,5.9,"1 week ago"
"2011-03-12",141.95,38.81,5.3,"1 week ago"
"2011-03-12",142.72,37.96,6.2,"1 week ago"
"2011-03-12",144.24,37.34,6.1,"1 week ago"
"2011-03-12",141.6,40.67,5.8,"1 week ago"
"2011-03-12",143.02,38.06,5.5,"1 week ago"
"2011-03-12",141.49,36.97,5.4,"1 week ago"
"2011-03-12",142.85,37.56,5.9,"1 week ago"
"2011-03-12",140.88,35.71,6,"1 week ago"
"2011-03-12",144.72,37.36,6.3,"1 week ago"
"2011-03-12",143.76,36.63,5.7,"1 week ago"
"2011-03-12",142.53,39.69,5.8,"1 week ago"
"2011-03-12",142.8,37.92,5.6,"1 week ago"
"2011-03-12",142.4,38.96,5.8,"1 week ago"
"2011-03-12",143.6,38.44,5.7,"1 week ago"
"2011-03-12",142.98,37.78,5.6,"1 week ago"
"2011-03-12",141.87,36.71,5.7,"1 week ago"
"2011-03-12",141.86,36.72,5.6,"1 week ago"
"2011-03-12",142.68,37.88,5.8,"1 week ago"
"2011-03-12",142.36,36.1,5.9,"1 week ago"
"2011-03-12",141.82,36.59,6.3,"1 week ago"
"2011-03-12",142.41,37.01,5.8,"1 week ago"
"2011-03-12",142.1,37.45,5.9,"1 week ago"
"2011-03-12",144.53,37.93,6.1,"1 week ago"
"2011-03-12",141.82,36.82,6.1,"1 week ago"
"2011-03-12",142.35,39.03,6.3,"1 week ago"
"2011-03-12",141.2,37.44,6,"1 week ago"
"2011-03-12",142.71,36.32,5.7,"1 week ago"
"2011-03-12",142.31,36.94,5.7,"1 week ago"
"2011-03-12",142.79,39.2,5.8,"1 week ago"
"2011-03-12",142.19,38.34,5.3,"1 week ago"
"2011-03-12",141.89,36.4,5.7,"1 week ago"
"2011-03-12",141.81,36.2,5.8,"1 week ago"
"2011-03-12",143.84,38.73,5.2,"1 week ago"
"2011-03-12",142.16,36.95,5.1,"1 week ago"
"2011-03-12",141.76,36.52,5.4,"1 week ago"
"2011-03-12",141.68,36.55,5,"1 week ago"
"2011-03-12",141.96,36.73,5,"1 week ago"
"2011-03-12",141.57,37.74,5.7,"1 week ago"
"2011-03-12",142.23,37.11,5.6,"1 week ago"
"2011-03-12",142.78,37.01,5.7,"1 week ago"
"2011-03-12",142.82,36.98,5.1,"1 week ago"
"2011-03-12",142.7,36.94,5.9,"1 week ago"
"2011-03-12",142.21,37.59,5.7,"1 week ago"
"2011-03-12",142.82,37.57,5.4,"1 week ago"
"2011-03-12",140.85,36.29,5.6,"1 week ago"
"2011-03-12",141.49,36.57,6.2,"1 week ago"
"2011-03-12",144.54,37.05,6.1,"1 week ago"
"2011-03-12",141.7,36.12,5.4,"1 week ago"
"2011-03-12",141.56,36.17,6.5,"1 week ago"
"2011-03-12",143.02,37.37,6.1,"1 week ago"
"2011-03-12",142.66,38.02,6,"1 week ago"
"2011-03-12",141.18,37.47,6,"1 week ago"
"2011-03-12",142.97,39.14,6,"1 week ago"
"2011-03-12",140.98,36.03,5.6,"1 week ago"
"2011-03-12",143.83,37.7,5.4,"1 week ago"
"2011-03-12",142.77,37.64,5.5,"1 week ago"
"2011-03-12",140.98,37.45,5.9,"1 week ago"
"2011-03-12",140.97,36.12,5.6,"1 week ago"
"2011-03-12",142.45,37.42,5.6,"1 week ago"
"2011-03-12",141.91,36.51,5.2,"1 week ago"
"2011-03-12",143.64,37.56,5.3,"1 week ago"
"2011-03-12",141.1,36.33,5.3,"1 week ago"
"2011-03-12",141.92,36.77,5.5,"1 week ago"
"2011-03-12",141.6,36.61,5,"1 week ago"
"2011-03-12",142.5,37.28,5.1,"1 week ago"
"2011-03-12",142.72,37.38,5.4,"1 week ago"
"2011-03-12",142.67,37.3,5.3,"1 week ago"
"2011-03-12",144,37.4,5.1,"1 week ago"
"2011-03-12",143.31,37.68,5.5,"1 week ago"
"2011-03-12",140.12,37.97,5,"1 week ago"
"2011-03-12",144.13,37.44,5,"1 week ago"
"2011-03-12",142.16,38.3,5.3,"1 week ago"
"2011-03-12",142.65,37.7,5,"1 week ago"
"2011-03-12",141.6,35.91,5.5,"1 week ago"
"2011-03-12",142.71,39.49,5.3,"1 week ago"
"2011-03-12",142.3,36.66,5,"1 week ago"
"2011-03-12",144.12,37.4,5,"1 week ago"
"2011-03-12",143.06,39.6,5.4,"1 week ago"
"2011-03-12",141.82,36.22,5.1,"1 week ago"
"2011-03-12",141.81,37.72,5,"1 week ago"
"2011-03-12",142.19,36.66,5.3,"1 week ago"
"2011-03-12",143.16,37.3,5.1,"1 week ago"
"2011-03-12",142.76,39.19,6,"1 week ago"
"2011-03-12",140.98,35.81,5,"1 week ago"
"2011-03-12",141.61,36.05,5,"1 week ago"
"2011-03-12",142.25,36.9,5.4,"1 week ago"
"2011-03-12",142.03,37.26,5.4,"1 week ago"
"2011-03-12",142.86,37.97,5.1,"1 week ago"
"2011-03-12",142.52,36.66,5.7,"1 week ago"
"2011-03-12",-118.03,-52.4,5,"1 week ago"
"2011-03-12",143.57,37.96,5,"1 week ago"
"2011-03-12",143.59,39.4,5.9,"1 week ago"
"2011-03-12",141.2,37.05,5.2,"1 week ago"
"2011-03-12",142.49,36.69,5,"1 week ago"
"2011-03-12",143.12,38.39,5,"1 week ago"
"2011-03-12",141.39,35.89,5.4,"1 week ago"
"2011-03-12",143.75,38.42,5.6,"1 week ago"
"2011-03-12",143.05,37.49,5.2,"1 week ago"
"2011-03-12",143.36,38.49,5,"1 week ago"
"2011-03-12",142.27,39,5.2,"1 week ago"
"2011-03-12",141.5,37.74,5.6,"1 week ago"
"2011-03-12",142.96,39.17,5.3,"1 week ago"
"2011-03-12",142.6,38,5,"1 week ago"
"2011-03-12",142.54,37.02,5.1,"1 week ago"
"2011-03-12",143.26,36.48,5.2,"1 week ago"
"2011-03-12",141.84,35.53,5.5,"1 week ago"
"2011-03-12",141.78,36.38,5.5,"1 week ago"
"2011-03-12",143.32,39.19,5.3,"1 week ago"
"2011-03-12",141.81,36.63,5.5,"1 week ago"
"2011-03-12",140.93,35.68,5.7,"1 week ago"
"2011-03-12",143.07,37.55,5.8,"1 week ago"
"2011-03-12",142.01,35.57,5.2,"1 week ago"
"2011-03-12",143.37,39.13,5.4,"1 week ago"
"2011-03-12",142.16,38.5,5.2,"1 week ago"
"2011-03-12",143.43,39.22,5.4,"1 week ago"
"2011-03-12",140.12,38.08,5.1,"1 week ago"
"2011-03-12",142.4,36.24,5.7,"1 week ago"
"2011-03-12",143.17,39.06,5.8,"1 week ago"
"2011-03-12",70.55,36.27,5.1,"1 week ago"
"2011-03-12",144.78,37.91,5.3,"1 week ago"
"2011-03-12",142.46,39.24,6.6,"1 week ago"
"2011-03-12",142.91,39.32,5.4,"1 week ago"
"2011-03-12",142.24,36.7,5.7,"1 week ago"
"2011-03-12",141.17,36,5.8,"1 week ago"
"2011-03-12",144.49,37.9,5,"1 week ago"
"2011-03-12",142.51,36.93,5.3,"1 week ago"
"2011-03-12",142.7,37.23,5.3,"1 week ago"
"2011-03-12",141.53,36.27,5.5,"1 week ago"
"2011-03-12",143.01,37.69,5.3,"1 week ago"
"2011-03-12",142.09,39.2,5.3,"1 week ago"
"2011-03-12",142.08,35.75,5.6,"1 week ago"
"2011-03-12",142.74,36.33,5.1,"1 week ago"
"2011-03-12",144.64,38.9,5,"1 week ago"
"2011-03-12",142.55,38.06,5.9,"1 week ago"
"2011-03-12",142.26,39.08,5.8,"1 week ago"
"2011-03-12",141.75,36.48,5.3,"1 week ago"
"2011-03-12",141.71,36.19,5.2,"1 week ago"
"2011-03-12",142.7,38.06,5.4,"1 week ago"
"2011-03-12",143.62,36.99,5.3,"1 week ago"
"2011-03-12",143.3,37.46,5.4,"1 week ago"
"2011-03-12",143.51,39.28,5.3,"1 week ago"
"2011-03-12",141.6,36.15,5.6,"1 week ago"
"2011-03-12",141.98,38.5,5.4,"1 week ago"
"2011-03-12",141.96,37.8,5.5,"1 week ago"
"2011-03-12",141.69,36.15,5.2,"1 week ago"
"2011-03-12",141.98,36.54,5.3,"1 week ago"
"2011-03-12",143.76,37.74,5.1,"1 week ago"
"2011-03-12",141.88,37.38,5.1,"1 week ago"
"2011-03-12",141.74,36.37,5.6,"1 week ago"
"2011-03-12",142.83,37.58,5.5,"1 week ago"
"2011-03-12",142.14,35.79,5,"1 week ago"
"2011-03-12",142.8,39.21,5.1,"1 week ago"
"2011-03-12",141.84,36.16,5.5,"1 week ago"
"2011-03-12",142.06,37.34,5,"1 week ago"
"2011-03-12",144.13,38.99,5.7,"1 week ago"
"2011-03-12",141.15,36.87,5,"1 week ago"
"2011-03-12",141.88,36.63,5,"1 week ago"
"2011-03-12",143.12,38.37,5.3,"1 week ago"
"2011-03-12",142.9,37.99,5.2,"1 week ago"
"2011-03-12",142.14,37.22,5.1,"1 week ago"
"2011-03-12",140.76,36.12,5.5,"1 week ago"
"2011-03-12",141.94,37.5,5.2,"1 week ago"
"2011-03-12",143.22,37.55,5.1,"1 week ago"
"2011-03-12",142.11,37.09,5,"1 week ago"
"2011-03-12",142.38,37.41,5,"1 week ago"
"2011-03-12",143.96,37.05,5.4,"1 week ago"
"2011-03-12",144.04,37.11,5.5,"1 week ago"
"2011-03-12",140.79,36.67,5.1,"1 week ago"
"2011-03-12",144.29,38.12,5,"1 week ago"
"2011-03-12",141.9,35.97,5.3,"1 week ago"
"2011-03-12",141.4,35.96,5.8,"1 week ago"
"2011-03-12",142.35,39.05,5,"1 week ago"
"2011-03-12",141.74,37.28,5,"1 week ago"
"2011-03-12",141.54,36.33,5.5,"1 week ago"
"2011-03-12",141.81,35.99,6.3,"1 week ago"
"2011-03-12",141.86,36.25,5.5,"1 week ago"
"2011-03-12",141.86,36.4,6,"1 week ago"
"2011-03-12",141.55,35.64,5.5,"1 week ago"
"2011-03-12",142.28,37.32,5.2,"1 week ago"
"2011-03-12",142.24,37.18,5.2,"1 week ago"
"2011-03-12",141.71,36.02,5.4,"1 week ago"
"2011-03-12",141.96,35.94,5,"1 week ago"
"2011-03-12",142.37,37.5,5,"1 week ago"
"2011-03-12",142.99,38.7,5,"1 week ago"
"2011-03-12",144.07,36.58,5.4,"1 week ago"
"2011-03-12",144.41,39.26,5.3,"1 week ago"
"2011-03-12",143.46,39.46,5.5,"1 week ago"
"2011-03-12",143.38,39.62,5,"1 week ago"
"2011-03-12",142.3,36.56,5,"1 week ago"
"2011-03-12",143.15,37.82,5,"1 week ago"
"2011-03-12",144.34,38.17,5,"1 week ago"
"2011-03-12",144.3,38.5,5,"1 week ago"
"2011-03-12",144.09,37.47,5,"1 week ago"
"2011-03-12",144.16,37,5.6,"1 week ago"
"2011-03-12",141.39,35.33,5.5,"1 week ago"
"2011-03-12",143.57,37.74,5.1,"1 week ago"
"2011-03-12",142.43,36.57,5.1,"1 week ago"
"2011-03-12",141.81,36,5,"1 week ago"
"2011-03-12",141.14,37.38,5,"1 week ago"
"2011-03-12",144.63,37.06,5.4,"1 week ago"
"2011-03-12",142.71,37.33,5.1,"1 week ago"
"2011-03-12",143.42,39.74,5.2,"1 week ago"
"2011-03-12",144.91,37.66,5,"1 week ago"
"2011-03-12",142.06,36.76,5,"1 week ago"
"2011-03-12",142.1,37.2,5.7,"1 week ago"
"2011-03-12",142.21,36.45,5.1,"1 week ago"
"2011-03-12",141.63,36.22,5.8,"1 week ago"
"2011-03-12",143.26,39.19,5,"1 week ago"
"2011-03-12",141.02,36.83,5,"1 week ago"
"2011-03-12",141.24,36.13,5.1,"1 week ago"
"2011-03-12",141.74,35.8,5,"1 week ago"
"2011-03-12",138.38,37.01,6.2,"1 week ago"
"2011-03-12",142.87,39.34,6,"1 week ago"
"2011-03-12",140.88,36.26,5.5,"1 week ago"
"2011-03-12",144.01,38.16,5,"1 week ago"
"2011-03-12",140.66,35.69,5.5,"1 week ago"
"2011-03-12",142.98,37.06,5,"1 week ago"
"2011-03-12",138.3,36.94,5.7,"1 week ago"
"2011-03-12",142.44,37.11,5.2,"1 week ago"
"2011-03-12",143.56,37.44,5,"1 week ago"
"2011-03-12",141.58,37.56,5.2,"1 week ago"
"2011-03-12",139.06,40.48,6.2,"1 week ago"
"2011-03-12",-176.16,-24.44,5,"1 week ago"
"2011-03-12",144.36,38.9,5,"1 week ago"
"2011-03-12",142.63,39.01,6.1,"1 week ago"
"2011-03-12",144.86,38.38,5,"1 week ago"
"2011-03-12",141.6,35.81,5.7,"1 week ago"
"2011-03-12",141.97,36.9,5.2,"1 week ago"
"2011-03-12",143.34,37.68,5.4,"1 week ago"
"2011-03-12",141.12,37,5.1,"1 week ago"
"2011-03-12",142.83,37.83,5.5,"1 week ago"
"2011-03-12",143.71,37.66,5.1,"1 week ago"
"2011-03-12",142.26,38.27,5,"1 week ago"
"2011-03-12",143,39.17,5,"1 week ago"
"2011-03-12",142.48,39,5.4,"1 week ago"
"2011-03-12",142.91,37.83,5,"1 week ago"
"2011-03-12",142.3,37.26,5.2,"1 week ago"
"2011-03-12",142.25,38.28,5.4,"1 week ago"
"2011-03-12",141.64,36.63,5,"1 week ago"
"2011-03-12",143.81,37.08,5,"1 week ago"
"2011-03-12",143.81,37.61,5.1,"1 week ago"
"2011-03-12",144.83,37.83,5.7,"1 week ago"
"2011-03-12",142.31,36.49,5.4,"1 week ago"
"2011-03-12",142.62,39.05,5.3,"1 week ago"
"2011-03-12",143.52,37.06,5,"1 week ago"
"2011-03-12",142.53,38.86,5.1,"1 week ago"
"2011-03-12",143.52,38.4,5.3,"1 week ago"
"2011-03-12",141.51,36.53,5.4,"1 week ago"
"2011-03-12",143.6,36.56,5,"this week"
"2011-03-12",141.88,37.76,5,"this week"
"2011-03-12",142.5,37.21,5,"this week"
"2011-03-12",141.77,36.11,5.5,"this week"
"2011-03-12",141.39,37.82,5,"this week"
"2011-03-12",142.68,38.05,5.4,"this week"
"2011-03-12",-173.22,-16.65,5.2,"this week"
"2011-03-12",-173.21,-16.72,5.8,"this week"
"2011-03-12",141.66,36.34,5,"this week"
"2011-03-12",142.83,38.75,5.8,"this week"
"2011-03-12",142.94,39.16,5.3,"this week"
"2011-03-12",142.3,36.53,5.2,"this week"
"2011-03-12",141.56,36.33,5.1,"this week"
"2011-03-12",141.75,37.33,5.5,"this week"
"2011-03-12",142.65,37.59,6.5,"this week"
"2011-03-12",142.8,37.48,5.2,"this week"
"2011-03-12",141.43,36.67,5.2,"this week"
"2011-03-12",142.72,40.13,5,"this week"
"2011-03-12",142.3,39.1,5,"this week"
"2011-03-12",143.61,37.6,5.9,"this week"
"2011-03-12",144.22,37.72,5,"this week"
"2011-03-12",142.6,39.55,5.8,"this week"
"2011-03-12",141.34,35.95,5.9,"this week"
"2011-03-12",144.62,37.89,5.3,"this week"
"2011-03-12",140.95,35.22,5.3,"this week"
"2011-03-12",141.23,35.79,5,"this week"
"2011-03-12",139.1,-3.02,5.5,"this week"
"2011-03-12",141.78,38.87,5.2,"this week"
"2011-03-12",141.34,35.91,5.1,"this week"
"2011-03-12",143.2,40.08,5.7,"this week"
"2011-03-12",143.91,37.73,5.1,"this week"
"2011-03-12",141.73,36.37,5.1,"this week"
"2011-03-12",143.81,37.09,5.1,"this week"
"2011-03-12",143.8,38.49,5.4,"this week"
"2011-03-12",142.33,39.17,5.5,"this week"
"2011-03-12",143.45,39.6,5,"this week"
"2011-03-12",142.01,37.42,5,"this week"
"2011-03-12",144.68,39,5.1,"this week"
"2011-03-12",142.57,37.38,5,"this week"
"2011-03-12",141.56,36.89,5.1,"this week"
"2011-03-12",141.45,35.91,5.1,"this week"
"2011-03-12",143.62,37.18,5,"this week"
"2011-03-12",143.57,37.32,5.2,"this week"
"2011-03-12",143.47,37.09,5.2,"this week"
"2011-03-12",143.7,37.38,5,"this week"
"2011-03-12",142.81,38.86,5.2,"this week"
"2011-03-12",151.45,-3.84,5.6,"this week"
"2011-03-12",141.77,35.94,5,"this week"
"2011-03-12",143.47,37.15,5.3,"this week"
"2011-03-12",144.45,37.5,5.2,"this week"
"2011-03-12",141.76,36.7,5,"this week"
"2011-03-12",142.28,39.05,5.7,"this week"
"2011-03-12",141.68,35.74,5.3,"this week"
"2011-03-12",143.83,37.75,5.1,"this week"
"2011-03-12",143.51,37.73,5.9,"this week"
"2011-03-12",141.16,37.25,6.1,"this week"
"2011-03-12",141.94,36.2,5.2,"this week"
"2011-03-12",-109.82,25.21,5.6,"this week"
"2011-03-12",142.37,39.43,5.3,"this week"
"2011-03-12",141.8,36.34,5.2,"this week"
"2011-03-12",142.55,38.79,5.6,"this week"
"2011-03-12",-109.74,25.32,5.4,"this week"
"2011-03-12",141.66,35.78,5.4,"this week"
"2011-03-12",142.4,39.47,5.8,"this week"
"2011-03-12",144.75,37.91,5.1,"this week"
"2011-03-12",143.35,37.72,5.1,"this week"
"2011-03-12",143.94,38,5.2,"this week"
"2011-03-12",-109.69,25.38,5.2,"this week"
"2011-03-12",142.48,36.52,5.8,"this week"
"2011-03-12",142.61,37.71,5.3,"this week"
"2011-03-12",154.38,-6.17,5.1,"this week"
"2011-03-12",141.75,35.75,5,"this week"
"2011-03-12",143.99,36.75,5.1,"this week"
"2011-03-12",144.75,38.89,5,"this week"
"2011-03-12",-109.47,25.33,5,"this week"
"2011-03-12",144.23,37.86,5,"this week"
"2011-03-12",142.57,39.61,5.4,"this week"
"2011-03-12",142.31,39.03,5.4,"this week"
"2011-03-12",141.89,37.68,5.8,"this week"
"2011-03-12",142.27,39.17,5.3,"this week"
"2011-03-12",142.28,38,5.4,"this week"
"2011-03-12",141.72,38.05,6.1,"this week"
"2011-03-12",142.3,36.73,5.1,"this week"
"2011-03-12",141.66,36.62,5.2,"this week"
"2011-03-12",143.39,37.08,5,"this week"
"2011-03-12",143.38,37.68,5,"this week"
"2011-03-12",140.87,36.01,5,"this week"
"2011-03-12",142.71,38.04,5,"this week"
"2011-03-12",143.23,39.08,5.2,"this week"
"2011-03-12",141.64,35.72,6.1,"this week"
"2011-03-12",143.84,37.51,5.1,"this week"
"2011-03-12",142.9,36.91,5.2,"this week"
"2011-03-12",142.34,36.34,5.8,"this week"
"2011-03-12",144.35,39.69,5.1,"this week"
"2011-03-12",142.6,36.85,5.1,"this week"
"2011-03-12",143.33,36.91,5.3,"this week"
"2011-03-12",143.27,39.47,5.1,"this week"
"2011-03-12",143.3,36.88,5.3,"this week"
"2011-03-12",141.72,35.67,5,"this week"
"2011-03-12",142.97,38.19,5.1,"this week"
"2011-03-12",140.97,35.21,5.1,"this week"
"2011-03-12",142.26,36.3,5.1,"this week"
"2011-03-12",144.02,38.33,5.3,"this week"
"2011-03-12",143.18,39.64,5.7,"this week"
"2011-03-12",-109.52,25.33,5,"this week"
"2011-03-12",142.4,37.17,5,"this week"
"2011-03-12",143.81,37.73,5.1,"this week"
"2011-03-12",142.44,39.02,5.1,"this week"
"2011-03-12",141.86,38.85,5.6,"this week"
"2011-03-12",142.39,37.35,5.7,"this week"
"2011-03-12",141.61,34.33,5.4,"this week"
"2011-03-12",142.73,39.17,5.2,"this week"
"2011-03-12",142.79,38.28,5.1,"this week"
"2011-03-12",142.78,37.77,5.4,"this week"
"2011-03-12",144.47,36.9,5.2,"this week"
"2011-03-12",140.83,35.47,5.2,"this week"
"2011-03-12",142.59,39.44,5,"this week"
"2011-03-12",141.15,35.13,5.1,"this week"
"2011-03-12",143.6,37.65,5.1,"this week"
"2011-03-12",142.6,37.93,5,"this week"
"2011-03-12",141.1,35.15,5.6,"this week"
"2011-03-12",141.91,36.92,5.2,"this week"
"2011-03-12",141.79,36.02,5.2,"this week"
"2011-03-12",141.86,35.93,5,"this week"
"2011-03-12",141,35.76,5,"this week"
"2011-03-12",141.77,36.91,5,"this week"
"2011-03-12",140.89,36.41,5.5,"this week"
"2011-03-12",142.4,36.64,5.1,"this week"
"2011-03-12",143.69,40.3,5.2,"this week"
"2011-03-12",142.08,36.28,5.4,"this week"
"2011-03-12",-174.85,-17.58,5.3,"this week"
"2011-03-12",144.4,39.16,5.2,"this week"
"2011-03-12",141.72,36.64,5.2,"this week"
"2011-03-12",143.46,36.74,5,"this week"
"2011-03-12",142.46,37.78,6,"this week"
"2011-03-12",141.23,37.45,5.3,"this week"
"2011-03-12",141.84,36.62,5.2,"this week"
"2011-03-12",142.31,39.07,5.2,"this week"
"2011-03-12",142.9,37.91,5.1,"this week"
"2011-03-12",140.97,36.98,5.2,"this week"
"2011-03-12",143.39,39.23,5,"this week"
"2011-03-12",143.57,39.74,5.2,"this week"
"2011-03-12",141.27,36.73,5.2,"this week"
"2011-03-12",141.25,36.91,5,"this week"
"2011-03-12",142.18,37.15,5.1,"this week"
"2011-03-12",141.66,36.17,5.1,"this week"
"2011-03-12",142.15,38.32,5.2,"this week"
"2011-03-12",178.29,-19.4,5,"this week"
"2011-03-12",142.24,37.21,5.6,"this week"
"2011-03-12",142.36,37.05,5.4,"this week"
"2011-03-12",141.74,36.58,5.4,"this week"
"2011-03-12",141.72,38.64,5.1,"this week"
"2011-03-12",156.53,50.96,5.1,"this week"
"2011-03-12",141.06,35.75,5,"this week"
"2011-03-12",143.85,40.39,5.2,"this week"
"2011-03-12",142.98,39.87,5,"this week"
"2011-03-12",143.94,37.7,5,"this week"
"2011-03-12",31.23,1.75,5,"this week"
"2011-03-12",167.1,-13.63,5,"this week"
"2011-03-12",131.27,-3.6,5,"this week"
"2011-03-12",142.2,38.34,5,"this week"
"2011-03-12",143.24,40.4,5.4,"this week"
"2011-03-12",143.55,37.52,5.1,"this week"
"2011-03-12",142.3,37.37,5.8,"this week"
"2011-03-12",141.88,35.58,5.2,"this week"
"2011-03-12",142.38,37.15,5.1,"this week"
"2011-03-12",142.96,40.42,5.5,"this week"
"2011-03-12",142.24,37.58,6,"this week"
"2011-03-12",138.58,35.27,6,"this week"
"2011-03-12",141.94,37.67,5.1,"this week"
"2011-03-12",142.15,37.35,5,"this week"
"2011-03-12",143.29,40.34,6.1,"this week"
"2011-03-12",141.93,38.13,5.4,"this week"
"2011-03-12",143.45,37.69,5,"this week"
"2011-03-12",140.99,35.21,5.7,"this week"
"2011-03-12",140.29,36.74,5,"this week"
"2011-03-12",144.14,37.37,5.2,"this week"
"2011-03-12",-176.9,-21.2,5,"this week"
"2011-03-12",140.71,35.75,5.7,"this week"
"2011-03-12",141.43,37.55,5.4,"this week"
"2011-03-12",142.02,39.89,5.7,"this week"
"2011-03-12",143.43,39.8,5.2,"this week"
"2011-03-12",141.49,37.66,5,"this week"
"2011-03-12",140.47,36.92,5,"this week"
"2011-03-12",140.31,35.82,5.3,"this week"
"2011-03-12",-67.92,19.03,5,"this week"
"2011-03-12",141.66,38.54,5.2,"this week"
"2011-03-12",142.5,36.25,5,"this week"
"2011-03-12",121.39,56.55,5.1,"this week"
"2011-03-12",142.17,37.12,5.1,"this week"
"2011-03-12",141.81,29.36,5.1,"this week"
"2011-03-12",143.64,37.34,5.1,"this week"
"2011-03-12",-71.73,-32.56,5.5,"this week"
"2011-03-12",142.53,39.13,5.3,"this week"
"2011-03-12",-71.64,-32.56,5,"this week"
"2011-03-12",-71.61,-32.5,5.1,"this week"
"2011-03-12",-25.61,-57.92,5.3,"this week"
"2011-03-12",167.83,-17.27,6.2,"this week"
"2011-03-12",142.89,36.31,5.2,"this week"
"2011-03-12",142.17,40.14,6.2,"this week"
"2011-03-12",143.52,38.02,5.3,"this week"
"2011-03-12",143.44,37.71,5.6,"this week"
"2011-03-12",142.07,37.26,5.2,"this week"
"2011-03-12",143.93,38.67,5.2,"this week"
"2011-03-12",167.9,-17.27,5.8,"this week"
"2011-03-12",141.63,36.66,5.3,"this week"
"2011-03-12",160.51,52.65,5.3,"this week"
"2011-03-12",142.41,40.25,5.2,"this week"
"2011-03-12",142.34,40.26,5.1,"this week"
"2011-03-12",167.75,-17.3,5,"this week"
"2011-03-12",-71.76,-32.66,5.2,"this week"
"2011-03-12",140.76,35.5,5.5,"this week"
"2011-03-12",140.88,35.48,5.4,"this week"
"2011-03-12",141.2,36.76,5.8,"this week"
"2011-03-12",142.34,37.12,5.5,"this week"
"2011-03-12",142.29,38.24,5,"this week"
"2011-03-12",141.77,36.2,5.1,"this week"
"2011-03-12",141.64,35.88,5.1,"this week"
"2011-03-12",141.77,37.18,5,"this week"
"2011-03-12",143.49,37.76,5.5,"this week"
"2011-03-12",140.88,35.73,5.3,"this week"
"2011-03-12",143.41,37.69,5,"this week"
"2011-03-12",141.49,35.08,5.2,"this week"
"2011-03-12",142.32,39.11,5.1,"this week"
"2011-03-12",142.68,36.47,5,"this week"
"2011-03-12",141.41,37.58,5.3,"this week"
"2011-03-12",-174.82,-17.92,5,"this week"
"2011-03-12",145.02,37.49,5,"this week"
"2011-03-12",142.23,39.16,5.5,"this week"
"2011-03-12",125.31,24.22,5.2,"this week"
"2011-03-12",141.83,37.76,5.1,"this week"
"2011-03-12",140.62,36.94,5.1,"this week"
"2011-03-19",170.25,-21.81,5,"3 weeks ago"
"2011-03-19",168.41,-20.49,5.1,"3 weeks ago"
"2011-03-19",164.9,-10.62,5.9,"3 weeks ago"
"2011-03-19",107.19,-6.56,5,"3 weeks ago"
"2011-03-19",143.16,38.19,5,"3 weeks ago"
"2011-03-19",141.65,37.36,5.1,"3 weeks ago"
"2011-03-19",-109.61,-9.23,5.4,"3 weeks ago"
"2011-03-19",-119.31,-54.66,5.4,"3 weeks ago"
"2011-03-19",137.35,36.12,5.1,"3 weeks ago"
"2011-03-19",-73.69,-37.36,5.8,"3 weeks ago"
"2011-03-19",-68.41,-23.59,5,"3 weeks ago"
"2011-03-19",-173.81,-17.7,5,"3 weeks ago"
"2011-03-19",142.38,32.36,5.1,"3 weeks ago"
"2011-03-19",-176.51,-15.14,5.2,"3 weeks ago"
"2011-03-19",25.42,34.98,5.7,"3 weeks ago"
"2011-03-19",67.4,-20.1,5.1,"3 weeks ago"
"2011-03-19",-17.01,-59.23,5.6,"3 weeks ago"
"2011-03-19",-16.85,-59.08,5.1,"3 weeks ago"
"2011-03-19",152.14,46.22,5.1,"3 weeks ago"
"2011-03-19",-68.9,-20.39,5.2,"3 weeks ago"
"2011-03-19",95.96,3.97,5,"3 weeks ago"
"2011-03-19",-112.06,-29.47,5.5,"3 weeks ago"
"2011-03-19",-111.98,-29.7,6,"3 weeks ago"
"2011-03-19",-11.37,-5.61,5.2,"3 weeks ago"
"2011-03-19",179.6,51.02,5.4,"3 weeks ago"
"2011-03-19",-76.86,8.6,5.7,"3 weeks ago"
"2011-03-19",171.86,-63.87,5,"3 weeks ago"
"2011-03-19",101.12,-4.42,5.1,"3 weeks ago"
"2011-03-19",-73.86,-37.34,5.2,"3 weeks ago"
"2011-03-19",130.1,-6.37,5,"3 weeks ago"
"2011-03-19",150.93,46.97,5.4,"3 weeks ago"
"2011-03-19",126.57,4.95,5.4,"3 weeks ago"
"2011-03-19",125.94,9.46,5.5,"3 weeks ago"
"2011-03-19",157.24,-8.93,5.6,"3 weeks ago"
"2011-03-19",164,-49.64,5.1,"3 weeks ago"
"2011-03-19",155.78,-7,5.2,"3 weeks ago"
"2011-03-19",163.79,-49.54,5.3,"3 weeks ago"
"2011-03-19",160.74,52.75,5.2,"2 weeks ago"
"2011-03-19",51.16,30.02,5.3,"2 weeks ago"
"2011-03-19",-111.58,-13.84,5,"2 weeks ago"
"2011-03-19",57.14,28.3,5.2,"2 weeks ago"
"2011-03-19",170.45,-23.06,5.2,"2 weeks ago"
"2011-03-19",85.3,-41.34,5.02,"2 weeks ago"
"2011-03-19",-69.36,-18.02,6.3,"2 weeks ago"
"2011-03-19",-27.06,-56.42,6.5,"2 weeks ago"
"2011-03-19",-26.74,-56.22,5.2,"2 weeks ago"
"2011-03-19",-129.38,44.37,5,"2 weeks ago"
"2011-03-19",-129.43,44.29,5,"2 weeks ago"
"2011-03-19",-178.67,-31.09,5.3,"2 weeks ago"
"2011-03-19",160.77,-10.35,6.3,"2 weeks ago"
"2011-03-19",129.42,29.09,5.2,"2 weeks ago"
"2011-03-19",169.34,-19.23,5,"2 weeks ago"
"2011-03-19",-27.94,-55.92,5.2,"2 weeks ago"
"2011-03-19",-129.45,44.32,5.1,"2 weeks ago"
"2011-03-19",-177.93,-30.33,5,"2 weeks ago"
"2011-03-19",160.66,52.78,5.3,"2 weeks ago"
"2011-03-19",142.84,38.44,7.3,"2 weeks ago"
"2011-03-19",143.24,38.47,5.1,"2 weeks ago"
"2011-03-19",142.91,38.36,5.7,"2 weeks ago"
"2011-03-19",143.1,38.25,5.7,"2 weeks ago"
"2011-03-19",143.17,38.31,5.3,"2 weeks ago"
"2011-03-19",143.06,38.71,5,"2 weeks ago"
"2011-03-19",142.75,38.66,5.2,"2 weeks ago"
"2011-03-19",143.03,38.67,5.1,"2 weeks ago"
"2011-03-19",142.99,38.66,5.6,"2 weeks ago"
"2011-03-19",142.7,38.47,5.3,"2 weeks ago"
"2011-03-19",143.13,38.63,5,"2 weeks ago"
"2011-03-19",143.13,38.23,5.1,"2 weeks ago"
"2011-03-19",143.05,38.27,5,"2 weeks ago"
"2011-03-19",143.16,38.21,5,"2 weeks ago"
"2011-03-19",142.88,38.8,5.1,"2 weeks ago"
"2011-03-19",143.08,38.61,5.2,"2 weeks ago"
"2011-03-19",143.04,38.54,5.2,"2 weeks ago"
"2011-03-19",-69.09,-27.54,5.2,"2 weeks ago"
"2011-03-19",-174.23,-20.08,5.2,"2 weeks ago"
"2011-03-19",92.41,8.65,5.3,"2 weeks ago"
"2011-03-19",121.45,18.7,5.3,"2 weeks ago"
"2011-03-19",142.43,38.31,6,"2 weeks ago"
"2011-03-19",143.17,38.5,5.9,"2 weeks ago"
"2011-03-19",67.41,-9.16,5.1,"2 weeks ago"
"2011-03-19",142.65,38.34,6,"2 weeks ago"
"2011-03-19",142.81,38.3,6.5,"2 weeks ago"
"2011-03-19",149.78,-5.98,6.4,"2 weeks ago"
"2011-03-19",143.17,38.4,5.4,"2 weeks ago"
"2011-03-19",97.96,24.73,5.5,"2 weeks ago"
"2011-03-19",143.27,38.6,5.6,"2 weeks ago"
"2011-03-19",143.12,38.62,5.3,"2 weeks ago"
"2011-03-19",143.04,38.59,5.1,"2 weeks ago"
"2011-03-19",143.3,38.05,5,"2 weeks ago"
"2011-03-19",116.72,-6.87,6.5,"2 weeks ago"
"2011-03-19",120.74,13.73,5,"2 weeks ago"
"2011-03-19",-117.84,-53.21,5.7,"2 weeks ago"
"2011-03-19",142.37,38.3,9.1,"2 weeks ago"
"2011-03-19",141.18,37.71,6.3,"2 weeks ago"
"2011-03-19",143.35,37.36,6.4,"2 weeks ago"
"2011-03-19",142.16,37.62,6.3,"2 weeks ago"
"2011-03-19",141.76,37.05,5.9,"2 weeks ago"
"2011-03-19",142.49,38.09,6.2,"2 weeks ago"
"2011-03-19",141.84,36.47,5.9,"2 weeks ago"
"2011-03-19",141.78,36.38,5.8,"2 weeks ago"
"2011-03-19",142.29,39,6.3,"2 weeks ago"
"2011-03-19",141.88,36.42,6.4,"2 weeks ago"
"2011-03-19",143.37,38.97,6.7,"2 weeks ago"
"2011-03-19",141.7,36.11,5.9,"2 weeks ago"
"2011-03-19",144.23,37.79,6.2,"2 weeks ago"
"2011-03-19",141.6,37.21,6.2,"2 weeks ago"
"2011-03-19",143.8,37.93,6.3,"2 weeks ago"
"2011-03-19",141.11,36.28,7.9,"2 weeks ago"
"2011-03-19",142.27,36.02,6.6,"2 weeks ago"
"2011-03-19",142.07,36,6.5,"2 weeks ago"
"2011-03-19",142.81,38.29,6.2,"2 weeks ago"
"2011-03-19",142.28,39.03,6.2,"2 weeks ago"
"2011-03-19",144.59,38.06,7.7,"2 weeks ago"
"2011-03-19",144.23,37.81,6.1,"2 weeks ago"
"2011-03-19",141.87,36.62,5.9,"2 weeks ago"
"2011-03-19",141.1,35.81,5.8,"2 weeks ago"
"2011-03-19",142.4,37.47,5.6,"2 weeks ago"
"2011-03-19",141.66,36.09,5.8,"2 weeks ago"
"2011-03-19",142.46,37.04,5.5,"2 weeks ago"
"2011-03-19",141.58,39.6,5.8,"2 weeks ago"
"2011-03-19",141.92,34.88,5.2,"2 weeks ago"
"2011-03-19",144.63,38.07,5.4,"2 weeks ago"
"2011-03-19",141.1,36.59,5.3,"2 weeks ago"
"2011-03-19",143.25,37.96,5.9,"2 weeks ago"
"2011-03-19",141.95,38.81,5.3,"2 weeks ago"
"2011-03-19",142.72,37.96,6.2,"2 weeks ago"
"2011-03-19",144.24,37.34,6.1,"2 weeks ago"
"2011-03-19",141.6,40.67,5.8,"2 weeks ago"
"2011-03-19",143.02,38.06,5.5,"2 weeks ago"
"2011-03-19",141.49,36.97,5.4,"2 weeks ago"
"2011-03-19",142.85,37.56,5.9,"2 weeks ago"
"2011-03-19",140.88,35.71,6,"2 weeks ago"
"2011-03-19",144.72,37.36,6.3,"2 weeks ago"
"2011-03-19",143.76,36.63,5.7,"2 weeks ago"
"2011-03-19",142.53,39.69,5.8,"2 weeks ago"
"2011-03-19",142.8,37.92,5.6,"2 weeks ago"
"2011-03-19",142.4,38.96,5.8,"2 weeks ago"
"2011-03-19",143.6,38.44,5.7,"2 weeks ago"
"2011-03-19",142.98,37.78,5.6,"2 weeks ago"
"2011-03-19",141.87,36.71,5.7,"2 weeks ago"
"2011-03-19",141.86,36.72,5.6,"2 weeks ago"
"2011-03-19",142.68,37.88,5.8,"2 weeks ago"
"2011-03-19",142.36,36.1,5.9,"2 weeks ago"
"2011-03-19",141.82,36.59,6.3,"2 weeks ago"
"2011-03-19",142.41,37.01,5.8,"2 weeks ago"
"2011-03-19",142.1,37.45,5.9,"2 weeks ago"
"2011-03-19",144.53,37.93,6.1,"2 weeks ago"
"2011-03-19",141.82,36.82,6.1,"2 weeks ago"
"2011-03-19",142.35,39.03,6.3,"2 weeks ago"
"2011-03-19",141.2,37.44,6,"2 weeks ago"
"2011-03-19",142.71,36.32,5.7,"2 weeks ago"
"2011-03-19",142.31,36.94,5.7,"2 weeks ago"
"2011-03-19",142.79,39.2,5.8,"2 weeks ago"
"2011-03-19",142.19,38.34,5.3,"2 weeks ago"
"2011-03-19",141.89,36.4,5.7,"2 weeks ago"
"2011-03-19",141.81,36.2,5.8,"2 weeks ago"
"2011-03-19",143.84,38.73,5.2,"2 weeks ago"
"2011-03-19",142.16,36.95,5.1,"2 weeks ago"
"2011-03-19",141.76,36.52,5.4,"2 weeks ago"
"2011-03-19",141.68,36.55,5,"2 weeks ago"
"2011-03-19",141.96,36.73,5,"2 weeks ago"
"2011-03-19",141.57,37.74,5.7,"2 weeks ago"
"2011-03-19",142.23,37.11,5.6,"2 weeks ago"
"2011-03-19",142.78,37.01,5.7,"2 weeks ago"
"2011-03-19",142.82,36.98,5.1,"2 weeks ago"
"2011-03-19",142.7,36.94,5.9,"2 weeks ago"
"2011-03-19",142.21,37.59,5.7,"2 weeks ago"
"2011-03-19",142.82,37.57,5.4,"2 weeks ago"
"2011-03-19",140.85,36.29,5.6,"2 weeks ago"
"2011-03-19",141.49,36.57,6.2,"2 weeks ago"
"2011-03-19",144.54,37.05,6.1,"2 weeks ago"
"2011-03-19",141.7,36.12,5.4,"2 weeks ago"
"2011-03-19",141.56,36.17,6.5,"2 weeks ago"
"2011-03-19",143.02,37.37,6.1,"2 weeks ago"
"2011-03-19",142.66,38.02,6,"2 weeks ago"
"2011-03-19",141.18,37.47,6,"2 weeks ago"
"2011-03-19",142.97,39.14,6,"2 weeks ago"
"2011-03-19",140.98,36.03,5.6,"2 weeks ago"
"2011-03-19",143.83,37.7,5.4,"2 weeks ago"
"2011-03-19",142.77,37.64,5.5,"2 weeks ago"
"2011-03-19",140.98,37.45,5.9,"2 weeks ago"
"2011-03-19",140.97,36.12,5.6,"2 weeks ago"
"2011-03-19",142.45,37.42,5.6,"2 weeks ago"
"2011-03-19",141.91,36.51,5.2,"2 weeks ago"
"2011-03-19",143.64,37.56,5.3,"2 weeks ago"
"2011-03-19",141.1,36.33,5.3,"2 weeks ago"
"2011-03-19",141.92,36.77,5.5,"2 weeks ago"
"2011-03-19",141.6,36.61,5,"2 weeks ago"
"2011-03-19",142.5,37.28,5.1,"2 weeks ago"
"2011-03-19",142.72,37.38,5.4,"2 weeks ago"
"2011-03-19",142.67,37.3,5.3,"2 weeks ago"
"2011-03-19",144,37.4,5.1,"2 weeks ago"
"2011-03-19",143.31,37.68,5.5,"2 weeks ago"
"2011-03-19",140.12,37.97,5,"2 weeks ago"
"2011-03-19",144.13,37.44,5,"2 weeks ago"
"2011-03-19",142.16,38.3,5.3,"2 weeks ago"
"2011-03-19",142.65,37.7,5,"2 weeks ago"
"2011-03-19",141.6,35.91,5.5,"2 weeks ago"
"2011-03-19",142.71,39.49,5.3,"2 weeks ago"
"2011-03-19",142.3,36.66,5,"2 weeks ago"
"2011-03-19",144.12,37.4,5,"2 weeks ago"
"2011-03-19",143.06,39.6,5.4,"2 weeks ago"
"2011-03-19",141.82,36.22,5.1,"2 weeks ago"
"2011-03-19",141.81,37.72,5,"2 weeks ago"
"2011-03-19",142.19,36.66,5.3,"2 weeks ago"
"2011-03-19",143.16,37.3,5.1,"2 weeks ago"
"2011-03-19",142.76,39.19,6,"2 weeks ago"
"2011-03-19",140.98,35.81,5,"2 weeks ago"
"2011-03-19",141.61,36.05,5,"2 weeks ago"
"2011-03-19",142.25,36.9,5.4,"2 weeks ago"
"2011-03-19",142.03,37.26,5.4,"2 weeks ago"
"2011-03-19",142.86,37.97,5.1,"2 weeks ago"
"2011-03-19",142.52,36.66,5.7,"2 weeks ago"
"2011-03-19",-118.03,-52.4,5,"2 weeks ago"
"2011-03-19",143.57,37.96,5,"2 weeks ago"
"2011-03-19",143.59,39.4,5.9,"2 weeks ago"
"2011-03-19",141.2,37.05,5.2,"2 weeks ago"
"2011-03-19",142.49,36.69,5,"2 weeks ago"
"2011-03-19",143.12,38.39,5,"2 weeks ago"
"2011-03-19",141.39,35.89,5.4,"2 weeks ago"
"2011-03-19",143.75,38.42,5.6,"2 weeks ago"
"2011-03-19",143.05,37.49,5.2,"2 weeks ago"
"2011-03-19",143.36,38.49,5,"2 weeks ago"
"2011-03-19",142.27,39,5.2,"2 weeks ago"
"2011-03-19",141.5,37.74,5.6,"2 weeks ago"
"2011-03-19",142.96,39.17,5.3,"2 weeks ago"
"2011-03-19",142.6,38,5,"2 weeks ago"
"2011-03-19",142.54,37.02,5.1,"2 weeks ago"
"2011-03-19",143.26,36.48,5.2,"2 weeks ago"
"2011-03-19",141.84,35.53,5.5,"2 weeks ago"
"2011-03-19",141.78,36.38,5.5,"2 weeks ago"
"2011-03-19",143.32,39.19,5.3,"2 weeks ago"
"2011-03-19",141.81,36.63,5.5,"2 weeks ago"
"2011-03-19",140.93,35.68,5.7,"2 weeks ago"
"2011-03-19",143.07,37.55,5.8,"2 weeks ago"
"2011-03-19",142.01,35.57,5.2,"2 weeks ago"
"2011-03-19",143.37,39.13,5.4,"2 weeks ago"
"2011-03-19",142.16,38.5,5.2,"2 weeks ago"
"2011-03-19",143.43,39.22,5.4,"2 weeks ago"
"2011-03-19",140.12,38.08,5.1,"2 weeks ago"
"2011-03-19",142.4,36.24,5.7,"2 weeks ago"
"2011-03-19",143.17,39.06,5.8,"2 weeks ago"
"2011-03-19",70.55,36.27,5.1,"2 weeks ago"
"2011-03-19",144.78,37.91,5.3,"2 weeks ago"
"2011-03-19",142.46,39.24,6.6,"2 weeks ago"
"2011-03-19",142.91,39.32,5.4,"2 weeks ago"
"2011-03-19",142.24,36.7,5.7,"2 weeks ago"
"2011-03-19",141.17,36,5.8,"2 weeks ago"
"2011-03-19",144.49,37.9,5,"2 weeks ago"
"2011-03-19",142.51,36.93,5.3,"2 weeks ago"
"2011-03-19",142.7,37.23,5.3,"2 weeks ago"
"2011-03-19",141.53,36.27,5.5,"2 weeks ago"
"2011-03-19",143.01,37.69,5.3,"2 weeks ago"
"2011-03-19",142.09,39.2,5.3,"2 weeks ago"
"2011-03-19",142.08,35.75,5.6,"2 weeks ago"
"2011-03-19",142.74,36.33,5.1,"2 weeks ago"
"2011-03-19",144.64,38.9,5,"2 weeks ago"
"2011-03-19",142.55,38.06,5.9,"2 weeks ago"
"2011-03-19",142.26,39.08,5.8,"2 weeks ago"
"2011-03-19",141.75,36.48,5.3,"2 weeks ago"
"2011-03-19",141.71,36.19,5.2,"2 weeks ago"
"2011-03-19",142.7,38.06,5.4,"2 weeks ago"
"2011-03-19",143.62,36.99,5.3,"2 weeks ago"
"2011-03-19",143.3,37.46,5.4,"2 weeks ago"
"2011-03-19",143.51,39.28,5.3,"2 weeks ago"
"2011-03-19",141.6,36.15,5.6,"2 weeks ago"
"2011-03-19",141.98,38.5,5.4,"2 weeks ago"
"2011-03-19",141.96,37.8,5.5,"2 weeks ago"
"2011-03-19",141.69,36.15,5.2,"2 weeks ago"
"2011-03-19",141.98,36.54,5.3,"2 weeks ago"
"2011-03-19",143.76,37.74,5.1,"2 weeks ago"
"2011-03-19",141.88,37.38,5.1,"2 weeks ago"
"2011-03-19",141.74,36.37,5.6,"2 weeks ago"
"2011-03-19",142.83,37.58,5.5,"2 weeks ago"
"2011-03-19",142.14,35.79,5,"2 weeks ago"
"2011-03-19",142.8,39.21,5.1,"2 weeks ago"
"2011-03-19",141.84,36.16,5.5,"2 weeks ago"
"2011-03-19",142.06,37.34,5,"2 weeks ago"
"2011-03-19",144.13,38.99,5.7,"2 weeks ago"
"2011-03-19",141.15,36.87,5,"2 weeks ago"
"2011-03-19",141.88,36.63,5,"2 weeks ago"
"2011-03-19",143.12,38.37,5.3,"2 weeks ago"
"2011-03-19",142.9,37.99,5.2,"2 weeks ago"
"2011-03-19",142.14,37.22,5.1,"2 weeks ago"
"2011-03-19",140.76,36.12,5.5,"2 weeks ago"
"2011-03-19",141.94,37.5,5.2,"2 weeks ago"
"2011-03-19",143.22,37.55,5.1,"2 weeks ago"
"2011-03-19",142.11,37.09,5,"2 weeks ago"
"2011-03-19",142.38,37.41,5,"2 weeks ago"
"2011-03-19",143.96,37.05,5.4,"2 weeks ago"
"2011-03-19",144.04,37.11,5.5,"2 weeks ago"
"2011-03-19",140.79,36.67,5.1,"2 weeks ago"
"2011-03-19",144.29,38.12,5,"2 weeks ago"
"2011-03-19",141.9,35.97,5.3,"2 weeks ago"
"2011-03-19",141.4,35.96,5.8,"2 weeks ago"
"2011-03-19",142.35,39.05,5,"2 weeks ago"
"2011-03-19",141.74,37.28,5,"2 weeks ago"
"2011-03-19",141.54,36.33,5.5,"2 weeks ago"
"2011-03-19",141.81,35.99,6.3,"2 weeks ago"
"2011-03-19",141.86,36.25,5.5,"2 weeks ago"
"2011-03-19",141.86,36.4,6,"2 weeks ago"
"2011-03-19",141.55,35.64,5.5,"2 weeks ago"
"2011-03-19",142.28,37.32,5.2,"2 weeks ago"
"2011-03-19",142.24,37.18,5.2,"2 weeks ago"
"2011-03-19",141.71,36.02,5.4,"2 weeks ago"
"2011-03-19",141.96,35.94,5,"2 weeks ago"
"2011-03-19",142.37,37.5,5,"2 weeks ago"
"2011-03-19",142.99,38.7,5,"2 weeks ago"
"2011-03-19",144.07,36.58,5.4,"2 weeks ago"
"2011-03-19",144.41,39.26,5.3,"2 weeks ago"
"2011-03-19",143.46,39.46,5.5,"2 weeks ago"
"2011-03-19",143.38,39.62,5,"2 weeks ago"
"2011-03-19",142.3,36.56,5,"2 weeks ago"
"2011-03-19",143.15,37.82,5,"2 weeks ago"
"2011-03-19",144.34,38.17,5,"2 weeks ago"
"2011-03-19",144.3,38.5,5,"2 weeks ago"
"2011-03-19",144.09,37.47,5,"2 weeks ago"
"2011-03-19",144.16,37,5.6,"2 weeks ago"
"2011-03-19",141.39,35.33,5.5,"2 weeks ago"
"2011-03-19",143.57,37.74,5.1,"2 weeks ago"
"2011-03-19",142.43,36.57,5.1,"2 weeks ago"
"2011-03-19",141.81,36,5,"2 weeks ago"
"2011-03-19",141.14,37.38,5,"2 weeks ago"
"2011-03-19",144.63,37.06,5.4,"2 weeks ago"
"2011-03-19",142.71,37.33,5.1,"2 weeks ago"
"2011-03-19",143.42,39.74,5.2,"2 weeks ago"
"2011-03-19",144.91,37.66,5,"2 weeks ago"
"2011-03-19",142.06,36.76,5,"2 weeks ago"
"2011-03-19",142.1,37.2,5.7,"2 weeks ago"
"2011-03-19",142.21,36.45,5.1,"2 weeks ago"
"2011-03-19",141.63,36.22,5.8,"2 weeks ago"
"2011-03-19",143.26,39.19,5,"2 weeks ago"
"2011-03-19",141.02,36.83,5,"2 weeks ago"
"2011-03-19",141.24,36.13,5.1,"2 weeks ago"
"2011-03-19",141.74,35.8,5,"2 weeks ago"
"2011-03-19",138.38,37.01,6.2,"2 weeks ago"
"2011-03-19",142.87,39.34,6,"2 weeks ago"
"2011-03-19",140.88,36.26,5.5,"2 weeks ago"
"2011-03-19",144.01,38.16,5,"2 weeks ago"
"2011-03-19",140.66,35.69,5.5,"2 weeks ago"
"2011-03-19",142.98,37.06,5,"2 weeks ago"
"2011-03-19",138.3,36.94,5.7,"2 weeks ago"
"2011-03-19",142.44,37.11,5.2,"2 weeks ago"
"2011-03-19",143.56,37.44,5,"2 weeks ago"
"2011-03-19",141.58,37.56,5.2,"2 weeks ago"
"2011-03-19",139.06,40.48,6.2,"2 weeks ago"
"2011-03-19",-176.16,-24.44,5,"2 weeks ago"
"2011-03-19",144.36,38.9,5,"2 weeks ago"
"2011-03-19",142.63,39.01,6.1,"2 weeks ago"
"2011-03-19",144.86,38.38,5,"2 weeks ago"
"2011-03-19",141.6,35.81,5.7,"2 weeks ago"
"2011-03-19",141.97,36.9,5.2,"2 weeks ago"
"2011-03-19",143.34,37.68,5.4,"2 weeks ago"
"2011-03-19",141.12,37,5.1,"2 weeks ago"
"2011-03-19",142.83,37.83,5.5,"2 weeks ago"
"2011-03-19",143.71,37.66,5.1,"2 weeks ago"
"2011-03-19",142.26,38.27,5,"2 weeks ago"
"2011-03-19",143,39.17,5,"2 weeks ago"
"2011-03-19",142.48,39,5.4,"2 weeks ago"
"2011-03-19",142.91,37.83,5,"2 weeks ago"
"2011-03-19",142.3,37.26,5.2,"2 weeks ago"
"2011-03-19",142.25,38.28,5.4,"2 weeks ago"
"2011-03-19",141.64,36.63,5,"2 weeks ago"
"2011-03-19",143.81,37.08,5,"2 weeks ago"
"2011-03-19",143.81,37.61,5.1,"2 weeks ago"
"2011-03-19",144.83,37.83,5.7,"2 weeks ago"
"2011-03-19",142.31,36.49,5.4,"2 weeks ago"
"2011-03-19",142.62,39.05,5.3,"2 weeks ago"
"2011-03-19",143.52,37.06,5,"2 weeks ago"
"2011-03-19",142.53,38.86,5.1,"2 weeks ago"
"2011-03-19",143.52,38.4,5.3,"2 weeks ago"
"2011-03-19",141.51,36.53,5.4,"2 weeks ago"
"2011-03-19",143.6,36.56,5,"1 week ago"
"2011-03-19",141.88,37.76,5,"1 week ago"
"2011-03-19",142.5,37.21,5,"1 week ago"
"2011-03-19",141.77,36.11,5.5,"1 week ago"
"2011-03-19",141.39,37.82,5,"1 week ago"
"2011-03-19",142.68,38.05,5.4,"1 week ago"
"2011-03-19",-173.22,-16.65,5.2,"1 week ago"
"2011-03-19",-173.21,-16.72,5.8,"1 week ago"
"2011-03-19",141.66,36.34,5,"1 week ago"
"2011-03-19",142.83,38.75,5.8,"1 week ago"
"2011-03-19",142.94,39.16,5.3,"1 week ago"
"2011-03-19",142.3,36.53,5.2,"1 week ago"
"2011-03-19",141.56,36.33,5.1,"1 week ago"
"2011-03-19",141.75,37.33,5.5,"1 week ago"
"2011-03-19",142.65,37.59,6.5,"1 week ago"
"2011-03-19",142.8,37.48,5.2,"1 week ago"
"2011-03-19",141.43,36.67,5.2,"1 week ago"
"2011-03-19",142.72,40.13,5,"1 week ago"
"2011-03-19",142.3,39.1,5,"1 week ago"
"2011-03-19",143.61,37.6,5.9,"1 week ago"
"2011-03-19",144.22,37.72,5,"1 week ago"
"2011-03-19",142.6,39.55,5.8,"1 week ago"
"2011-03-19",141.34,35.95,5.9,"1 week ago"
"2011-03-19",144.62,37.89,5.3,"1 week ago"
"2011-03-19",140.95,35.22,5.3,"1 week ago"
"2011-03-19",141.23,35.79,5,"1 week ago"
"2011-03-19",139.1,-3.02,5.5,"1 week ago"
"2011-03-19",141.78,38.87,5.2,"1 week ago"
"2011-03-19",141.34,35.91,5.1,"1 week ago"
"2011-03-19",143.2,40.08,5.7,"1 week ago"
"2011-03-19",143.91,37.73,5.1,"1 week ago"
"2011-03-19",141.73,36.37,5.1,"1 week ago"
"2011-03-19",143.81,37.09,5.1,"1 week ago"
"2011-03-19",143.8,38.49,5.4,"1 week ago"
"2011-03-19",142.33,39.17,5.5,"1 week ago"
"2011-03-19",143.45,39.6,5,"1 week ago"
"2011-03-19",142.01,37.42,5,"1 week ago"
"2011-03-19",144.68,39,5.1,"1 week ago"
"2011-03-19",142.57,37.38,5,"1 week ago"
"2011-03-19",141.56,36.89,5.1,"1 week ago"
"2011-03-19",141.45,35.91,5.1,"1 week ago"
"2011-03-19",143.62,37.18,5,"1 week ago"
"2011-03-19",143.57,37.32,5.2,"1 week ago"
"2011-03-19",143.47,37.09,5.2,"1 week ago"
"2011-03-19",143.7,37.38,5,"1 week ago"
"2011-03-19",142.81,38.86,5.2,"1 week ago"
"2011-03-19",151.45,-3.84,5.6,"1 week ago"
"2011-03-19",141.77,35.94,5,"1 week ago"
"2011-03-19",143.47,37.15,5.3,"1 week ago"
"2011-03-19",144.45,37.5,5.2,"1 week ago"
"2011-03-19",141.76,36.7,5,"1 week ago"
"2011-03-19",142.28,39.05,5.7,"1 week ago"
"2011-03-19",141.68,35.74,5.3,"1 week ago"
"2011-03-19",143.83,37.75,5.1,"1 week ago"
"2011-03-19",143.51,37.73,5.9,"1 week ago"
"2011-03-19",141.16,37.25,6.1,"1 week ago"
"2011-03-19",141.94,36.2,5.2,"1 week ago"
"2011-03-19",-109.82,25.21,5.6,"1 week ago"
"2011-03-19",142.37,39.43,5.3,"1 week ago"
"2011-03-19",141.8,36.34,5.2,"1 week ago"
"2011-03-19",142.55,38.79,5.6,"1 week ago"
"2011-03-19",-109.74,25.32,5.4,"1 week ago"
"2011-03-19",141.66,35.78,5.4,"1 week ago"
"2011-03-19",142.4,39.47,5.8,"1 week ago"
"2011-03-19",144.75,37.91,5.1,"1 week ago"
"2011-03-19",143.35,37.72,5.1,"1 week ago"
"2011-03-19",143.94,38,5.2,"1 week ago"
"2011-03-19",-109.69,25.38,5.2,"1 week ago"
"2011-03-19",142.48,36.52,5.8,"1 week ago"
"2011-03-19",142.61,37.71,5.3,"1 week ago"
"2011-03-19",154.38,-6.17,5.1,"1 week ago"
"2011-03-19",141.75,35.75,5,"1 week ago"
"2011-03-19",143.99,36.75,5.1,"1 week ago"
"2011-03-19",144.75,38.89,5,"1 week ago"
"2011-03-19",-109.47,25.33,5,"1 week ago"
"2011-03-19",144.23,37.86,5,"1 week ago"
"2011-03-19",142.57,39.61,5.4,"1 week ago"
"2011-03-19",142.31,39.03,5.4,"1 week ago"
"2011-03-19",141.89,37.68,5.8,"1 week ago"
"2011-03-19",142.27,39.17,5.3,"1 week ago"
"2011-03-19",142.28,38,5.4,"1 week ago"
"2011-03-19",141.72,38.05,6.1,"1 week ago"
"2011-03-19",142.3,36.73,5.1,"1 week ago"
"2011-03-19",141.66,36.62,5.2,"1 week ago"
"2011-03-19",143.39,37.08,5,"1 week ago"
"2011-03-19",143.38,37.68,5,"1 week ago"
"2011-03-19",140.87,36.01,5,"1 week ago"
"2011-03-19",142.71,38.04,5,"1 week ago"
"2011-03-19",143.23,39.08,5.2,"1 week ago"
"2011-03-19",141.64,35.72,6.1,"1 week ago"
"2011-03-19",143.84,37.51,5.1,"1 week ago"
"2011-03-19",142.9,36.91,5.2,"1 week ago"
"2011-03-19",142.34,36.34,5.8,"1 week ago"
"2011-03-19",144.35,39.69,5.1,"1 week ago"
"2011-03-19",142.6,36.85,5.1,"1 week ago"
"2011-03-19",143.33,36.91,5.3,"1 week ago"
"2011-03-19",143.27,39.47,5.1,"1 week ago"
"2011-03-19",143.3,36.88,5.3,"1 week ago"
"2011-03-19",141.72,35.67,5,"1 week ago"
"2011-03-19",142.97,38.19,5.1,"1 week ago"
"2011-03-19",140.97,35.21,5.1,"1 week ago"
"2011-03-19",142.26,36.3,5.1,"1 week ago"
"2011-03-19",144.02,38.33,5.3,"1 week ago"
"2011-03-19",143.18,39.64,5.7,"1 week ago"
"2011-03-19",-109.52,25.33,5,"1 week ago"
"2011-03-19",142.4,37.17,5,"1 week ago"
"2011-03-19",143.81,37.73,5.1,"1 week ago"
"2011-03-19",142.44,39.02,5.1,"1 week ago"
"2011-03-19",141.86,38.85,5.6,"1 week ago"
"2011-03-19",142.39,37.35,5.7,"1 week ago"
"2011-03-19",141.61,34.33,5.4,"1 week ago"
"2011-03-19",142.73,39.17,5.2,"1 week ago"
"2011-03-19",142.79,38.28,5.1,"1 week ago"
"2011-03-19",142.78,37.77,5.4,"1 week ago"
"2011-03-19",144.47,36.9,5.2,"1 week ago"
"2011-03-19",140.83,35.47,5.2,"1 week ago"
"2011-03-19",142.59,39.44,5,"1 week ago"
"2011-03-19",141.15,35.13,5.1,"1 week ago"
"2011-03-19",143.6,37.65,5.1,"1 week ago"
"2011-03-19",142.6,37.93,5,"1 week ago"
"2011-03-19",141.1,35.15,5.6,"1 week ago"
"2011-03-19",141.91,36.92,5.2,"1 week ago"
"2011-03-19",141.79,36.02,5.2,"1 week ago"
"2011-03-19",141.86,35.93,5,"1 week ago"
"2011-03-19",141,35.76,5,"1 week ago"
"2011-03-19",141.77,36.91,5,"1 week ago"
"2011-03-19",140.89,36.41,5.5,"1 week ago"
"2011-03-19",142.4,36.64,5.1,"1 week ago"
"2011-03-19",143.69,40.3,5.2,"1 week ago"
"2011-03-19",142.08,36.28,5.4,"1 week ago"
"2011-03-19",-174.85,-17.58,5.3,"1 week ago"
"2011-03-19",144.4,39.16,5.2,"1 week ago"
"2011-03-19",141.72,36.64,5.2,"1 week ago"
"2011-03-19",143.46,36.74,5,"1 week ago"
"2011-03-19",142.46,37.78,6,"1 week ago"
"2011-03-19",141.23,37.45,5.3,"1 week ago"
"2011-03-19",141.84,36.62,5.2,"1 week ago"
"2011-03-19",142.31,39.07,5.2,"1 week ago"
"2011-03-19",142.9,37.91,5.1,"1 week ago"
"2011-03-19",140.97,36.98,5.2,"1 week ago"
"2011-03-19",143.39,39.23,5,"1 week ago"
"2011-03-19",143.57,39.74,5.2,"1 week ago"
"2011-03-19",141.27,36.73,5.2,"1 week ago"
"2011-03-19",141.25,36.91,5,"1 week ago"
"2011-03-19",142.18,37.15,5.1,"1 week ago"
"2011-03-19",141.66,36.17,5.1,"1 week ago"
"2011-03-19",142.15,38.32,5.2,"1 week ago"
"2011-03-19",178.29,-19.4,5,"1 week ago"
"2011-03-19",142.24,37.21,5.6,"1 week ago"
"2011-03-19",142.36,37.05,5.4,"1 week ago"
"2011-03-19",141.74,36.58,5.4,"1 week ago"
"2011-03-19",141.72,38.64,5.1,"1 week ago"
"2011-03-19",156.53,50.96,5.1,"1 week ago"
"2011-03-19",141.06,35.75,5,"1 week ago"
"2011-03-19",143.85,40.39,5.2,"1 week ago"
"2011-03-19",142.98,39.87,5,"1 week ago"
"2011-03-19",143.94,37.7,5,"1 week ago"
"2011-03-19",31.23,1.75,5,"1 week ago"
"2011-03-19",167.1,-13.63,5,"1 week ago"
"2011-03-19",131.27,-3.6,5,"1 week ago"
"2011-03-19",142.2,38.34,5,"1 week ago"
"2011-03-19",143.24,40.4,5.4,"1 week ago"
"2011-03-19",143.55,37.52,5.1,"1 week ago"
"2011-03-19",142.3,37.37,5.8,"1 week ago"
"2011-03-19",141.88,35.58,5.2,"1 week ago"
"2011-03-19",142.38,37.15,5.1,"1 week ago"
"2011-03-19",142.96,40.42,5.5,"1 week ago"
"2011-03-19",142.24,37.58,6,"1 week ago"
"2011-03-19",138.58,35.27,6,"1 week ago"
"2011-03-19",141.94,37.67,5.1,"1 week ago"
"2011-03-19",142.15,37.35,5,"1 week ago"
"2011-03-19",143.29,40.34,6.1,"1 week ago"
"2011-03-19",141.93,38.13,5.4,"1 week ago"
"2011-03-19",143.45,37.69,5,"1 week ago"
"2011-03-19",140.99,35.21,5.7,"1 week ago"
"2011-03-19",140.29,36.74,5,"1 week ago"
"2011-03-19",144.14,37.37,5.2,"1 week ago"
"2011-03-19",-176.9,-21.2,5,"1 week ago"
"2011-03-19",140.71,35.75,5.7,"1 week ago"
"2011-03-19",141.43,37.55,5.4,"1 week ago"
"2011-03-19",142.02,39.89,5.7,"1 week ago"
"2011-03-19",143.43,39.8,5.2,"1 week ago"
"2011-03-19",141.49,37.66,5,"1 week ago"
"2011-03-19",140.47,36.92,5,"1 week ago"
"2011-03-19",140.31,35.82,5.3,"1 week ago"
"2011-03-19",-67.92,19.03,5,"1 week ago"
"2011-03-19",141.66,38.54,5.2,"1 week ago"
"2011-03-19",142.5,36.25,5,"1 week ago"
"2011-03-19",121.39,56.55,5.1,"1 week ago"
"2011-03-19",142.17,37.12,5.1,"1 week ago"
"2011-03-19",141.81,29.36,5.1,"1 week ago"
"2011-03-19",143.64,37.34,5.1,"1 week ago"
"2011-03-19",-71.73,-32.56,5.5,"1 week ago"
"2011-03-19",142.53,39.13,5.3,"1 week ago"
"2011-03-19",-71.64,-32.56,5,"1 week ago"
"2011-03-19",-71.61,-32.5,5.1,"1 week ago"
"2011-03-19",-25.61,-57.92,5.3,"1 week ago"
"2011-03-19",167.83,-17.27,6.2,"1 week ago"
"2011-03-19",142.89,36.31,5.2,"1 week ago"
"2011-03-19",142.17,40.14,6.2,"1 week ago"
"2011-03-19",143.52,38.02,5.3,"1 week ago"
"2011-03-19",143.44,37.71,5.6,"1 week ago"
"2011-03-19",142.07,37.26,5.2,"1 week ago"
"2011-03-19",143.93,38.67,5.2,"1 week ago"
"2011-03-19",167.9,-17.27,5.8,"1 week ago"
"2011-03-19",141.63,36.66,5.3,"1 week ago"
"2011-03-19",160.51,52.65,5.3,"1 week ago"
"2011-03-19",142.41,40.25,5.2,"1 week ago"
"2011-03-19",142.34,40.26,5.1,"1 week ago"
"2011-03-19",167.75,-17.3,5,"1 week ago"
"2011-03-19",-71.76,-32.66,5.2,"1 week ago"
"2011-03-19",140.76,35.5,5.5,"1 week ago"
"2011-03-19",140.88,35.48,5.4,"1 week ago"
"2011-03-19",141.2,36.76,5.8,"1 week ago"
"2011-03-19",142.34,37.12,5.5,"1 week ago"
"2011-03-19",142.29,38.24,5,"1 week ago"
"2011-03-19",141.77,36.2,5.1,"1 week ago"
"2011-03-19",141.64,35.88,5.1,"1 week ago"
"2011-03-19",141.77,37.18,5,"1 week ago"
"2011-03-19",143.49,37.76,5.5,"1 week ago"
"2011-03-19",140.88,35.73,5.3,"1 week ago"
"2011-03-19",143.41,37.69,5,"1 week ago"
"2011-03-19",141.49,35.08,5.2,"1 week ago"
"2011-03-19",142.32,39.11,5.1,"1 week ago"
"2011-03-19",142.68,36.47,5,"1 week ago"
"2011-03-19",141.41,37.58,5.3,"1 week ago"
"2011-03-19",-174.82,-17.92,5,"1 week ago"
"2011-03-19",145.02,37.49,5,"1 week ago"
"2011-03-19",142.23,39.16,5.5,"1 week ago"
"2011-03-19",125.31,24.22,5.2,"1 week ago"
"2011-03-19",141.83,37.76,5.1,"1 week ago"
"2011-03-19",140.62,36.94,5.1,"1 week ago"
"2011-03-19",142.9,39.7,5.9,"this week"
"2011-03-19",143.04,39.55,5.4,"this week"
"2011-03-19",97.45,0.83,5.1,"this week"
"2011-03-19",-13.1,-10.27,5.1,"this week"
"2011-03-19",-68.87,-21.98,5.2,"this week"
"2011-03-19",140.27,36.8,5.7,"this week"
"2011-03-19",167.97,-19.47,5.2,"this week"
"2011-03-19",149.44,-6.09,5.3,"this week"
"2011-03-19",-13.18,-10.28,5.1,"this week"
"2011-03-19",-13.23,-10.25,5.4,"this week"
"2011-03-19",38.52,6.66,5,"this week"
"2011-03-19",142.4,39.14,5.1,"this week"
"2011-03-19",141.71,37.3,5,"this week"
"2011-03-19",141.01,36.95,5.4,"this week"
"2011-03-19",141.36,37.72,5.6,"this week"
"2011-03-19",140.99,35.28,5.2,"this week"
"2011-03-19",176.58,-37.52,5,"this week"
"2011-03-19",143.51,39.85,5.2,"this week"
"2011-03-19",141.78,36.2,5.2,"this week"
"2011-03-19",121.44,22.32,5.4,"this week"
"2011-03-19",121.25,18.99,6,"this week"
"2011-03-19",141.12,35.16,5.1,"this week"
"2011-03-19",-174.87,-18.88,5.3,"this week"
"2011-03-19",141.82,39.35,5.8,"this week"
"2011-03-19",78.24,-40.24,5.2,"this week"
"2011-03-19",145.6,-3.43,5.1,"this week"
"2011-03-19",140.96,35.33,5.1,"this week"
"2011-03-19",-179.82,-31.13,5.7,"this week"
"2011-03-19",143.37,36.38,5,"this week"
"2011-03-19",143.85,37.14,5.2,"this week"
"2011-03-19",-70.2,-24.87,5,"this week"
"2011-03-19",179.65,-25.26,5,"this week"
"2011-03-19",78.53,-40.27,5,"this week"
"2011-03-19",142.01,36.25,5,"this week"
"2011-03-19",70.93,36.49,5.8,"this week"
"2011-03-19",120.57,13.91,5.5,"this week"
"2011-03-19",144.69,37.97,5.1,"this week"
"2011-03-19",143.18,36.68,5,"this week"
"2011-03-19",141.8,36.06,5,"this week"
"2011-03-19",141,35.2,5.7,"this week"
"2011-03-19",-25.98,-57.48,5,"this week"
"2011-03-19",141.59,35.69,5.1,"this week"
"2011-03-19",144,37.24,6.4,"this week"
"2011-03-19",141.79,37.33,6.1,"this week"
"2011-03-19",143.44,39.85,6.4,"this week"
"2011-03-19",143.11,39.73,5.6,"this week"
"2011-03-19",143.19,36.87,5.6,"this week"
"2011-03-19",141.4,36.29,5.7,"this week"
"2011-03-19",143.98,37.06,5.1,"this week"
"2011-03-19",-15.98,-33.1,5.8,"this week"
"2011-03-19",141.55,35.8,5.9,"this week"
"2011-03-19",-15.9,-33.18,5.1,"this week"
"2011-03-19",141.57,35.79,5.6,"this week"
"2011-03-19",142.32,39.2,5.1,"this week"
"2011-03-19",141.6,35.75,5.1,"this week"
"2011-03-19",141.64,35.68,5.3,"this week"
"2011-03-19",-157.88,-62.66,5.3,"this week"
"2011-03-19",127.64,-7.61,5,"this week"
"2011-03-19",140.64,37.06,5.5,"this week"
"2011-03-19",140.68,37.01,5.5,"this week"
"2011-03-19",140.58,37.11,5.5,"this week"
"2011-03-19",140.56,37.1,5.2,"this week"
"2011-03-19",140.61,37.06,5,"this week"
"2011-03-19",140.93,35.24,5,"this week"
"2011-03-19",142.25,39.21,5,"this week"
"2011-03-19",143.26,39.62,5.2,"this week"
"2011-03-19",141.46,36.66,5.1,"this week"
"2011-03-19",142.81,37.65,5,"this week"
"2011-03-19",-178.69,-20.91,5.3,"this week"
"2011-03-19",141.15,35.92,5.1,"this week"
"2011-03-19",-179.56,-32.4,5.2,"this week"
"2011-03-19",142.81,38.61,5.1,"this week"
"2011-03-19",141.69,36.15,5,"this week"
"2011-03-19",142.08,39.08,5.8,"this week"
"2011-03-19",99.82,20.69,6.9,"this week"
"2011-03-19",99.77,20.65,5.7,"this week"
"2011-03-19",143.59,37.99,5.4,"this week"
"2011-03-19",143.62,38.01,5,"this week"
"2011-03-19",99.88,20.71,5,"this week"
"2011-03-19",125.21,4.42,5,"this week"
"2011-03-19",178.24,-38.08,5,"this week"
"2011-03-19",99.08,1.14,5.2,"this week"
"2011-03-19",143.88,37.74,5.3,"this week"
"2011-03-19",141.88,38.77,6.2,"this week"
"2011-03-19",143.84,37.71,5.1,"this week"
"2011-03-19",130.3,-7.92,5,"this week"
"2011-03-26",160.74,52.75,5.2,"3 weeks ago"
"2011-03-26",51.16,30.02,5.3,"3 weeks ago"
"2011-03-26",-111.58,-13.84,5,"3 weeks ago"
"2011-03-26",57.14,28.3,5.2,"3 weeks ago"
"2011-03-26",170.45,-23.06,5.2,"3 weeks ago"
"2011-03-26",85.3,-41.34,5.02,"3 weeks ago"
"2011-03-26",-69.36,-18.02,6.3,"3 weeks ago"
"2011-03-26",-27.06,-56.42,6.5,"3 weeks ago"
"2011-03-26",-26.74,-56.22,5.2,"3 weeks ago"
"2011-03-26",-129.38,44.37,5,"3 weeks ago"
"2011-03-26",-129.43,44.29,5,"3 weeks ago"
"2011-03-26",-178.67,-31.09,5.3,"3 weeks ago"
"2011-03-26",160.77,-10.35,6.3,"3 weeks ago"
"2011-03-26",129.42,29.09,5.2,"3 weeks ago"
"2011-03-26",169.34,-19.23,5,"3 weeks ago"
"2011-03-26",-27.94,-55.92,5.2,"3 weeks ago"
"2011-03-26",-129.45,44.32,5.1,"3 weeks ago"
"2011-03-26",-177.93,-30.33,5,"3 weeks ago"
"2011-03-26",160.66,52.78,5.3,"3 weeks ago"
"2011-03-26",142.84,38.44,7.3,"3 weeks ago"
"2011-03-26",143.24,38.47,5.1,"3 weeks ago"
"2011-03-26",142.91,38.36,5.7,"3 weeks ago"
"2011-03-26",143.1,38.25,5.7,"3 weeks ago"
"2011-03-26",143.17,38.31,5.3,"3 weeks ago"
"2011-03-26",143.06,38.71,5,"3 weeks ago"
"2011-03-26",142.75,38.66,5.2,"3 weeks ago"
"2011-03-26",143.03,38.67,5.1,"3 weeks ago"
"2011-03-26",142.99,38.66,5.6,"3 weeks ago"
"2011-03-26",142.7,38.47,5.3,"3 weeks ago"
"2011-03-26",143.13,38.63,5,"3 weeks ago"
"2011-03-26",143.13,38.23,5.1,"3 weeks ago"
"2011-03-26",143.05,38.27,5,"3 weeks ago"
"2011-03-26",143.16,38.21,5,"3 weeks ago"
"2011-03-26",142.88,38.8,5.1,"3 weeks ago"
"2011-03-26",143.08,38.61,5.2,"3 weeks ago"
"2011-03-26",143.04,38.54,5.2,"3 weeks ago"
"2011-03-26",-69.09,-27.54,5.2,"3 weeks ago"
"2011-03-26",-174.23,-20.08,5.2,"3 weeks ago"
"2011-03-26",92.41,8.65,5.3,"3 weeks ago"
"2011-03-26",121.45,18.7,5.3,"3 weeks ago"
"2011-03-26",142.43,38.31,6,"3 weeks ago"
"2011-03-26",143.17,38.5,5.9,"3 weeks ago"
"2011-03-26",67.41,-9.16,5.1,"3 weeks ago"
"2011-03-26",142.65,38.34,6,"3 weeks ago"
"2011-03-26",142.81,38.3,6.5,"3 weeks ago"
"2011-03-26",149.78,-5.98,6.4,"3 weeks ago"
"2011-03-26",143.17,38.4,5.4,"3 weeks ago"
"2011-03-26",97.96,24.73,5.5,"3 weeks ago"
"2011-03-26",143.27,38.6,5.6,"3 weeks ago"
"2011-03-26",143.12,38.62,5.3,"3 weeks ago"
"2011-03-26",143.04,38.59,5.1,"3 weeks ago"
"2011-03-26",143.3,38.05,5,"3 weeks ago"
"2011-03-26",116.72,-6.87,6.5,"3 weeks ago"
"2011-03-26",120.74,13.73,5,"3 weeks ago"
"2011-03-26",-117.84,-53.21,5.7,"3 weeks ago"
"2011-03-26",142.37,38.3,9.1,"3 weeks ago"
"2011-03-26",141.18,37.71,6.3,"3 weeks ago"
"2011-03-26",143.35,37.36,6.4,"3 weeks ago"
"2011-03-26",142.16,37.62,6.3,"3 weeks ago"
"2011-03-26",141.76,37.05,5.9,"3 weeks ago"
"2011-03-26",142.49,38.09,6.2,"3 weeks ago"
"2011-03-26",141.84,36.47,5.9,"3 weeks ago"
"2011-03-26",141.78,36.38,5.8,"3 weeks ago"
"2011-03-26",142.29,39,6.3,"3 weeks ago"
"2011-03-26",141.88,36.42,6.4,"3 weeks ago"
"2011-03-26",143.37,38.97,6.7,"3 weeks ago"
"2011-03-26",141.7,36.11,5.9,"3 weeks ago"
"2011-03-26",144.23,37.79,6.2,"3 weeks ago"
"2011-03-26",141.6,37.21,6.2,"3 weeks ago"
"2011-03-26",143.8,37.93,6.3,"3 weeks ago"
"2011-03-26",141.11,36.28,7.9,"3 weeks ago"
"2011-03-26",142.27,36.02,6.6,"3 weeks ago"
"2011-03-26",142.07,36,6.5,"3 weeks ago"
"2011-03-26",142.81,38.29,6.2,"3 weeks ago"
"2011-03-26",142.28,39.03,6.2,"3 weeks ago"
"2011-03-26",144.59,38.06,7.7,"3 weeks ago"
"2011-03-26",144.23,37.81,6.1,"3 weeks ago"
"2011-03-26",141.87,36.62,5.9,"3 weeks ago"
"2011-03-26",141.1,35.81,5.8,"3 weeks ago"
"2011-03-26",142.4,37.47,5.6,"3 weeks ago"
"2011-03-26",141.66,36.09,5.8,"3 weeks ago"
"2011-03-26",142.46,37.04,5.5,"3 weeks ago"
"2011-03-26",141.58,39.6,5.8,"3 weeks ago"
"2011-03-26",141.92,34.88,5.2,"3 weeks ago"
"2011-03-26",144.63,38.07,5.4,"3 weeks ago"
"2011-03-26",141.1,36.59,5.3,"3 weeks ago"
"2011-03-26",143.25,37.96,5.9,"3 weeks ago"
"2011-03-26",141.95,38.81,5.3,"3 weeks ago"
"2011-03-26",142.72,37.96,6.2,"3 weeks ago"
"2011-03-26",144.24,37.34,6.1,"3 weeks ago"
"2011-03-26",141.6,40.67,5.8,"3 weeks ago"
"2011-03-26",143.02,38.06,5.5,"3 weeks ago"
"2011-03-26",141.49,36.97,5.4,"3 weeks ago"
"2011-03-26",142.85,37.56,5.9,"3 weeks ago"
"2011-03-26",140.88,35.71,6,"3 weeks ago"
"2011-03-26",144.72,37.36,6.3,"3 weeks ago"
"2011-03-26",143.76,36.63,5.7,"3 weeks ago"
"2011-03-26",142.53,39.69,5.8,"3 weeks ago"
"2011-03-26",142.8,37.92,5.6,"3 weeks ago"
"2011-03-26",142.4,38.96,5.8,"3 weeks ago"
"2011-03-26",143.6,38.44,5.7,"3 weeks ago"
"2011-03-26",142.98,37.78,5.6,"3 weeks ago"
"2011-03-26",141.87,36.71,5.7,"3 weeks ago"
"2011-03-26",141.86,36.72,5.6,"3 weeks ago"
"2011-03-26",142.68,37.88,5.8,"3 weeks ago"
"2011-03-26",142.36,36.1,5.9,"3 weeks ago"
"2011-03-26",141.82,36.59,6.3,"3 weeks ago"
"2011-03-26",142.41,37.01,5.8,"3 weeks ago"
"2011-03-26",142.1,37.45,5.9,"3 weeks ago"
"2011-03-26",144.53,37.93,6.1,"3 weeks ago"
"2011-03-26",141.82,36.82,6.1,"3 weeks ago"
"2011-03-26",142.35,39.03,6.3,"3 weeks ago"
"2011-03-26",141.2,37.44,6,"3 weeks ago"
"2011-03-26",142.71,36.32,5.7,"3 weeks ago"
"2011-03-26",142.31,36.94,5.7,"3 weeks ago"
"2011-03-26",142.79,39.2,5.8,"3 weeks ago"
"2011-03-26",142.19,38.34,5.3,"3 weeks ago"
"2011-03-26",141.89,36.4,5.7,"3 weeks ago"
"2011-03-26",141.81,36.2,5.8,"3 weeks ago"
"2011-03-26",143.84,38.73,5.2,"3 weeks ago"
"2011-03-26",142.16,36.95,5.1,"3 weeks ago"
"2011-03-26",141.76,36.52,5.4,"3 weeks ago"
"2011-03-26",141.68,36.55,5,"3 weeks ago"
"2011-03-26",141.96,36.73,5,"3 weeks ago"
"2011-03-26",141.57,37.74,5.7,"3 weeks ago"
"2011-03-26",142.23,37.11,5.6,"3 weeks ago"
"2011-03-26",142.78,37.01,5.7,"3 weeks ago"
"2011-03-26",142.82,36.98,5.1,"3 weeks ago"
"2011-03-26",142.7,36.94,5.9,"3 weeks ago"
"2011-03-26",142.21,37.59,5.7,"3 weeks ago"
"2011-03-26",142.82,37.57,5.4,"3 weeks ago"
"2011-03-26",140.85,36.29,5.6,"3 weeks ago"
"2011-03-26",141.49,36.57,6.2,"3 weeks ago"
"2011-03-26",144.54,37.05,6.1,"3 weeks ago"
"2011-03-26",141.7,36.12,5.4,"3 weeks ago"
"2011-03-26",141.56,36.17,6.5,"3 weeks ago"
"2011-03-26",143.02,37.37,6.1,"3 weeks ago"
"2011-03-26",142.66,38.02,6,"3 weeks ago"
"2011-03-26",141.18,37.47,6,"3 weeks ago"
"2011-03-26",142.97,39.14,6,"3 weeks ago"
"2011-03-26",140.98,36.03,5.6,"3 weeks ago"
"2011-03-26",143.83,37.7,5.4,"3 weeks ago"
"2011-03-26",142.77,37.64,5.5,"3 weeks ago"
"2011-03-26",140.98,37.45,5.9,"3 weeks ago"
"2011-03-26",140.97,36.12,5.6,"3 weeks ago"
"2011-03-26",142.45,37.42,5.6,"3 weeks ago"
"2011-03-26",141.91,36.51,5.2,"3 weeks ago"
"2011-03-26",143.64,37.56,5.3,"3 weeks ago"
"2011-03-26",141.1,36.33,5.3,"3 weeks ago"
"2011-03-26",141.92,36.77,5.5,"3 weeks ago"
"2011-03-26",141.6,36.61,5,"3 weeks ago"
"2011-03-26",142.5,37.28,5.1,"3 weeks ago"
"2011-03-26",142.72,37.38,5.4,"3 weeks ago"
"2011-03-26",142.67,37.3,5.3,"3 weeks ago"
"2011-03-26",144,37.4,5.1,"3 weeks ago"
"2011-03-26",143.31,37.68,5.5,"3 weeks ago"
"2011-03-26",140.12,37.97,5,"3 weeks ago"
"2011-03-26",144.13,37.44,5,"3 weeks ago"
"2011-03-26",142.16,38.3,5.3,"3 weeks ago"
"2011-03-26",142.65,37.7,5,"3 weeks ago"
"2011-03-26",141.6,35.91,5.5,"3 weeks ago"
"2011-03-26",142.71,39.49,5.3,"3 weeks ago"
"2011-03-26",142.3,36.66,5,"3 weeks ago"
"2011-03-26",144.12,37.4,5,"3 weeks ago"
"2011-03-26",143.06,39.6,5.4,"3 weeks ago"
"2011-03-26",141.82,36.22,5.1,"3 weeks ago"
"2011-03-26",141.81,37.72,5,"3 weeks ago"
"2011-03-26",142.19,36.66,5.3,"3 weeks ago"
"2011-03-26",143.16,37.3,5.1,"3 weeks ago"
"2011-03-26",142.76,39.19,6,"3 weeks ago"
"2011-03-26",140.98,35.81,5,"3 weeks ago"
"2011-03-26",141.61,36.05,5,"3 weeks ago"
"2011-03-26",142.25,36.9,5.4,"3 weeks ago"
"2011-03-26",142.03,37.26,5.4,"3 weeks ago"
"2011-03-26",142.86,37.97,5.1,"3 weeks ago"
"2011-03-26",142.52,36.66,5.7,"3 weeks ago"
"2011-03-26",-118.03,-52.4,5,"3 weeks ago"
"2011-03-26",143.57,37.96,5,"3 weeks ago"
"2011-03-26",143.59,39.4,5.9,"3 weeks ago"
"2011-03-26",141.2,37.05,5.2,"3 weeks ago"
"2011-03-26",142.49,36.69,5,"3 weeks ago"
"2011-03-26",143.12,38.39,5,"3 weeks ago"
"2011-03-26",141.39,35.89,5.4,"3 weeks ago"
"2011-03-26",143.75,38.42,5.6,"3 weeks ago"
"2011-03-26",143.05,37.49,5.2,"3 weeks ago"
"2011-03-26",143.36,38.49,5,"3 weeks ago"
"2011-03-26",142.27,39,5.2,"3 weeks ago"
"2011-03-26",141.5,37.74,5.6,"3 weeks ago"
"2011-03-26",142.96,39.17,5.3,"3 weeks ago"
"2011-03-26",142.6,38,5,"3 weeks ago"
"2011-03-26",142.54,37.02,5.1,"3 weeks ago"
"2011-03-26",143.26,36.48,5.2,"3 weeks ago"
"2011-03-26",141.84,35.53,5.5,"3 weeks ago"
"2011-03-26",141.78,36.38,5.5,"3 weeks ago"
"2011-03-26",143.32,39.19,5.3,"3 weeks ago"
"2011-03-26",141.81,36.63,5.5,"3 weeks ago"
"2011-03-26",140.93,35.68,5.7,"3 weeks ago"
"2011-03-26",143.07,37.55,5.8,"3 weeks ago"
"2011-03-26",142.01,35.57,5.2,"3 weeks ago"
"2011-03-26",143.37,39.13,5.4,"3 weeks ago"
"2011-03-26",142.16,38.5,5.2,"3 weeks ago"
"2011-03-26",143.43,39.22,5.4,"3 weeks ago"
"2011-03-26",140.12,38.08,5.1,"3 weeks ago"
"2011-03-26",142.4,36.24,5.7,"3 weeks ago"
"2011-03-26",143.17,39.06,5.8,"3 weeks ago"
"2011-03-26",70.55,36.27,5.1,"3 weeks ago"
"2011-03-26",144.78,37.91,5.3,"3 weeks ago"
"2011-03-26",142.46,39.24,6.6,"3 weeks ago"
"2011-03-26",142.91,39.32,5.4,"3 weeks ago"
"2011-03-26",142.24,36.7,5.7,"3 weeks ago"
"2011-03-26",141.17,36,5.8,"3 weeks ago"
"2011-03-26",144.49,37.9,5,"3 weeks ago"
"2011-03-26",142.51,36.93,5.3,"3 weeks ago"
"2011-03-26",142.7,37.23,5.3,"3 weeks ago"
"2011-03-26",141.53,36.27,5.5,"3 weeks ago"
"2011-03-26",143.01,37.69,5.3,"3 weeks ago"
"2011-03-26",142.09,39.2,5.3,"3 weeks ago"
"2011-03-26",142.08,35.75,5.6,"3 weeks ago"
"2011-03-26",142.74,36.33,5.1,"3 weeks ago"
"2011-03-26",144.64,38.9,5,"3 weeks ago"
"2011-03-26",142.55,38.06,5.9,"3 weeks ago"
"2011-03-26",142.26,39.08,5.8,"3 weeks ago"
"2011-03-26",141.75,36.48,5.3,"3 weeks ago"
"2011-03-26",141.71,36.19,5.2,"3 weeks ago"
"2011-03-26",142.7,38.06,5.4,"3 weeks ago"
"2011-03-26",143.62,36.99,5.3,"3 weeks ago"
"2011-03-26",143.3,37.46,5.4,"3 weeks ago"
"2011-03-26",143.51,39.28,5.3,"3 weeks ago"
"2011-03-26",141.6,36.15,5.6,"3 weeks ago"
"2011-03-26",141.98,38.5,5.4,"3 weeks ago"
"2011-03-26",141.96,37.8,5.5,"3 weeks ago"
"2011-03-26",141.69,36.15,5.2,"3 weeks ago"
"2011-03-26",141.98,36.54,5.3,"3 weeks ago"
"2011-03-26",143.76,37.74,5.1,"3 weeks ago"
"2011-03-26",141.88,37.38,5.1,"3 weeks ago"
"2011-03-26",141.74,36.37,5.6,"3 weeks ago"
"2011-03-26",142.83,37.58,5.5,"3 weeks ago"
"2011-03-26",142.14,35.79,5,"3 weeks ago"
"2011-03-26",142.8,39.21,5.1,"3 weeks ago"
"2011-03-26",141.84,36.16,5.5,"3 weeks ago"
"2011-03-26",142.06,37.34,5,"3 weeks ago"
"2011-03-26",144.13,38.99,5.7,"3 weeks ago"
"2011-03-26",141.15,36.87,5,"3 weeks ago"
"2011-03-26",141.88,36.63,5,"3 weeks ago"
"2011-03-26",143.12,38.37,5.3,"3 weeks ago"
"2011-03-26",142.9,37.99,5.2,"3 weeks ago"
"2011-03-26",142.14,37.22,5.1,"3 weeks ago"
"2011-03-26",140.76,36.12,5.5,"3 weeks ago"
"2011-03-26",141.94,37.5,5.2,"3 weeks ago"
"2011-03-26",143.22,37.55,5.1,"3 weeks ago"
"2011-03-26",142.11,37.09,5,"3 weeks ago"
"2011-03-26",142.38,37.41,5,"3 weeks ago"
"2011-03-26",143.96,37.05,5.4,"3 weeks ago"
"2011-03-26",144.04,37.11,5.5,"3 weeks ago"
"2011-03-26",140.79,36.67,5.1,"3 weeks ago"
"2011-03-26",144.29,38.12,5,"3 weeks ago"
"2011-03-26",141.9,35.97,5.3,"3 weeks ago"
"2011-03-26",141.4,35.96,5.8,"3 weeks ago"
"2011-03-26",142.35,39.05,5,"3 weeks ago"
"2011-03-26",141.74,37.28,5,"3 weeks ago"
"2011-03-26",141.54,36.33,5.5,"3 weeks ago"
"2011-03-26",141.81,35.99,6.3,"3 weeks ago"
"2011-03-26",141.86,36.25,5.5,"3 weeks ago"
"2011-03-26",141.86,36.4,6,"3 weeks ago"
"2011-03-26",141.55,35.64,5.5,"3 weeks ago"
"2011-03-26",142.28,37.32,5.2,"3 weeks ago"
"2011-03-26",142.24,37.18,5.2,"3 weeks ago"
"2011-03-26",141.71,36.02,5.4,"3 weeks ago"
"2011-03-26",141.96,35.94,5,"3 weeks ago"
"2011-03-26",142.37,37.5,5,"3 weeks ago"
"2011-03-26",142.99,38.7,5,"3 weeks ago"
"2011-03-26",144.07,36.58,5.4,"3 weeks ago"
"2011-03-26",144.41,39.26,5.3,"3 weeks ago"
"2011-03-26",143.46,39.46,5.5,"3 weeks ago"
"2011-03-26",143.38,39.62,5,"3 weeks ago"
"2011-03-26",142.3,36.56,5,"3 weeks ago"
"2011-03-26",143.15,37.82,5,"3 weeks ago"
"2011-03-26",144.34,38.17,5,"3 weeks ago"
"2011-03-26",144.3,38.5,5,"3 weeks ago"
"2011-03-26",144.09,37.47,5,"3 weeks ago"
"2011-03-26",144.16,37,5.6,"3 weeks ago"
"2011-03-26",141.39,35.33,5.5,"3 weeks ago"
"2011-03-26",143.57,37.74,5.1,"3 weeks ago"
"2011-03-26",142.43,36.57,5.1,"3 weeks ago"
"2011-03-26",141.81,36,5,"3 weeks ago"
"2011-03-26",141.14,37.38,5,"3 weeks ago"
"2011-03-26",144.63,37.06,5.4,"3 weeks ago"
"2011-03-26",142.71,37.33,5.1,"3 weeks ago"
"2011-03-26",143.42,39.74,5.2,"3 weeks ago"
"2011-03-26",144.91,37.66,5,"3 weeks ago"
"2011-03-26",142.06,36.76,5,"3 weeks ago"
"2011-03-26",142.1,37.2,5.7,"3 weeks ago"
"2011-03-26",142.21,36.45,5.1,"3 weeks ago"
"2011-03-26",141.63,36.22,5.8,"3 weeks ago"
"2011-03-26",143.26,39.19,5,"3 weeks ago"
"2011-03-26",141.02,36.83,5,"3 weeks ago"
"2011-03-26",141.24,36.13,5.1,"3 weeks ago"
"2011-03-26",141.74,35.8,5,"3 weeks ago"
"2011-03-26",138.38,37.01,6.2,"3 weeks ago"
"2011-03-26",142.87,39.34,6,"3 weeks ago"
"2011-03-26",140.88,36.26,5.5,"3 weeks ago"
"2011-03-26",144.01,38.16,5,"3 weeks ago"
"2011-03-26",140.66,35.69,5.5,"3 weeks ago"
"2011-03-26",142.98,37.06,5,"3 weeks ago"
"2011-03-26",138.3,36.94,5.7,"3 weeks ago"
"2011-03-26",142.44,37.11,5.2,"3 weeks ago"
"2011-03-26",143.56,37.44,5,"3 weeks ago"
"2011-03-26",141.58,37.56,5.2,"3 weeks ago"
"2011-03-26",139.06,40.48,6.2,"3 weeks ago"
"2011-03-26",-176.16,-24.44,5,"3 weeks ago"
"2011-03-26",144.36,38.9,5,"3 weeks ago"
"2011-03-26",142.63,39.01,6.1,"3 weeks ago"
"2011-03-26",144.86,38.38,5,"3 weeks ago"
"2011-03-26",141.6,35.81,5.7,"3 weeks ago"
"2011-03-26",141.97,36.9,5.2,"3 weeks ago"
"2011-03-26",143.34,37.68,5.4,"3 weeks ago"
"2011-03-26",141.12,37,5.1,"3 weeks ago"
"2011-03-26",142.83,37.83,5.5,"3 weeks ago"
"2011-03-26",143.71,37.66,5.1,"3 weeks ago"
"2011-03-26",142.26,38.27,5,"3 weeks ago"
"2011-03-26",143,39.17,5,"3 weeks ago"
"2011-03-26",142.48,39,5.4,"3 weeks ago"
"2011-03-26",142.91,37.83,5,"3 weeks ago"
"2011-03-26",142.3,37.26,5.2,"3 weeks ago"
"2011-03-26",142.25,38.28,5.4,"3 weeks ago"
"2011-03-26",141.64,36.63,5,"3 weeks ago"
"2011-03-26",143.81,37.08,5,"3 weeks ago"
"2011-03-26",143.81,37.61,5.1,"3 weeks ago"
"2011-03-26",144.83,37.83,5.7,"3 weeks ago"
"2011-03-26",142.31,36.49,5.4,"3 weeks ago"
"2011-03-26",142.62,39.05,5.3,"3 weeks ago"
"2011-03-26",143.52,37.06,5,"3 weeks ago"
"2011-03-26",142.53,38.86,5.1,"3 weeks ago"
"2011-03-26",143.52,38.4,5.3,"3 weeks ago"
"2011-03-26",141.51,36.53,5.4,"3 weeks ago"
"2011-03-26",143.6,36.56,5,"2 weeks ago"
"2011-03-26",141.88,37.76,5,"2 weeks ago"
"2011-03-26",142.5,37.21,5,"2 weeks ago"
"2011-03-26",141.77,36.11,5.5,"2 weeks ago"
"2011-03-26",141.39,37.82,5,"2 weeks ago"
"2011-03-26",142.68,38.05,5.4,"2 weeks ago"
"2011-03-26",-173.22,-16.65,5.2,"2 weeks ago"
"2011-03-26",-173.21,-16.72,5.8,"2 weeks ago"
"2011-03-26",141.66,36.34,5,"2 weeks ago"
"2011-03-26",142.83,38.75,5.8,"2 weeks ago"
"2011-03-26",142.94,39.16,5.3,"2 weeks ago"
"2011-03-26",142.3,36.53,5.2,"2 weeks ago"
"2011-03-26",141.56,36.33,5.1,"2 weeks ago"
"2011-03-26",141.75,37.33,5.5,"2 weeks ago"
"2011-03-26",142.65,37.59,6.5,"2 weeks ago"
"2011-03-26",142.8,37.48,5.2,"2 weeks ago"
"2011-03-26",141.43,36.67,5.2,"2 weeks ago"
"2011-03-26",142.72,40.13,5,"2 weeks ago"
"2011-03-26",142.3,39.1,5,"2 weeks ago"
"2011-03-26",143.61,37.6,5.9,"2 weeks ago"
"2011-03-26",144.22,37.72,5,"2 weeks ago"
"2011-03-26",142.6,39.55,5.8,"2 weeks ago"
"2011-03-26",141.34,35.95,5.9,"2 weeks ago"
"2011-03-26",144.62,37.89,5.3,"2 weeks ago"
"2011-03-26",140.95,35.22,5.3,"2 weeks ago"
"2011-03-26",141.23,35.79,5,"2 weeks ago"
"2011-03-26",139.1,-3.02,5.5,"2 weeks ago"
"2011-03-26",141.78,38.87,5.2,"2 weeks ago"
"2011-03-26",141.34,35.91,5.1,"2 weeks ago"
"2011-03-26",143.2,40.08,5.7,"2 weeks ago"
"2011-03-26",143.91,37.73,5.1,"2 weeks ago"
"2011-03-26",141.73,36.37,5.1,"2 weeks ago"
"2011-03-26",143.81,37.09,5.1,"2 weeks ago"
"2011-03-26",143.8,38.49,5.4,"2 weeks ago"
"2011-03-26",142.33,39.17,5.5,"2 weeks ago"
"2011-03-26",143.45,39.6,5,"2 weeks ago"
"2011-03-26",142.01,37.42,5,"2 weeks ago"
"2011-03-26",144.68,39,5.1,"2 weeks ago"
"2011-03-26",142.57,37.38,5,"2 weeks ago"
"2011-03-26",141.56,36.89,5.1,"2 weeks ago"
"2011-03-26",141.45,35.91,5.1,"2 weeks ago"
"2011-03-26",143.62,37.18,5,"2 weeks ago"
"2011-03-26",143.57,37.32,5.2,"2 weeks ago"
"2011-03-26",143.47,37.09,5.2,"2 weeks ago"
"2011-03-26",143.7,37.38,5,"2 weeks ago"
"2011-03-26",142.81,38.86,5.2,"2 weeks ago"
"2011-03-26",151.45,-3.84,5.6,"2 weeks ago"
"2011-03-26",141.77,35.94,5,"2 weeks ago"
"2011-03-26",143.47,37.15,5.3,"2 weeks ago"
"2011-03-26",144.45,37.5,5.2,"2 weeks ago"
"2011-03-26",141.76,36.7,5,"2 weeks ago"
"2011-03-26",142.28,39.05,5.7,"2 weeks ago"
"2011-03-26",141.68,35.74,5.3,"2 weeks ago"
"2011-03-26",143.83,37.75,5.1,"2 weeks ago"
"2011-03-26",143.51,37.73,5.9,"2 weeks ago"
"2011-03-26",141.16,37.25,6.1,"2 weeks ago"
"2011-03-26",141.94,36.2,5.2,"2 weeks ago"
"2011-03-26",-109.82,25.21,5.6,"2 weeks ago"
"2011-03-26",142.37,39.43,5.3,"2 weeks ago"
"2011-03-26",141.8,36.34,5.2,"2 weeks ago"
"2011-03-26",142.55,38.79,5.6,"2 weeks ago"
"2011-03-26",-109.74,25.32,5.4,"2 weeks ago"
"2011-03-26",141.66,35.78,5.4,"2 weeks ago"
"2011-03-26",142.4,39.47,5.8,"2 weeks ago"
"2011-03-26",144.75,37.91,5.1,"2 weeks ago"
"2011-03-26",143.35,37.72,5.1,"2 weeks ago"
"2011-03-26",143.94,38,5.2,"2 weeks ago"
"2011-03-26",-109.69,25.38,5.2,"2 weeks ago"
"2011-03-26",142.48,36.52,5.8,"2 weeks ago"
"2011-03-26",142.61,37.71,5.3,"2 weeks ago"
"2011-03-26",154.38,-6.17,5.1,"2 weeks ago"
"2011-03-26",141.75,35.75,5,"2 weeks ago"
"2011-03-26",143.99,36.75,5.1,"2 weeks ago"
"2011-03-26",144.75,38.89,5,"2 weeks ago"
"2011-03-26",-109.47,25.33,5,"2 weeks ago"
"2011-03-26",144.23,37.86,5,"2 weeks ago"
"2011-03-26",142.57,39.61,5.4,"2 weeks ago"
"2011-03-26",142.31,39.03,5.4,"2 weeks ago"
"2011-03-26",141.89,37.68,5.8,"2 weeks ago"
"2011-03-26",142.27,39.17,5.3,"2 weeks ago"
"2011-03-26",142.28,38,5.4,"2 weeks ago"
"2011-03-26",141.72,38.05,6.1,"2 weeks ago"
"2011-03-26",142.3,36.73,5.1,"2 weeks ago"
"2011-03-26",141.66,36.62,5.2,"2 weeks ago"
"2011-03-26",143.39,37.08,5,"2 weeks ago"
"2011-03-26",143.38,37.68,5,"2 weeks ago"
"2011-03-26",140.87,36.01,5,"2 weeks ago"
"2011-03-26",142.71,38.04,5,"2 weeks ago"
"2011-03-26",143.23,39.08,5.2,"2 weeks ago"
"2011-03-26",141.64,35.72,6.1,"2 weeks ago"
"2011-03-26",143.84,37.51,5.1,"2 weeks ago"
"2011-03-26",142.9,36.91,5.2,"2 weeks ago"
"2011-03-26",142.34,36.34,5.8,"2 weeks ago"
"2011-03-26",144.35,39.69,5.1,"2 weeks ago"
"2011-03-26",142.6,36.85,5.1,"2 weeks ago"
"2011-03-26",143.33,36.91,5.3,"2 weeks ago"
"2011-03-26",143.27,39.47,5.1,"2 weeks ago"
"2011-03-26",143.3,36.88,5.3,"2 weeks ago"
"2011-03-26",141.72,35.67,5,"2 weeks ago"
"2011-03-26",142.97,38.19,5.1,"2 weeks ago"
"2011-03-26",140.97,35.21,5.1,"2 weeks ago"
"2011-03-26",142.26,36.3,5.1,"2 weeks ago"
"2011-03-26",144.02,38.33,5.3,"2 weeks ago"
"2011-03-26",143.18,39.64,5.7,"2 weeks ago"
"2011-03-26",-109.52,25.33,5,"2 weeks ago"
"2011-03-26",142.4,37.17,5,"2 weeks ago"
"2011-03-26",143.81,37.73,5.1,"2 weeks ago"
"2011-03-26",142.44,39.02,5.1,"2 weeks ago"
"2011-03-26",141.86,38.85,5.6,"2 weeks ago"
"2011-03-26",142.39,37.35,5.7,"2 weeks ago"
"2011-03-26",141.61,34.33,5.4,"2 weeks ago"
"2011-03-26",142.73,39.17,5.2,"2 weeks ago"
"2011-03-26",142.79,38.28,5.1,"2 weeks ago"
"2011-03-26",142.78,37.77,5.4,"2 weeks ago"
"2011-03-26",144.47,36.9,5.2,"2 weeks ago"
"2011-03-26",140.83,35.47,5.2,"2 weeks ago"
"2011-03-26",142.59,39.44,5,"2 weeks ago"
"2011-03-26",141.15,35.13,5.1,"2 weeks ago"
"2011-03-26",143.6,37.65,5.1,"2 weeks ago"
"2011-03-26",142.6,37.93,5,"2 weeks ago"
"2011-03-26",141.1,35.15,5.6,"2 weeks ago"
"2011-03-26",141.91,36.92,5.2,"2 weeks ago"
"2011-03-26",141.79,36.02,5.2,"2 weeks ago"
"2011-03-26",141.86,35.93,5,"2 weeks ago"
"2011-03-26",141,35.76,5,"2 weeks ago"
"2011-03-26",141.77,36.91,5,"2 weeks ago"
"2011-03-26",140.89,36.41,5.5,"2 weeks ago"
"2011-03-26",142.4,36.64,5.1,"2 weeks ago"
"2011-03-26",143.69,40.3,5.2,"2 weeks ago"
"2011-03-26",142.08,36.28,5.4,"2 weeks ago"
"2011-03-26",-174.85,-17.58,5.3,"2 weeks ago"
"2011-03-26",144.4,39.16,5.2,"2 weeks ago"
"2011-03-26",141.72,36.64,5.2,"2 weeks ago"
"2011-03-26",143.46,36.74,5,"2 weeks ago"
"2011-03-26",142.46,37.78,6,"2 weeks ago"
"2011-03-26",141.23,37.45,5.3,"2 weeks ago"
"2011-03-26",141.84,36.62,5.2,"2 weeks ago"
"2011-03-26",142.31,39.07,5.2,"2 weeks ago"
"2011-03-26",142.9,37.91,5.1,"2 weeks ago"
"2011-03-26",140.97,36.98,5.2,"2 weeks ago"
"2011-03-26",143.39,39.23,5,"2 weeks ago"
"2011-03-26",143.57,39.74,5.2,"2 weeks ago"
"2011-03-26",141.27,36.73,5.2,"2 weeks ago"
"2011-03-26",141.25,36.91,5,"2 weeks ago"
"2011-03-26",142.18,37.15,5.1,"2 weeks ago"
"2011-03-26",141.66,36.17,5.1,"2 weeks ago"
"2011-03-26",142.15,38.32,5.2,"2 weeks ago"
"2011-03-26",178.29,-19.4,5,"2 weeks ago"
"2011-03-26",142.24,37.21,5.6,"2 weeks ago"
"2011-03-26",142.36,37.05,5.4,"2 weeks ago"
"2011-03-26",141.74,36.58,5.4,"2 weeks ago"
"2011-03-26",141.72,38.64,5.1,"2 weeks ago"
"2011-03-26",156.53,50.96,5.1,"2 weeks ago"
"2011-03-26",141.06,35.75,5,"2 weeks ago"
"2011-03-26",143.85,40.39,5.2,"2 weeks ago"
"2011-03-26",142.98,39.87,5,"2 weeks ago"
"2011-03-26",143.94,37.7,5,"2 weeks ago"
"2011-03-26",31.23,1.75,5,"2 weeks ago"
"2011-03-26",167.1,-13.63,5,"2 weeks ago"
"2011-03-26",131.27,-3.6,5,"2 weeks ago"
"2011-03-26",142.2,38.34,5,"2 weeks ago"
"2011-03-26",143.24,40.4,5.4,"2 weeks ago"
"2011-03-26",143.55,37.52,5.1,"2 weeks ago"
"2011-03-26",142.3,37.37,5.8,"2 weeks ago"
"2011-03-26",141.88,35.58,5.2,"2 weeks ago"
"2011-03-26",142.38,37.15,5.1,"2 weeks ago"
"2011-03-26",142.96,40.42,5.5,"2 weeks ago"
"2011-03-26",142.24,37.58,6,"2 weeks ago"
"2011-03-26",138.58,35.27,6,"2 weeks ago"
"2011-03-26",141.94,37.67,5.1,"2 weeks ago"
"2011-03-26",142.15,37.35,5,"2 weeks ago"
"2011-03-26",143.29,40.34,6.1,"2 weeks ago"
"2011-03-26",141.93,38.13,5.4,"2 weeks ago"
"2011-03-26",143.45,37.69,5,"2 weeks ago"
"2011-03-26",140.99,35.21,5.7,"2 weeks ago"
"2011-03-26",140.29,36.74,5,"2 weeks ago"
"2011-03-26",144.14,37.37,5.2,"2 weeks ago"
"2011-03-26",-176.9,-21.2,5,"2 weeks ago"
"2011-03-26",140.71,35.75,5.7,"2 weeks ago"
"2011-03-26",141.43,37.55,5.4,"2 weeks ago"
"2011-03-26",142.02,39.89,5.7,"2 weeks ago"
"2011-03-26",143.43,39.8,5.2,"2 weeks ago"
"2011-03-26",141.49,37.66,5,"2 weeks ago"
"2011-03-26",140.47,36.92,5,"2 weeks ago"
"2011-03-26",140.31,35.82,5.3,"2 weeks ago"
"2011-03-26",-67.92,19.03,5,"2 weeks ago"
"2011-03-26",141.66,38.54,5.2,"2 weeks ago"
"2011-03-26",142.5,36.25,5,"2 weeks ago"
"2011-03-26",121.39,56.55,5.1,"2 weeks ago"
"2011-03-26",142.17,37.12,5.1,"2 weeks ago"
"2011-03-26",141.81,29.36,5.1,"2 weeks ago"
"2011-03-26",143.64,37.34,5.1,"2 weeks ago"
"2011-03-26",-71.73,-32.56,5.5,"2 weeks ago"
"2011-03-26",142.53,39.13,5.3,"2 weeks ago"
"2011-03-26",-71.64,-32.56,5,"2 weeks ago"
"2011-03-26",-71.61,-32.5,5.1,"2 weeks ago"
"2011-03-26",-25.61,-57.92,5.3,"2 weeks ago"
"2011-03-26",167.83,-17.27,6.2,"2 weeks ago"
"2011-03-26",142.89,36.31,5.2,"2 weeks ago"
"2011-03-26",142.17,40.14,6.2,"2 weeks ago"
"2011-03-26",143.52,38.02,5.3,"2 weeks ago"
"2011-03-26",143.44,37.71,5.6,"2 weeks ago"
"2011-03-26",142.07,37.26,5.2,"2 weeks ago"
"2011-03-26",143.93,38.67,5.2,"2 weeks ago"
"2011-03-26",167.9,-17.27,5.8,"2 weeks ago"
"2011-03-26",141.63,36.66,5.3,"2 weeks ago"
"2011-03-26",160.51,52.65,5.3,"2 weeks ago"
"2011-03-26",142.41,40.25,5.2,"2 weeks ago"
"2011-03-26",142.34,40.26,5.1,"2 weeks ago"
"2011-03-26",167.75,-17.3,5,"2 weeks ago"
"2011-03-26",-71.76,-32.66,5.2,"2 weeks ago"
"2011-03-26",140.76,35.5,5.5,"2 weeks ago"
"2011-03-26",140.88,35.48,5.4,"2 weeks ago"
"2011-03-26",141.2,36.76,5.8,"2 weeks ago"
"2011-03-26",142.34,37.12,5.5,"2 weeks ago"
"2011-03-26",142.29,38.24,5,"2 weeks ago"
"2011-03-26",141.77,36.2,5.1,"2 weeks ago"
"2011-03-26",141.64,35.88,5.1,"2 weeks ago"
"2011-03-26",141.77,37.18,5,"2 weeks ago"
"2011-03-26",143.49,37.76,5.5,"2 weeks ago"
"2011-03-26",140.88,35.73,5.3,"2 weeks ago"
"2011-03-26",143.41,37.69,5,"2 weeks ago"
"2011-03-26",141.49,35.08,5.2,"2 weeks ago"
"2011-03-26",142.32,39.11,5.1,"2 weeks ago"
"2011-03-26",142.68,36.47,5,"2 weeks ago"
"2011-03-26",141.41,37.58,5.3,"2 weeks ago"
"2011-03-26",-174.82,-17.92,5,"2 weeks ago"
"2011-03-26",145.02,37.49,5,"2 weeks ago"
"2011-03-26",142.23,39.16,5.5,"2 weeks ago"
"2011-03-26",125.31,24.22,5.2,"2 weeks ago"
"2011-03-26",141.83,37.76,5.1,"2 weeks ago"
"2011-03-26",140.62,36.94,5.1,"2 weeks ago"
"2011-03-26",142.9,39.7,5.9,"1 week ago"
"2011-03-26",143.04,39.55,5.4,"1 week ago"
"2011-03-26",97.45,0.83,5.1,"1 week ago"
"2011-03-26",-13.1,-10.27,5.1,"1 week ago"
"2011-03-26",-68.87,-21.98,5.2,"1 week ago"
"2011-03-26",140.27,36.8,5.7,"1 week ago"
"2011-03-26",167.97,-19.47,5.2,"1 week ago"
"2011-03-26",149.44,-6.09,5.3,"1 week ago"
"2011-03-26",-13.18,-10.28,5.1,"1 week ago"
"2011-03-26",-13.23,-10.25,5.4,"1 week ago"
"2011-03-26",38.52,6.66,5,"1 week ago"
"2011-03-26",142.4,39.14,5.1,"1 week ago"
"2011-03-26",141.71,37.3,5,"1 week ago"
"2011-03-26",141.01,36.95,5.4,"1 week ago"
"2011-03-26",141.36,37.72,5.6,"1 week ago"
"2011-03-26",140.99,35.28,5.2,"1 week ago"
"2011-03-26",176.58,-37.52,5,"1 week ago"
"2011-03-26",143.51,39.85,5.2,"1 week ago"
"2011-03-26",141.78,36.2,5.2,"1 week ago"
"2011-03-26",121.44,22.32,5.4,"1 week ago"
"2011-03-26",121.25,18.99,6,"1 week ago"
"2011-03-26",141.12,35.16,5.1,"1 week ago"
"2011-03-26",-174.87,-18.88,5.3,"1 week ago"
"2011-03-26",141.82,39.35,5.8,"1 week ago"
"2011-03-26",78.24,-40.24,5.2,"1 week ago"
"2011-03-26",145.6,-3.43,5.1,"1 week ago"
"2011-03-26",140.96,35.33,5.1,"1 week ago"
"2011-03-26",-179.82,-31.13,5.7,"1 week ago"
"2011-03-26",143.37,36.38,5,"1 week ago"
"2011-03-26",143.85,37.14,5.2,"1 week ago"
"2011-03-26",-70.2,-24.87,5,"1 week ago"
"2011-03-26",179.65,-25.26,5,"1 week ago"
"2011-03-26",78.53,-40.27,5,"1 week ago"
"2011-03-26",142.01,36.25,5,"1 week ago"
"2011-03-26",70.93,36.49,5.8,"1 week ago"
"2011-03-26",120.57,13.91,5.5,"1 week ago"
"2011-03-26",144.69,37.97,5.1,"1 week ago"
"2011-03-26",143.18,36.68,5,"1 week ago"
"2011-03-26",141.8,36.06,5,"1 week ago"
"2011-03-26",141,35.2,5.7,"1 week ago"
"2011-03-26",-25.98,-57.48,5,"1 week ago"
"2011-03-26",141.59,35.69,5.1,"1 week ago"
"2011-03-26",144,37.24,6.4,"1 week ago"
"2011-03-26",141.79,37.33,6.1,"1 week ago"
"2011-03-26",143.44,39.85,6.4,"1 week ago"
"2011-03-26",143.11,39.73,5.6,"1 week ago"
"2011-03-26",143.19,36.87,5.6,"1 week ago"
"2011-03-26",141.4,36.29,5.7,"1 week ago"
"2011-03-26",143.98,37.06,5.1,"1 week ago"
"2011-03-26",-15.98,-33.1,5.8,"1 week ago"
"2011-03-26",141.55,35.8,5.9,"1 week ago"
"2011-03-26",-15.9,-33.18,5.1,"1 week ago"
"2011-03-26",141.57,35.79,5.6,"1 week ago"
"2011-03-26",142.32,39.2,5.1,"1 week ago"
"2011-03-26",141.6,35.75,5.1,"1 week ago"
"2011-03-26",141.64,35.68,5.3,"1 week ago"
"2011-03-26",-157.88,-62.66,5.3,"1 week ago"
"2011-03-26",127.64,-7.61,5,"1 week ago"
"2011-03-26",140.64,37.06,5.5,"1 week ago"
"2011-03-26",140.68,37.01,5.5,"1 week ago"
"2011-03-26",140.58,37.11,5.5,"1 week ago"
"2011-03-26",140.56,37.1,5.2,"1 week ago"
"2011-03-26",140.61,37.06,5,"1 week ago"
"2011-03-26",140.93,35.24,5,"1 week ago"
"2011-03-26",142.25,39.21,5,"1 week ago"
"2011-03-26",143.26,39.62,5.2,"1 week ago"
"2011-03-26",141.46,36.66,5.1,"1 week ago"
"2011-03-26",142.81,37.65,5,"1 week ago"
"2011-03-26",-178.69,-20.91,5.3,"1 week ago"
"2011-03-26",141.15,35.92,5.1,"1 week ago"
"2011-03-26",-179.56,-32.4,5.2,"1 week ago"
"2011-03-26",142.81,38.61,5.1,"1 week ago"
"2011-03-26",141.69,36.15,5,"1 week ago"
"2011-03-26",142.08,39.08,5.8,"1 week ago"
"2011-03-26",99.82,20.69,6.9,"1 week ago"
"2011-03-26",99.77,20.65,5.7,"1 week ago"
"2011-03-26",143.59,37.99,5.4,"1 week ago"
"2011-03-26",143.62,38.01,5,"1 week ago"
"2011-03-26",99.88,20.71,5,"1 week ago"
"2011-03-26",125.21,4.42,5,"1 week ago"
"2011-03-26",178.24,-38.08,5,"1 week ago"
"2011-03-26",99.08,1.14,5.2,"1 week ago"
"2011-03-26",143.88,37.74,5.3,"1 week ago"
"2011-03-26",141.88,38.77,6.2,"1 week ago"
"2011-03-26",143.84,37.71,5.1,"1 week ago"
"2011-03-26",130.3,-7.92,5,"1 week ago"
"2011-03-26",142.74,32.65,5,"this week"
"2011-03-26",100.11,20.74,5,"this week"
"2011-03-26",141.74,38.58,5.3,"this week"
"2011-03-26",-178.2,-18.3,5.4,"this week"
"2011-03-26",-29.25,0.8,5,"this week"
"2011-03-26",143.29,36.96,5.1,"this week"
"2011-03-26",-179.4,-15.85,6,"this week"
"2011-03-26",142.26,40.18,5,"this week"
"2011-03-26",141.85,39.93,5,"this week"
"2011-03-26",-92.35,14.37,5.6,"this week"
"2011-03-26",179.9,-24.08,5.3,"this week"
"2011-03-26",142.36,38.95,5.3,"this week"
"2011-03-26",142.01,38.42,6.2,"this week"
"2011-03-26",141.73,36.36,5.2,"this week"
"2011-03-26",-71.54,-34.83,5.2,"this week"
"2011-03-26",142.9,38.8,5.2,"this week"
"2011-03-26",-72.04,-33.83,5.1,"this week"
"2011-03-26",146.29,45.45,5,"this week"
"2011-03-26",124.56,23.19,5.4,"this week"
"2011-03-26",142.29,37.4,6.1,"this week"
"2011-03-26",68.37,-4,5.1,"this week"
"2011-03-26",143.46,39.59,5.5,"this week"
"2011-03-26",142.46,36.14,5.7,"this week"
"2011-03-26",141.01,35.4,5.1,"this week"
"2011-03-26",141.98,38.67,5.2,"this week"
"2011-03-26",140.75,36.69,5.1,"this week"
"2011-03-26",141.39,27,5,"this week"
"2011-03-26",-177.52,-16.54,6.3,"this week"
"2011-03-26",-177.53,-16.31,5.4,"this week"
"2011-03-26",141.82,38.92,6,"this week"
"2011-03-26",142.62,32.43,5.1,"this week"
"2011-03-26",-177.58,-16.57,5.3,"this week"
"2011-03-26",142.27,37.7,5.1,"this week"
"2011-03-26",140.21,40.3,5,"this week"
"2011-03-26",141.95,39.32,5.9,"this week"
"2011-03-26",141.82,36.72,5.1,"this week"
"2011-03-26",26.56,35.66,6,"this week"
"2011-03-26",141.5,36.23,5.3,"this week"
"2011-03-26",143.21,40.28,5.5,"this week"
"2011-03-26",167.44,-15.26,5,"this week"
"2011-03-26",-24.2,-56.4,5.1,"this week"
"2011-04-02",143.6,36.56,5,"3 weeks ago"
"2011-04-02",141.88,37.76,5,"3 weeks ago"
"2011-04-02",142.5,37.21,5,"3 weeks ago"
"2011-04-02",141.77,36.11,5.5,"3 weeks ago"
"2011-04-02",141.39,37.82,5,"3 weeks ago"
"2011-04-02",142.68,38.05,5.4,"3 weeks ago"
"2011-04-02",-173.22,-16.65,5.2,"3 weeks ago"
"2011-04-02",-173.21,-16.72,5.8,"3 weeks ago"
"2011-04-02",141.66,36.34,5,"3 weeks ago"
"2011-04-02",142.83,38.75,5.8,"3 weeks ago"
"2011-04-02",142.94,39.16,5.3,"3 weeks ago"
"2011-04-02",142.3,36.53,5.2,"3 weeks ago"
"2011-04-02",141.56,36.33,5.1,"3 weeks ago"
"2011-04-02",141.75,37.33,5.5,"3 weeks ago"
"2011-04-02",142.65,37.59,6.5,"3 weeks ago"
"2011-04-02",142.8,37.48,5.2,"3 weeks ago"
"2011-04-02",141.43,36.67,5.2,"3 weeks ago"
"2011-04-02",142.72,40.13,5,"3 weeks ago"
"2011-04-02",142.3,39.1,5,"3 weeks ago"
"2011-04-02",143.61,37.6,5.9,"3 weeks ago"
"2011-04-02",144.22,37.72,5,"3 weeks ago"
"2011-04-02",142.6,39.55,5.8,"3 weeks ago"
"2011-04-02",141.34,35.95,5.9,"3 weeks ago"
"2011-04-02",144.62,37.89,5.3,"3 weeks ago"
"2011-04-02",140.95,35.22,5.3,"3 weeks ago"
"2011-04-02",141.23,35.79,5,"3 weeks ago"
"2011-04-02",139.1,-3.02,5.5,"3 weeks ago"
"2011-04-02",141.78,38.87,5.2,"3 weeks ago"
"2011-04-02",141.34,35.91,5.1,"3 weeks ago"
"2011-04-02",143.2,40.08,5.7,"3 weeks ago"
"2011-04-02",143.91,37.73,5.1,"3 weeks ago"
"2011-04-02",141.73,36.37,5.1,"3 weeks ago"
"2011-04-02",143.81,37.09,5.1,"3 weeks ago"
"2011-04-02",143.8,38.49,5.4,"3 weeks ago"
"2011-04-02",142.33,39.17,5.5,"3 weeks ago"
"2011-04-02",143.45,39.6,5,"3 weeks ago"
"2011-04-02",142.01,37.42,5,"3 weeks ago"
"2011-04-02",144.68,39,5.1,"3 weeks ago"
"2011-04-02",142.57,37.38,5,"3 weeks ago"
"2011-04-02",141.56,36.89,5.1,"3 weeks ago"
"2011-04-02",141.45,35.91,5.1,"3 weeks ago"
"2011-04-02",143.62,37.18,5,"3 weeks ago"
"2011-04-02",143.57,37.32,5.2,"3 weeks ago"
"2011-04-02",143.47,37.09,5.2,"3 weeks ago"
"2011-04-02",143.7,37.38,5,"3 weeks ago"
"2011-04-02",142.81,38.86,5.2,"3 weeks ago"
"2011-04-02",151.45,-3.84,5.6,"3 weeks ago"
"2011-04-02",141.77,35.94,5,"3 weeks ago"
"2011-04-02",143.47,37.15,5.3,"3 weeks ago"
"2011-04-02",144.45,37.5,5.2,"3 weeks ago"
"2011-04-02",141.76,36.7,5,"3 weeks ago"
"2011-04-02",142.28,39.05,5.7,"3 weeks ago"
"2011-04-02",141.68,35.74,5.3,"3 weeks ago"
"2011-04-02",143.83,37.75,5.1,"3 weeks ago"
"2011-04-02",143.51,37.73,5.9,"3 weeks ago"
"2011-04-02",141.16,37.25,6.1,"3 weeks ago"
"2011-04-02",141.94,36.2,5.2,"3 weeks ago"
"2011-04-02",-109.82,25.21,5.6,"3 weeks ago"
"2011-04-02",142.37,39.43,5.3,"3 weeks ago"
"2011-04-02",141.8,36.34,5.2,"3 weeks ago"
"2011-04-02",142.55,38.79,5.6,"3 weeks ago"
"2011-04-02",-109.74,25.32,5.4,"3 weeks ago"
"2011-04-02",141.66,35.78,5.4,"3 weeks ago"
"2011-04-02",142.4,39.47,5.8,"3 weeks ago"
"2011-04-02",144.75,37.91,5.1,"3 weeks ago"
"2011-04-02",143.35,37.72,5.1,"3 weeks ago"
"2011-04-02",143.94,38,5.2,"3 weeks ago"
"2011-04-02",-109.69,25.38,5.2,"3 weeks ago"
"2011-04-02",142.48,36.52,5.8,"3 weeks ago"
"2011-04-02",142.61,37.71,5.3,"3 weeks ago"
"2011-04-02",154.38,-6.17,5.1,"3 weeks ago"
"2011-04-02",141.75,35.75,5,"3 weeks ago"
"2011-04-02",143.99,36.75,5.1,"3 weeks ago"
"2011-04-02",144.75,38.89,5,"3 weeks ago"
"2011-04-02",-109.47,25.33,5,"3 weeks ago"
"2011-04-02",144.23,37.86,5,"3 weeks ago"
"2011-04-02",142.57,39.61,5.4,"3 weeks ago"
"2011-04-02",142.31,39.03,5.4,"3 weeks ago"
"2011-04-02",141.89,37.68,5.8,"3 weeks ago"
"2011-04-02",142.27,39.17,5.3,"3 weeks ago"
"2011-04-02",142.28,38,5.4,"3 weeks ago"
"2011-04-02",141.72,38.05,6.1,"3 weeks ago"
"2011-04-02",142.3,36.73,5.1,"3 weeks ago"
"2011-04-02",141.66,36.62,5.2,"3 weeks ago"
"2011-04-02",143.39,37.08,5,"3 weeks ago"
"2011-04-02",143.38,37.68,5,"3 weeks ago"
"2011-04-02",140.87,36.01,5,"3 weeks ago"
"2011-04-02",142.71,38.04,5,"3 weeks ago"
"2011-04-02",143.23,39.08,5.2,"3 weeks ago"
"2011-04-02",141.64,35.72,6.1,"3 weeks ago"
"2011-04-02",143.84,37.51,5.1,"3 weeks ago"
"2011-04-02",142.9,36.91,5.2,"3 weeks ago"
"2011-04-02",142.34,36.34,5.8,"3 weeks ago"
"2011-04-02",144.35,39.69,5.1,"3 weeks ago"
"2011-04-02",142.6,36.85,5.1,"3 weeks ago"
"2011-04-02",143.33,36.91,5.3,"3 weeks ago"
"2011-04-02",143.27,39.47,5.1,"3 weeks ago"
"2011-04-02",143.3,36.88,5.3,"3 weeks ago"
"2011-04-02",141.72,35.67,5,"3 weeks ago"
"2011-04-02",142.97,38.19,5.1,"3 weeks ago"
"2011-04-02",140.97,35.21,5.1,"3 weeks ago"
"2011-04-02",142.26,36.3,5.1,"3 weeks ago"
"2011-04-02",144.02,38.33,5.3,"3 weeks ago"
"2011-04-02",143.18,39.64,5.7,"3 weeks ago"
"2011-04-02",-109.52,25.33,5,"3 weeks ago"
"2011-04-02",142.4,37.17,5,"3 weeks ago"
"2011-04-02",143.81,37.73,5.1,"3 weeks ago"
"2011-04-02",142.44,39.02,5.1,"3 weeks ago"
"2011-04-02",141.86,38.85,5.6,"3 weeks ago"
"2011-04-02",142.39,37.35,5.7,"3 weeks ago"
"2011-04-02",141.61,34.33,5.4,"3 weeks ago"
"2011-04-02",142.73,39.17,5.2,"3 weeks ago"
"2011-04-02",142.79,38.28,5.1,"3 weeks ago"
"2011-04-02",142.78,37.77,5.4,"3 weeks ago"
"2011-04-02",144.47,36.9,5.2,"3 weeks ago"
"2011-04-02",140.83,35.47,5.2,"3 weeks ago"
"2011-04-02",142.59,39.44,5,"3 weeks ago"
"2011-04-02",141.15,35.13,5.1,"3 weeks ago"
"2011-04-02",143.6,37.65,5.1,"3 weeks ago"
"2011-04-02",142.6,37.93,5,"3 weeks ago"
"2011-04-02",141.1,35.15,5.6,"3 weeks ago"
"2011-04-02",141.91,36.92,5.2,"3 weeks ago"
"2011-04-02",141.79,36.02,5.2,"3 weeks ago"
"2011-04-02",141.86,35.93,5,"3 weeks ago"
"2011-04-02",141,35.76,5,"3 weeks ago"
"2011-04-02",141.77,36.91,5,"3 weeks ago"
"2011-04-02",140.89,36.41,5.5,"3 weeks ago"
"2011-04-02",142.4,36.64,5.1,"3 weeks ago"
"2011-04-02",143.69,40.3,5.2,"3 weeks ago"
"2011-04-02",142.08,36.28,5.4,"3 weeks ago"
"2011-04-02",-174.85,-17.58,5.3,"3 weeks ago"
"2011-04-02",144.4,39.16,5.2,"3 weeks ago"
"2011-04-02",141.72,36.64,5.2,"3 weeks ago"
"2011-04-02",143.46,36.74,5,"3 weeks ago"
"2011-04-02",142.46,37.78,6,"3 weeks ago"
"2011-04-02",141.23,37.45,5.3,"3 weeks ago"
"2011-04-02",141.84,36.62,5.2,"3 weeks ago"
"2011-04-02",142.31,39.07,5.2,"3 weeks ago"
"2011-04-02",142.9,37.91,5.1,"3 weeks ago"
"2011-04-02",140.97,36.98,5.2,"3 weeks ago"
"2011-04-02",143.39,39.23,5,"3 weeks ago"
"2011-04-02",143.57,39.74,5.2,"3 weeks ago"
"2011-04-02",141.27,36.73,5.2,"3 weeks ago"
"2011-04-02",141.25,36.91,5,"3 weeks ago"
"2011-04-02",142.18,37.15,5.1,"3 weeks ago"
"2011-04-02",141.66,36.17,5.1,"3 weeks ago"
"2011-04-02",142.15,38.32,5.2,"3 weeks ago"
"2011-04-02",178.29,-19.4,5,"3 weeks ago"
"2011-04-02",142.24,37.21,5.6,"3 weeks ago"
"2011-04-02",142.36,37.05,5.4,"3 weeks ago"
"2011-04-02",141.74,36.58,5.4,"3 weeks ago"
"2011-04-02",141.72,38.64,5.1,"3 weeks ago"
"2011-04-02",156.53,50.96,5.1,"3 weeks ago"
"2011-04-02",141.06,35.75,5,"3 weeks ago"
"2011-04-02",143.85,40.39,5.2,"3 weeks ago"
"2011-04-02",142.98,39.87,5,"3 weeks ago"
"2011-04-02",143.94,37.7,5,"3 weeks ago"
"2011-04-02",31.23,1.75,5,"3 weeks ago"
"2011-04-02",167.1,-13.63,5,"3 weeks ago"
"2011-04-02",131.27,-3.6,5,"3 weeks ago"
"2011-04-02",142.2,38.34,5,"3 weeks ago"
"2011-04-02",143.24,40.4,5.4,"3 weeks ago"
"2011-04-02",143.55,37.52,5.1,"3 weeks ago"
"2011-04-02",142.3,37.37,5.8,"3 weeks ago"
"2011-04-02",141.88,35.58,5.2,"3 weeks ago"
"2011-04-02",142.38,37.15,5.1,"3 weeks ago"
"2011-04-02",142.96,40.42,5.5,"3 weeks ago"
"2011-04-02",142.24,37.58,6,"3 weeks ago"
"2011-04-02",138.58,35.27,6,"3 weeks ago"
"2011-04-02",141.94,37.67,5.1,"3 weeks ago"
"2011-04-02",142.15,37.35,5,"3 weeks ago"
"2011-04-02",143.29,40.34,6.1,"3 weeks ago"
"2011-04-02",141.93,38.13,5.4,"3 weeks ago"
"2011-04-02",143.45,37.69,5,"3 weeks ago"
"2011-04-02",140.99,35.21,5.7,"3 weeks ago"
"2011-04-02",140.29,36.74,5,"3 weeks ago"
"2011-04-02",144.14,37.37,5.2,"3 weeks ago"
"2011-04-02",-176.9,-21.2,5,"3 weeks ago"
"2011-04-02",140.71,35.75,5.7,"3 weeks ago"
"2011-04-02",141.43,37.55,5.4,"3 weeks ago"
"2011-04-02",142.02,39.89,5.7,"3 weeks ago"
"2011-04-02",143.43,39.8,5.2,"3 weeks ago"
"2011-04-02",141.49,37.66,5,"3 weeks ago"
"2011-04-02",140.47,36.92,5,"3 weeks ago"
"2011-04-02",140.31,35.82,5.3,"3 weeks ago"
"2011-04-02",-67.92,19.03,5,"3 weeks ago"
"2011-04-02",141.66,38.54,5.2,"3 weeks ago"
"2011-04-02",142.5,36.25,5,"3 weeks ago"
"2011-04-02",121.39,56.55,5.1,"3 weeks ago"
"2011-04-02",142.17,37.12,5.1,"3 weeks ago"
"2011-04-02",141.81,29.36,5.1,"3 weeks ago"
"2011-04-02",143.64,37.34,5.1,"3 weeks ago"
"2011-04-02",-71.73,-32.56,5.5,"3 weeks ago"
"2011-04-02",142.53,39.13,5.3,"3 weeks ago"
"2011-04-02",-71.64,-32.56,5,"3 weeks ago"
"2011-04-02",-71.61,-32.5,5.1,"3 weeks ago"
"2011-04-02",-25.61,-57.92,5.3,"3 weeks ago"
"2011-04-02",167.83,-17.27,6.2,"3 weeks ago"
"2011-04-02",142.89,36.31,5.2,"3 weeks ago"
"2011-04-02",142.17,40.14,6.2,"3 weeks ago"
"2011-04-02",143.52,38.02,5.3,"3 weeks ago"
"2011-04-02",143.44,37.71,5.6,"3 weeks ago"
"2011-04-02",142.07,37.26,5.2,"3 weeks ago"
"2011-04-02",143.93,38.67,5.2,"3 weeks ago"
"2011-04-02",167.9,-17.27,5.8,"3 weeks ago"
"2011-04-02",141.63,36.66,5.3,"3 weeks ago"
"2011-04-02",160.51,52.65,5.3,"3 weeks ago"
"2011-04-02",142.41,40.25,5.2,"3 weeks ago"
"2011-04-02",142.34,40.26,5.1,"3 weeks ago"
"2011-04-02",167.75,-17.3,5,"3 weeks ago"
"2011-04-02",-71.76,-32.66,5.2,"3 weeks ago"
"2011-04-02",140.76,35.5,5.5,"3 weeks ago"
"2011-04-02",140.88,35.48,5.4,"3 weeks ago"
"2011-04-02",141.2,36.76,5.8,"3 weeks ago"
"2011-04-02",142.34,37.12,5.5,"3 weeks ago"
"2011-04-02",142.29,38.24,5,"3 weeks ago"
"2011-04-02",141.77,36.2,5.1,"3 weeks ago"
"2011-04-02",141.64,35.88,5.1,"3 weeks ago"
"2011-04-02",141.77,37.18,5,"3 weeks ago"
"2011-04-02",143.49,37.76,5.5,"3 weeks ago"
"2011-04-02",140.88,35.73,5.3,"3 weeks ago"
"2011-04-02",143.41,37.69,5,"3 weeks ago"
"2011-04-02",141.49,35.08,5.2,"3 weeks ago"
"2011-04-02",142.32,39.11,5.1,"3 weeks ago"
"2011-04-02",142.68,36.47,5,"3 weeks ago"
"2011-04-02",141.41,37.58,5.3,"3 weeks ago"
"2011-04-02",-174.82,-17.92,5,"3 weeks ago"
"2011-04-02",145.02,37.49,5,"3 weeks ago"
"2011-04-02",142.23,39.16,5.5,"3 weeks ago"
"2011-04-02",125.31,24.22,5.2,"3 weeks ago"
"2011-04-02",141.83,37.76,5.1,"3 weeks ago"
"2011-04-02",140.62,36.94,5.1,"3 weeks ago"
"2011-04-02",142.9,39.7,5.9,"2 weeks ago"
"2011-04-02",143.04,39.55,5.4,"2 weeks ago"
"2011-04-02",97.45,0.83,5.1,"2 weeks ago"
"2011-04-02",-13.1,-10.27,5.1,"2 weeks ago"
"2011-04-02",-68.87,-21.98,5.2,"2 weeks ago"
"2011-04-02",140.27,36.8,5.7,"2 weeks ago"
"2011-04-02",167.97,-19.47,5.2,"2 weeks ago"
"2011-04-02",149.44,-6.09,5.3,"2 weeks ago"
"2011-04-02",-13.18,-10.28,5.1,"2 weeks ago"
"2011-04-02",-13.23,-10.25,5.4,"2 weeks ago"
"2011-04-02",38.52,6.66,5,"2 weeks ago"
"2011-04-02",142.4,39.14,5.1,"2 weeks ago"
"2011-04-02",141.71,37.3,5,"2 weeks ago"
"2011-04-02",141.01,36.95,5.4,"2 weeks ago"
"2011-04-02",141.36,37.72,5.6,"2 weeks ago"
"2011-04-02",140.99,35.28,5.2,"2 weeks ago"
"2011-04-02",176.58,-37.52,5,"2 weeks ago"
"2011-04-02",143.51,39.85,5.2,"2 weeks ago"
"2011-04-02",141.78,36.2,5.2,"2 weeks ago"
"2011-04-02",121.44,22.32,5.4,"2 weeks ago"
"2011-04-02",121.25,18.99,6,"2 weeks ago"
"2011-04-02",141.12,35.16,5.1,"2 weeks ago"
"2011-04-02",-174.87,-18.88,5.3,"2 weeks ago"
"2011-04-02",141.82,39.35,5.8,"2 weeks ago"
"2011-04-02",78.24,-40.24,5.2,"2 weeks ago"
"2011-04-02",145.6,-3.43,5.1,"2 weeks ago"
"2011-04-02",140.96,35.33,5.1,"2 weeks ago"
"2011-04-02",-179.82,-31.13,5.7,"2 weeks ago"
"2011-04-02",143.37,36.38,5,"2 weeks ago"
"2011-04-02",143.85,37.14,5.2,"2 weeks ago"
"2011-04-02",-70.2,-24.87,5,"2 weeks ago"
"2011-04-02",179.65,-25.26,5,"2 weeks ago"
"2011-04-02",78.53,-40.27,5,"2 weeks ago"
"2011-04-02",142.01,36.25,5,"2 weeks ago"
"2011-04-02",70.93,36.49,5.8,"2 weeks ago"
"2011-04-02",120.57,13.91,5.5,"2 weeks ago"
"2011-04-02",144.69,37.97,5.1,"2 weeks ago"
"2011-04-02",143.18,36.68,5,"2 weeks ago"
"2011-04-02",141.8,36.06,5,"2 weeks ago"
"2011-04-02",141,35.2,5.7,"2 weeks ago"
"2011-04-02",-25.98,-57.48,5,"2 weeks ago"
"2011-04-02",141.59,35.69,5.1,"2 weeks ago"
"2011-04-02",144,37.24,6.4,"2 weeks ago"
"2011-04-02",141.79,37.33,6.1,"2 weeks ago"
"2011-04-02",143.44,39.85,6.4,"2 weeks ago"
"2011-04-02",143.11,39.73,5.6,"2 weeks ago"
"2011-04-02",143.19,36.87,5.6,"2 weeks ago"
"2011-04-02",141.4,36.29,5.7,"2 weeks ago"
"2011-04-02",143.98,37.06,5.1,"2 weeks ago"
"2011-04-02",-15.98,-33.1,5.8,"2 weeks ago"
"2011-04-02",141.55,35.8,5.9,"2 weeks ago"
"2011-04-02",-15.9,-33.18,5.1,"2 weeks ago"
"2011-04-02",141.57,35.79,5.6,"2 weeks ago"
"2011-04-02",142.32,39.2,5.1,"2 weeks ago"
"2011-04-02",141.6,35.75,5.1,"2 weeks ago"
"2011-04-02",141.64,35.68,5.3,"2 weeks ago"
"2011-04-02",-157.88,-62.66,5.3,"2 weeks ago"
"2011-04-02",127.64,-7.61,5,"2 weeks ago"
"2011-04-02",140.64,37.06,5.5,"2 weeks ago"
"2011-04-02",140.68,37.01,5.5,"2 weeks ago"
"2011-04-02",140.58,37.11,5.5,"2 weeks ago"
"2011-04-02",140.56,37.1,5.2,"2 weeks ago"
"2011-04-02",140.61,37.06,5,"2 weeks ago"
"2011-04-02",140.93,35.24,5,"2 weeks ago"
"2011-04-02",142.25,39.21,5,"2 weeks ago"
"2011-04-02",143.26,39.62,5.2,"2 weeks ago"
"2011-04-02",141.46,36.66,5.1,"2 weeks ago"
"2011-04-02",142.81,37.65,5,"2 weeks ago"
"2011-04-02",-178.69,-20.91,5.3,"2 weeks ago"
"2011-04-02",141.15,35.92,5.1,"2 weeks ago"
"2011-04-02",-179.56,-32.4,5.2,"2 weeks ago"
"2011-04-02",142.81,38.61,5.1,"2 weeks ago"
"2011-04-02",141.69,36.15,5,"2 weeks ago"
"2011-04-02",142.08,39.08,5.8,"2 weeks ago"
"2011-04-02",99.82,20.69,6.9,"2 weeks ago"
"2011-04-02",99.77,20.65,5.7,"2 weeks ago"
"2011-04-02",143.59,37.99,5.4,"2 weeks ago"
"2011-04-02",143.62,38.01,5,"2 weeks ago"
"2011-04-02",99.88,20.71,5,"2 weeks ago"
"2011-04-02",125.21,4.42,5,"2 weeks ago"
"2011-04-02",178.24,-38.08,5,"2 weeks ago"
"2011-04-02",99.08,1.14,5.2,"2 weeks ago"
"2011-04-02",143.88,37.74,5.3,"2 weeks ago"
"2011-04-02",141.88,38.77,6.2,"2 weeks ago"
"2011-04-02",143.84,37.71,5.1,"2 weeks ago"
"2011-04-02",130.3,-7.92,5,"2 weeks ago"
"2011-04-02",142.74,32.65,5,"1 week ago"
"2011-04-02",100.11,20.74,5,"1 week ago"
"2011-04-02",141.74,38.58,5.3,"1 week ago"
"2011-04-02",-178.2,-18.3,5.4,"1 week ago"
"2011-04-02",-29.25,0.8,5,"1 week ago"
"2011-04-02",143.29,36.96,5.1,"1 week ago"
"2011-04-02",-179.4,-15.85,6,"1 week ago"
"2011-04-02",142.26,40.18,5,"1 week ago"
"2011-04-02",141.85,39.93,5,"1 week ago"
"2011-04-02",-92.35,14.37,5.6,"1 week ago"
"2011-04-02",179.9,-24.08,5.3,"1 week ago"
"2011-04-02",142.36,38.95,5.3,"1 week ago"
"2011-04-02",142.01,38.42,6.2,"1 week ago"
"2011-04-02",141.73,36.36,5.2,"1 week ago"
"2011-04-02",-71.54,-34.83,5.2,"1 week ago"
"2011-04-02",142.9,38.8,5.2,"1 week ago"
"2011-04-02",-72.04,-33.83,5.1,"1 week ago"
"2011-04-02",146.29,45.45,5,"1 week ago"
"2011-04-02",124.56,23.19,5.4,"1 week ago"
"2011-04-02",142.29,37.4,6.1,"1 week ago"
"2011-04-02",68.37,-4,5.1,"1 week ago"
"2011-04-02",143.46,39.59,5.5,"1 week ago"
"2011-04-02",142.46,36.14,5.7,"1 week ago"
"2011-04-02",141.01,35.4,5.1,"1 week ago"
"2011-04-02",141.98,38.67,5.2,"1 week ago"
"2011-04-02",140.75,36.69,5.1,"1 week ago"
"2011-04-02",141.39,27,5,"1 week ago"
"2011-04-02",-177.52,-16.54,6.3,"1 week ago"
"2011-04-02",-177.53,-16.31,5.4,"1 week ago"
"2011-04-02",141.82,38.92,6,"1 week ago"
"2011-04-02",142.62,32.43,5.1,"1 week ago"
"2011-04-02",-177.58,-16.57,5.3,"1 week ago"
"2011-04-02",142.27,37.7,5.1,"1 week ago"
"2011-04-02",140.21,40.3,5,"1 week ago"
"2011-04-02",141.95,39.32,5.9,"1 week ago"
"2011-04-02",141.82,36.72,5.1,"1 week ago"
"2011-04-02",26.56,35.66,6,"1 week ago"
"2011-04-02",141.5,36.23,5.3,"1 week ago"
"2011-04-02",143.21,40.28,5.5,"1 week ago"
"2011-04-02",167.44,-15.26,5,"1 week ago"
"2011-04-02",-24.2,-56.4,5.1,"1 week ago"
"2011-04-02",141.92,38.74,5.2,"this week"
"2011-04-02",153.96,-5.57,5.5,"this week"
"2011-04-02",-69.01,-19.54,5.9,"this week"
"2011-04-02",-179.69,-24.51,5.1,"this week"
"2011-04-02",141.45,37.63,5.2,"this week"
"2011-04-02",142.14,36.76,5.1,"this week"
"2011-04-02",-178.58,-17.64,6.4,"this week"
"2011-04-02",142.16,37.8,5,"this week"
"2011-04-02",107.69,-9.85,6.7,"this week"
"2011-04-02",-86.84,-48.7,5,"this week"
"2011-04-02",-76.61,-45.72,5.3,"this week"
"2011-04-02",142.4,37.82,5.1,"this week"
"2011-04-02",142.47,37.83,5,"this week"
"2011-04-02",142.05,37.05,5.1,"this week"
"2011-04-02",80.75,29.7,5.3,"this week"
"2011-04-02",-172.97,-19.53,5,"this week"
"2011-04-02",-101.98,1.94,5.2,"this week"
"2011-04-02",-178.6,-17.66,5.8,"this week"
"2011-04-02",106.22,-6.93,5.2,"this week"
"2011-04-02",127.08,3.05,5.4,"this week"
"2011-04-02",159.73,-9.59,5.1,"this week"
"2011-04-02",126.94,3.03,5.9,"this week"
"2011-04-02",127.13,3.04,5,"this week"
"2011-04-02",-173.6,-19.78,5.1,"this week"
"2011-04-02",142.1,38.37,5,"this week"
"2011-04-02",143.32,27.16,5.1,"this week"
"2011-04-02",-177.1,-31.43,5.2,"this week"
"2011-04-02",141.43,37.65,5.3,"this week"
"2011-04-02",97.09,1.61,6,"this week"
"2011-04-02",126.98,3.07,5,"this week"
"2011-04-02",-16.35,-41.6,5,"this week"
"2011-04-02",-94.34,17.21,6.6,"this week"
"2011-04-02",141.59,38.28,7.1,"this week"
"2011-04-02",-85.08,17.11,5.8,"this week"
"2011-04-02",-85.08,17.15,5,"this week"
"2011-04-02",142.89,39.14,5.1,"this week"
"2011-04-02",123.42,-7.82,5,"this week"
"2011-04-02",120.16,-42.46,5,"this week"
"2011-04-02",120.13,13.87,5.2,"this week"
"2011-04-02",147.48,43.72,5.3,"this week"
"2011-04-09",142.9,39.7,5.9,"3 weeks ago"
"2011-04-09",143.04,39.55,5.4,"3 weeks ago"
"2011-04-09",97.45,0.83,5.1,"3 weeks ago"
"2011-04-09",-13.1,-10.27,5.1,"3 weeks ago"
"2011-04-09",-68.87,-21.98,5.2,"3 weeks ago"
"2011-04-09",140.27,36.8,5.7,"3 weeks ago"
"2011-04-09",167.97,-19.47,5.2,"3 weeks ago"
"2011-04-09",149.44,-6.09,5.3,"3 weeks ago"
"2011-04-09",-13.18,-10.28,5.1,"3 weeks ago"
"2011-04-09",-13.23,-10.25,5.4,"3 weeks ago"
"2011-04-09",38.52,6.66,5,"3 weeks ago"
"2011-04-09",142.4,39.14,5.1,"3 weeks ago"
"2011-04-09",141.71,37.3,5,"3 weeks ago"
"2011-04-09",141.01,36.95,5.4,"3 weeks ago"
"2011-04-09",141.36,37.72,5.6,"3 weeks ago"
"2011-04-09",140.99,35.28,5.2,"3 weeks ago"
"2011-04-09",176.58,-37.52,5,"3 weeks ago"
"2011-04-09",143.51,39.85,5.2,"3 weeks ago"
"2011-04-09",141.78,36.2,5.2,"3 weeks ago"
"2011-04-09",121.44,22.32,5.4,"3 weeks ago"
"2011-04-09",121.25,18.99,6,"3 weeks ago"
"2011-04-09",141.12,35.16,5.1,"3 weeks ago"
"2011-04-09",-174.87,-18.88,5.3,"3 weeks ago"
"2011-04-09",141.82,39.35,5.8,"3 weeks ago"
"2011-04-09",78.24,-40.24,5.2,"3 weeks ago"
"2011-04-09",145.6,-3.43,5.1,"3 weeks ago"
"2011-04-09",140.96,35.33,5.1,"3 weeks ago"
"2011-04-09",-179.82,-31.13,5.7,"3 weeks ago"
"2011-04-09",143.37,36.38,5,"3 weeks ago"
"2011-04-09",143.85,37.14,5.2,"3 weeks ago"
"2011-04-09",-70.2,-24.87,5,"3 weeks ago"
"2011-04-09",179.65,-25.26,5,"3 weeks ago"
"2011-04-09",78.53,-40.27,5,"3 weeks ago"
"2011-04-09",142.01,36.25,5,"3 weeks ago"
"2011-04-09",70.93,36.49,5.8,"3 weeks ago"
"2011-04-09",120.57,13.91,5.5,"3 weeks ago"
"2011-04-09",144.69,37.97,5.1,"3 weeks ago"
"2011-04-09",143.18,36.68,5,"3 weeks ago"
"2011-04-09",141.8,36.06,5,"3 weeks ago"
"2011-04-09",141,35.2,5.7,"3 weeks ago"
"2011-04-09",-25.98,-57.48,5,"3 weeks ago"
"2011-04-09",141.59,35.69,5.1,"3 weeks ago"
"2011-04-09",144,37.24,6.4,"3 weeks ago"
"2011-04-09",141.79,37.33,6.1,"3 weeks ago"
"2011-04-09",143.44,39.85,6.4,"3 weeks ago"
"2011-04-09",143.11,39.73,5.6,"3 weeks ago"
"2011-04-09",143.19,36.87,5.6,"3 weeks ago"
"2011-04-09",141.4,36.29,5.7,"3 weeks ago"
"2011-04-09",143.98,37.06,5.1,"3 weeks ago"
"2011-04-09",-15.98,-33.1,5.8,"3 weeks ago"
"2011-04-09",141.55,35.8,5.9,"3 weeks ago"
"2011-04-09",-15.9,-33.18,5.1,"3 weeks ago"
"2011-04-09",141.57,35.79,5.6,"3 weeks ago"
"2011-04-09",142.32,39.2,5.1,"3 weeks ago"
"2011-04-09",141.6,35.75,5.1,"3 weeks ago"
"2011-04-09",141.64,35.68,5.3,"3 weeks ago"
"2011-04-09",-157.88,-62.66,5.3,"3 weeks ago"
"2011-04-09",127.64,-7.61,5,"3 weeks ago"
"2011-04-09",140.64,37.06,5.5,"3 weeks ago"
"2011-04-09",140.68,37.01,5.5,"3 weeks ago"
"2011-04-09",140.58,37.11,5.5,"3 weeks ago"
"2011-04-09",140.56,37.1,5.2,"3 weeks ago"
"2011-04-09",140.61,37.06,5,"3 weeks ago"
"2011-04-09",140.93,35.24,5,"3 weeks ago"
"2011-04-09",142.25,39.21,5,"3 weeks ago"
"2011-04-09",143.26,39.62,5.2,"3 weeks ago"
"2011-04-09",141.46,36.66,5.1,"3 weeks ago"
"2011-04-09",142.81,37.65,5,"3 weeks ago"
"2011-04-09",-178.69,-20.91,5.3,"3 weeks ago"
"2011-04-09",141.15,35.92,5.1,"3 weeks ago"
"2011-04-09",-179.56,-32.4,5.2,"3 weeks ago"
"2011-04-09",142.81,38.61,5.1,"3 weeks ago"
"2011-04-09",141.69,36.15,5,"3 weeks ago"
"2011-04-09",142.08,39.08,5.8,"3 weeks ago"
"2011-04-09",99.82,20.69,6.9,"3 weeks ago"
"2011-04-09",99.77,20.65,5.7,"3 weeks ago"
"2011-04-09",143.59,37.99,5.4,"3 weeks ago"
"2011-04-09",143.62,38.01,5,"3 weeks ago"
"2011-04-09",99.88,20.71,5,"3 weeks ago"
"2011-04-09",125.21,4.42,5,"3 weeks ago"
"2011-04-09",178.24,-38.08,5,"3 weeks ago"
"2011-04-09",99.08,1.14,5.2,"3 weeks ago"
"2011-04-09",143.88,37.74,5.3,"3 weeks ago"
"2011-04-09",141.88,38.77,6.2,"3 weeks ago"
"2011-04-09",143.84,37.71,5.1,"3 weeks ago"
"2011-04-09",130.3,-7.92,5,"3 weeks ago"
"2011-04-09",142.74,32.65,5,"2 weeks ago"
"2011-04-09",100.11,20.74,5,"2 weeks ago"
"2011-04-09",141.74,38.58,5.3,"2 weeks ago"
"2011-04-09",-178.2,-18.3,5.4,"2 weeks ago"
"2011-04-09",-29.25,0.8,5,"2 weeks ago"
"2011-04-09",143.29,36.96,5.1,"2 weeks ago"
"2011-04-09",-179.4,-15.85,6,"2 weeks ago"
"2011-04-09",142.26,40.18,5,"2 weeks ago"
"2011-04-09",141.85,39.93,5,"2 weeks ago"
"2011-04-09",-92.35,14.37,5.6,"2 weeks ago"
"2011-04-09",179.9,-24.08,5.3,"2 weeks ago"
"2011-04-09",142.36,38.95,5.3,"2 weeks ago"
"2011-04-09",142.01,38.42,6.2,"2 weeks ago"
"2011-04-09",141.73,36.36,5.2,"2 weeks ago"
"2011-04-09",-71.54,-34.83,5.2,"2 weeks ago"
"2011-04-09",142.9,38.8,5.2,"2 weeks ago"
"2011-04-09",-72.04,-33.83,5.1,"2 weeks ago"
"2011-04-09",146.29,45.45,5,"2 weeks ago"
"2011-04-09",124.56,23.19,5.4,"2 weeks ago"
"2011-04-09",142.29,37.4,6.1,"2 weeks ago"
"2011-04-09",68.37,-4,5.1,"2 weeks ago"
"2011-04-09",143.46,39.59,5.5,"2 weeks ago"
"2011-04-09",142.46,36.14,5.7,"2 weeks ago"
"2011-04-09",141.01,35.4,5.1,"2 weeks ago"
"2011-04-09",141.98,38.67,5.2,"2 weeks ago"
"2011-04-09",140.75,36.69,5.1,"2 weeks ago"
"2011-04-09",141.39,27,5,"2 weeks ago"
"2011-04-09",-177.52,-16.54,6.3,"2 weeks ago"
"2011-04-09",-177.53,-16.31,5.4,"2 weeks ago"
"2011-04-09",141.82,38.92,6,"2 weeks ago"
"2011-04-09",142.62,32.43,5.1,"2 weeks ago"
"2011-04-09",-177.58,-16.57,5.3,"2 weeks ago"
"2011-04-09",142.27,37.7,5.1,"2 weeks ago"
"2011-04-09",140.21,40.3,5,"2 weeks ago"
"2011-04-09",141.95,39.32,5.9,"2 weeks ago"
"2011-04-09",141.82,36.72,5.1,"2 weeks ago"
"2011-04-09",26.56,35.66,6,"2 weeks ago"
"2011-04-09",141.5,36.23,5.3,"2 weeks ago"
"2011-04-09",143.21,40.28,5.5,"2 weeks ago"
"2011-04-09",167.44,-15.26,5,"2 weeks ago"
"2011-04-09",-24.2,-56.4,5.1,"2 weeks ago"
"2011-04-09",141.92,38.74,5.2,"1 week ago"
"2011-04-09",153.96,-5.57,5.5,"1 week ago"
"2011-04-09",-69.01,-19.54,5.9,"1 week ago"
"2011-04-09",-179.69,-24.51,5.1,"1 week ago"
"2011-04-09",141.45,37.63,5.2,"1 week ago"
"2011-04-09",142.14,36.76,5.1,"1 week ago"
"2011-04-09",-178.58,-17.64,6.4,"1 week ago"
"2011-04-09",142.16,37.8,5,"1 week ago"
"2011-04-09",107.69,-9.85,6.7,"1 week ago"
"2011-04-09",-86.84,-48.7,5,"1 week ago"
"2011-04-09",-76.61,-45.72,5.3,"1 week ago"
"2011-04-09",142.4,37.82,5.1,"1 week ago"
"2011-04-09",142.47,37.83,5,"1 week ago"
"2011-04-09",142.05,37.05,5.1,"1 week ago"
"2011-04-09",80.75,29.7,5.3,"1 week ago"
"2011-04-09",-172.97,-19.53,5,"1 week ago"
"2011-04-09",-101.98,1.94,5.2,"1 week ago"
"2011-04-09",-178.6,-17.66,5.8,"1 week ago"
"2011-04-09",106.22,-6.93,5.2,"1 week ago"
"2011-04-09",127.08,3.05,5.4,"1 week ago"
"2011-04-09",159.73,-9.59,5.1,"1 week ago"
"2011-04-09",126.94,3.03,5.9,"1 week ago"
"2011-04-09",127.13,3.04,5,"1 week ago"
"2011-04-09",-173.6,-19.78,5.1,"1 week ago"
"2011-04-09",142.1,38.37,5,"1 week ago"
"2011-04-09",143.32,27.16,5.1,"1 week ago"
"2011-04-09",-177.1,-31.43,5.2,"1 week ago"
"2011-04-09",141.43,37.65,5.3,"1 week ago"
"2011-04-09",97.09,1.61,6,"1 week ago"
"2011-04-09",126.98,3.07,5,"1 week ago"
"2011-04-09",-16.35,-41.6,5,"1 week ago"
"2011-04-09",-94.34,17.21,6.6,"1 week ago"
"2011-04-09",141.59,38.28,7.1,"1 week ago"
"2011-04-09",-85.08,17.11,5.8,"1 week ago"
"2011-04-09",-85.08,17.15,5,"1 week ago"
"2011-04-09",142.89,39.14,5.1,"1 week ago"
"2011-04-09",123.42,-7.82,5,"1 week ago"
"2011-04-09",120.16,-42.46,5,"1 week ago"
"2011-04-09",120.13,13.87,5.2,"1 week ago"
"2011-04-09",147.48,43.72,5.3,"1 week ago"
"2011-04-09",142.05,36.75,5.1,"this week"
"2011-04-09",141.7,38.28,5.3,"this week"
"2011-04-09",131.78,30,5.9,"this week"
"2011-04-09",-176.98,-28.77,5.2,"this week"
"2011-04-09",100.76,31.37,5.4,"this week"
"2011-04-09",179.84,-23.6,5.3,"this week"
"2011-04-09",126.18,9.9,5,"this week"
"2011-04-09",-73.77,-36.19,5.2,"this week"
"2011-04-09",-82.7,3.97,5,"this week"
"2011-04-09",140.99,36.77,5.1,"this week"
"2011-04-09",176.38,-40.28,5.1,"this week"
"2011-04-09",-178.5,-17.8,5.4,"this week"
"2011-04-09",125.3,10.11,5,"this week"
"2011-04-09",-66.65,-23.92,5,"this week"
"2011-04-09",140.4,37,6.6,"this week"
"2011-04-09",140.81,37.79,5.8,"this week"
"2011-04-09",140.35,37.06,5.2,"this week"
"2011-04-09",140.37,37.03,5,"this week"
"2011-04-09",140.36,36.98,5.5,"this week"
"2011-04-09",-177.37,-29.56,5.2,"this week"
"2011-04-09",144.47,37.64,5.4,"this week"
"2011-04-09",138.28,36.81,5.5,"this week"
"2011-04-09",140.57,35.42,6.2,"this week"
"2011-04-09",140.37,37.11,5.9,"this week"
"2011-04-09",141.9,39.37,5.6,"this week"
"2011-04-09",145.72,13.39,5,"this week"
"2011-04-09",-66.65,-23.86,5.1,"this week"
"2011-04-09",140.68,35.38,5.1,"this week"
"2011-04-09",140.42,36.95,5.3,"this week"
"2011-04-09",166.47,-12.62,5,"this week"
"2011-04-09",-64.26,18.96,5,"this week"
"2011-04-09",176.28,-17.66,5.2,"this week"
"2011-04-09",-71.84,-33.75,5.4,"this week"
"2011-04-09",98.61,45.4,5.3,"this week"
"2011-04-09",143.34,39.58,6,"this week"
"2011-04-09",143.41,39.57,5,"this week"
"2011-04-09",143.36,39.5,5,"this week"
"2011-04-09",143.19,39.62,5.5,"this week"
"2011-04-09",-26.74,0.83,5.1,"this week"
"2011-04-09",140.37,36.8,5,"this week"
"2011-04-09",146.82,-3.36,5,"this week"
"2011-04-09",140.6,36.98,5.1,"this week"
"2011-04-09",-178.53,-33.05,5.5,"this week"
"2011-04-09",141.58,36.69,5.1,"this week"
"2011-04-09",141.88,35.56,5.7,"this week"
"2011-04-09",126.22,5.89,5.3,"this week"
"2011-04-09",-86.34,11.24,5.7,"this week"
"2011-04-09",161.37,-10.65,5,"this week"
"2011-04-09",-173.24,-15.28,5.8,"this week"
"2011-04-09",-28.1,-55.62,5.1,"this week"
"2011-04-09",-175.2,50.67,5.1,"this week"
"2011-04-09",-2,-54.04,5.1,"this week"
"2011-04-09",151.13,-5.75,5,"this week"
"2011-04-09",142.41,37.21,5,"this week"
"2011-04-09",-175.36,-18.69,5.7,"this week"
"2011-04-16",142.74,32.65,5,"3 weeks ago"
"2011-04-16",100.11,20.74,5,"3 weeks ago"
"2011-04-16",141.74,38.58,5.3,"3 weeks ago"
"2011-04-16",-178.2,-18.3,5.4,"3 weeks ago"
"2011-04-16",-29.25,0.8,5,"3 weeks ago"
"2011-04-16",143.29,36.96,5.1,"3 weeks ago"
"2011-04-16",-179.4,-15.85,6,"3 weeks ago"
"2011-04-16",142.26,40.18,5,"3 weeks ago"
"2011-04-16",141.85,39.93,5,"3 weeks ago"
"2011-04-16",-92.35,14.37,5.6,"3 weeks ago"
"2011-04-16",179.9,-24.08,5.3,"3 weeks ago"
"2011-04-16",142.36,38.95,5.3,"3 weeks ago"
"2011-04-16",142.01,38.42,6.2,"3 weeks ago"
"2011-04-16",141.73,36.36,5.2,"3 weeks ago"
"2011-04-16",-71.54,-34.83,5.2,"3 weeks ago"
"2011-04-16",142.9,38.8,5.2,"3 weeks ago"
"2011-04-16",-72.04,-33.83,5.1,"3 weeks ago"
"2011-04-16",146.29,45.45,5,"3 weeks ago"
"2011-04-16",124.56,23.19,5.4,"3 weeks ago"
"2011-04-16",142.29,37.4,6.1,"3 weeks ago"
"2011-04-16",68.37,-4,5.1,"3 weeks ago"
"2011-04-16",143.46,39.59,5.5,"3 weeks ago"
"2011-04-16",142.46,36.14,5.7,"3 weeks ago"
"2011-04-16",141.01,35.4,5.1,"3 weeks ago"
"2011-04-16",141.98,38.67,5.2,"3 weeks ago"
"2011-04-16",140.75,36.69,5.1,"3 weeks ago"
"2011-04-16",141.39,27,5,"3 weeks ago"
"2011-04-16",-177.52,-16.54,6.3,"3 weeks ago"
"2011-04-16",-177.53,-16.31,5.4,"3 weeks ago"
"2011-04-16",141.82,38.92,6,"3 weeks ago"
"2011-04-16",142.62,32.43,5.1,"3 weeks ago"
"2011-04-16",-177.58,-16.57,5.3,"3 weeks ago"
"2011-04-16",142.27,37.7,5.1,"3 weeks ago"
"2011-04-16",140.21,40.3,5,"3 weeks ago"
"2011-04-16",141.95,39.32,5.9,"3 weeks ago"
"2011-04-16",141.82,36.72,5.1,"3 weeks ago"
"2011-04-16",26.56,35.66,6,"3 weeks ago"
"2011-04-16",141.5,36.23,5.3,"3 weeks ago"
"2011-04-16",143.21,40.28,5.5,"3 weeks ago"
"2011-04-16",167.44,-15.26,5,"3 weeks ago"
"2011-04-16",-24.2,-56.4,5.1,"3 weeks ago"
"2011-04-16",141.92,38.74,5.2,"2 weeks ago"
"2011-04-16",153.96,-5.57,5.5,"2 weeks ago"
"2011-04-16",-69.01,-19.54,5.9,"2 weeks ago"
"2011-04-16",-179.69,-24.51,5.1,"2 weeks ago"
"2011-04-16",141.45,37.63,5.2,"2 weeks ago"
"2011-04-16",142.14,36.76,5.1,"2 weeks ago"
"2011-04-16",-178.58,-17.64,6.4,"2 weeks ago"
"2011-04-16",142.16,37.8,5,"2 weeks ago"
"2011-04-16",107.69,-9.85,6.7,"2 weeks ago"
"2011-04-16",-86.84,-48.7,5,"2 weeks ago"
"2011-04-16",-76.61,-45.72,5.3,"2 weeks ago"
"2011-04-16",142.4,37.82,5.1,"2 weeks ago"
"2011-04-16",142.47,37.83,5,"2 weeks ago"
"2011-04-16",142.05,37.05,5.1,"2 weeks ago"
"2011-04-16",80.75,29.7,5.3,"2 weeks ago"
"2011-04-16",-172.97,-19.53,5,"2 weeks ago"
"2011-04-16",-101.98,1.94,5.2,"2 weeks ago"
"2011-04-16",-178.6,-17.66,5.8,"2 weeks ago"
"2011-04-16",106.22,-6.93,5.2,"2 weeks ago"
"2011-04-16",127.08,3.05,5.4,"2 weeks ago"
"2011-04-16",159.73,-9.59,5.1,"2 weeks ago"
"2011-04-16",126.94,3.03,5.9,"2 weeks ago"
"2011-04-16",127.13,3.04,5,"2 weeks ago"
"2011-04-16",-173.6,-19.78,5.1,"2 weeks ago"
"2011-04-16",142.1,38.37,5,"2 weeks ago"
"2011-04-16",143.32,27.16,5.1,"2 weeks ago"
"2011-04-16",-177.1,-31.43,5.2,"2 weeks ago"
"2011-04-16",141.43,37.65,5.3,"2 weeks ago"
"2011-04-16",97.09,1.61,6,"2 weeks ago"
"2011-04-16",126.98,3.07,5,"2 weeks ago"
"2011-04-16",-16.35,-41.6,5,"2 weeks ago"
"2011-04-16",-94.34,17.21,6.6,"2 weeks ago"
"2011-04-16",141.59,38.28,7.1,"2 weeks ago"
"2011-04-16",-85.08,17.11,5.8,"2 weeks ago"
"2011-04-16",-85.08,17.15,5,"2 weeks ago"
"2011-04-16",142.89,39.14,5.1,"2 weeks ago"
"2011-04-16",123.42,-7.82,5,"2 weeks ago"
"2011-04-16",120.16,-42.46,5,"2 weeks ago"
"2011-04-16",120.13,13.87,5.2,"2 weeks ago"
"2011-04-16",147.48,43.72,5.3,"2 weeks ago"
"2011-04-16",142.05,36.75,5.1,"1 week ago"
"2011-04-16",141.7,38.28,5.3,"1 week ago"
"2011-04-16",131.78,30,5.9,"1 week ago"
"2011-04-16",-176.98,-28.77,5.2,"1 week ago"
"2011-04-16",100.76,31.37,5.4,"1 week ago"
"2011-04-16",179.84,-23.6,5.3,"1 week ago"
"2011-04-16",126.18,9.9,5,"1 week ago"
"2011-04-16",-73.77,-36.19,5.2,"1 week ago"
"2011-04-16",-82.7,3.97,5,"1 week ago"
"2011-04-16",140.99,36.77,5.1,"1 week ago"
"2011-04-16",176.38,-40.28,5.1,"1 week ago"
"2011-04-16",-178.5,-17.8,5.4,"1 week ago"
"2011-04-16",125.3,10.11,5,"1 week ago"
"2011-04-16",-66.65,-23.92,5,"1 week ago"
"2011-04-16",140.4,37,6.6,"1 week ago"
"2011-04-16",140.81,37.79,5.8,"1 week ago"
"2011-04-16",140.35,37.06,5.2,"1 week ago"
"2011-04-16",140.37,37.03,5,"1 week ago"
"2011-04-16",140.36,36.98,5.5,"1 week ago"
"2011-04-16",-177.37,-29.56,5.2,"1 week ago"
"2011-04-16",144.47,37.64,5.4,"1 week ago"
"2011-04-16",138.28,36.81,5.5,"1 week ago"
"2011-04-16",140.57,35.42,6.2,"1 week ago"
"2011-04-16",140.37,37.11,5.9,"1 week ago"
"2011-04-16",141.9,39.37,5.6,"1 week ago"
"2011-04-16",145.72,13.39,5,"1 week ago"
"2011-04-16",-66.65,-23.86,5.1,"1 week ago"
"2011-04-16",140.68,35.38,5.1,"1 week ago"
"2011-04-16",140.42,36.95,5.3,"1 week ago"
"2011-04-16",166.47,-12.62,5,"1 week ago"
"2011-04-16",-64.26,18.96,5,"1 week ago"
"2011-04-16",176.28,-17.66,5.2,"1 week ago"
"2011-04-16",-71.84,-33.75,5.4,"1 week ago"
"2011-04-16",98.61,45.4,5.3,"1 week ago"
"2011-04-16",143.34,39.58,6,"1 week ago"
"2011-04-16",143.41,39.57,5,"1 week ago"
"2011-04-16",143.36,39.5,5,"1 week ago"
"2011-04-16",143.19,39.62,5.5,"1 week ago"
"2011-04-16",-26.74,0.83,5.1,"1 week ago"
"2011-04-16",140.37,36.8,5,"1 week ago"
"2011-04-16",146.82,-3.36,5,"1 week ago"
"2011-04-16",140.6,36.98,5.1,"1 week ago"
"2011-04-16",-178.53,-33.05,5.5,"1 week ago"
"2011-04-16",141.58,36.69,5.1,"1 week ago"
"2011-04-16",141.88,35.56,5.7,"1 week ago"
"2011-04-16",126.22,5.89,5.3,"1 week ago"
"2011-04-16",-86.34,11.24,5.7,"1 week ago"
"2011-04-16",161.37,-10.65,5,"1 week ago"
"2011-04-16",-173.24,-15.28,5.8,"1 week ago"
"2011-04-16",-28.1,-55.62,5.1,"1 week ago"
"2011-04-16",-175.2,50.67,5.1,"1 week ago"
"2011-04-16",-2,-54.04,5.1,"1 week ago"
"2011-04-16",151.13,-5.75,5,"1 week ago"
"2011-04-16",142.41,37.21,5,"1 week ago"
"2011-04-16",-175.36,-18.69,5.7,"1 week ago"
"2011-04-16",123.9,25.43,5.7,"this week"
"2011-04-16",139.65,36.38,5.8,"this week"
"2011-04-16",147.76,-20.09,5,"this week"
"2011-04-16",172.79,-43.61,5,"this week"
"2011-04-16",-27.9,-55.38,5,"this week"
"2011-04-16",139.4,27.94,5.2,"this week"
"2011-04-16",143.92,36.88,5.5,"this week"
"2011-04-16",-63.19,-27.62,5.4,"this week"
"2011-04-16",-63.2,-27.6,5.7,"this week"
"2011-04-16",-178.71,-20.24,5.4,"this week"
"2011-04-16",113.73,-19.92,5.3,"this week"
"2011-04-16",179.87,-34.34,6.6,"this week"
"2011-04-16",140.48,40.32,5,"this week"
"2011-04-16",-72.43,-33.42,5.1,"this week"
"2011-04-16",-25.62,-56.57,5,"this week"
"2011-04-16",143.49,37.19,5,"this week"
"2011-04-16",121.32,18.91,5,"this week"
"2011-04-16",-72.15,-33.85,5.1,"this week"
"2011-04-16",169.74,-21.6,5,"this week"
"2011-04-16",-177.69,-20,5.3,"this week"
"2011-04-16",-28.93,43.7,5,"this week"
"2011-04-16",-15.85,-44.47,5.4,"this week"
"2011-04-16",-175.62,-20.84,5.1,"this week"
"2011-04-16",-178.07,-30.16,5,"this week"
"2011-04-16",-164.83,-62.93,5.3,"this week"
"2011-04-16",-89.63,-41.28,5,"this week"
"2011-04-16",-111.37,27.42,5,"this week"
"2011-04-16",143.55,40.34,5.7,"this week"
"2011-04-16",143.63,40.31,5.8,"this week"
"2011-04-16",142.25,37.26,5,"this week"
"2011-04-16",142.09,38.33,5,"this week"
"2011-04-16",140.3,35.58,6.2,"this week"
"2011-04-16",140.7,35.71,5.1,"this week"
"2011-04-16",141.22,37.55,5.6,"this week"
"2011-04-16",138.75,-3.03,5,"this week"
"2011-04-16",-73.9,-37.91,5.6,"this week"
"2011-04-16",140.99,37.23,5.2,"this week"
"2011-04-16",144.12,37.08,5,"this week"
"2011-04-16",163.7,-62.24,5.2,"this week"
"2011-04-16",-174.59,-22.8,5.5,"this week"
"2011-04-16",164.46,-62.14,5.1,"this week"
"2011-04-23",141.92,38.74,5.2,"3 weeks ago"
"2011-04-23",153.96,-5.57,5.5,"3 weeks ago"
"2011-04-23",-69.01,-19.54,5.9,"3 weeks ago"
"2011-04-23",-179.69,-24.51,5.1,"3 weeks ago"
"2011-04-23",141.45,37.63,5.2,"3 weeks ago"
"2011-04-23",142.14,36.76,5.1,"3 weeks ago"
"2011-04-23",-178.58,-17.64,6.4,"3 weeks ago"
"2011-04-23",142.16,37.8,5,"3 weeks ago"
"2011-04-23",107.69,-9.85,6.7,"3 weeks ago"
"2011-04-23",-86.84,-48.7,5,"3 weeks ago"
"2011-04-23",-76.61,-45.72,5.3,"3 weeks ago"
"2011-04-23",142.4,37.82,5.1,"3 weeks ago"
"2011-04-23",142.47,37.83,5,"3 weeks ago"
"2011-04-23",142.05,37.05,5.1,"3 weeks ago"
"2011-04-23",80.75,29.7,5.3,"3 weeks ago"
"2011-04-23",-172.97,-19.53,5,"3 weeks ago"
"2011-04-23",-101.98,1.94,5.2,"3 weeks ago"
"2011-04-23",-178.6,-17.66,5.8,"3 weeks ago"
"2011-04-23",106.22,-6.93,5.2,"3 weeks ago"
"2011-04-23",127.08,3.05,5.4,"3 weeks ago"
"2011-04-23",159.73,-9.59,5.1,"3 weeks ago"
"2011-04-23",126.94,3.03,5.9,"3 weeks ago"
"2011-04-23",127.13,3.04,5,"3 weeks ago"
"2011-04-23",-173.6,-19.78,5.1,"3 weeks ago"
"2011-04-23",142.1,38.37,5,"3 weeks ago"
"2011-04-23",143.32,27.16,5.1,"3 weeks ago"
"2011-04-23",-177.1,-31.43,5.2,"3 weeks ago"
"2011-04-23",141.43,37.65,5.3,"3 weeks ago"
"2011-04-23",97.09,1.61,6,"3 weeks ago"
"2011-04-23",126.98,3.07,5,"3 weeks ago"
"2011-04-23",-16.35,-41.6,5,"3 weeks ago"
"2011-04-23",-94.34,17.21,6.6,"3 weeks ago"
"2011-04-23",141.59,38.28,7.1,"3 weeks ago"
"2011-04-23",-85.08,17.11,5.8,"3 weeks ago"
"2011-04-23",-85.08,17.15,5,"3 weeks ago"
"2011-04-23",142.89,39.14,5.1,"3 weeks ago"
"2011-04-23",123.42,-7.82,5,"3 weeks ago"
"2011-04-23",120.16,-42.46,5,"3 weeks ago"
"2011-04-23",120.13,13.87,5.2,"3 weeks ago"
"2011-04-23",147.48,43.72,5.3,"3 weeks ago"
"2011-04-23",142.05,36.75,5.1,"2 weeks ago"
"2011-04-23",141.7,38.28,5.3,"2 weeks ago"
"2011-04-23",131.78,30,5.9,"2 weeks ago"
"2011-04-23",-176.98,-28.77,5.2,"2 weeks ago"
"2011-04-23",100.76,31.37,5.4,"2 weeks ago"
"2011-04-23",179.84,-23.6,5.3,"2 weeks ago"
"2011-04-23",126.18,9.9,5,"2 weeks ago"
"2011-04-23",-73.77,-36.19,5.2,"2 weeks ago"
"2011-04-23",-82.7,3.97,5,"2 weeks ago"
"2011-04-23",140.99,36.77,5.1,"2 weeks ago"
"2011-04-23",176.38,-40.28,5.1,"2 weeks ago"
"2011-04-23",-178.5,-17.8,5.4,"2 weeks ago"
"2011-04-23",125.3,10.11,5,"2 weeks ago"
"2011-04-23",-66.65,-23.92,5,"2 weeks ago"
"2011-04-23",140.4,37,6.6,"2 weeks ago"
"2011-04-23",140.81,37.79,5.8,"2 weeks ago"
"2011-04-23",140.35,37.06,5.2,"2 weeks ago"
"2011-04-23",140.37,37.03,5,"2 weeks ago"
"2011-04-23",140.36,36.98,5.5,"2 weeks ago"
"2011-04-23",-177.37,-29.56,5.2,"2 weeks ago"
"2011-04-23",144.47,37.64,5.4,"2 weeks ago"
"2011-04-23",138.28,36.81,5.5,"2 weeks ago"
"2011-04-23",140.57,35.42,6.2,"2 weeks ago"
"2011-04-23",140.37,37.11,5.9,"2 weeks ago"
"2011-04-23",141.9,39.37,5.6,"2 weeks ago"
"2011-04-23",145.72,13.39,5,"2 weeks ago"
"2011-04-23",-66.65,-23.86,5.1,"2 weeks ago"
"2011-04-23",140.68,35.38,5.1,"2 weeks ago"
"2011-04-23",140.42,36.95,5.3,"2 weeks ago"
"2011-04-23",166.47,-12.62,5,"2 weeks ago"
"2011-04-23",-64.26,18.96,5,"2 weeks ago"
"2011-04-23",176.28,-17.66,5.2,"2 weeks ago"
"2011-04-23",-71.84,-33.75,5.4,"2 weeks ago"
"2011-04-23",98.61,45.4,5.3,"2 weeks ago"
"2011-04-23",143.34,39.58,6,"2 weeks ago"
"2011-04-23",143.41,39.57,5,"2 weeks ago"
"2011-04-23",143.36,39.5,5,"2 weeks ago"
"2011-04-23",143.19,39.62,5.5,"2 weeks ago"
"2011-04-23",-26.74,0.83,5.1,"2 weeks ago"
"2011-04-23",140.37,36.8,5,"2 weeks ago"
"2011-04-23",146.82,-3.36,5,"2 weeks ago"
"2011-04-23",140.6,36.98,5.1,"2 weeks ago"
"2011-04-23",-178.53,-33.05,5.5,"2 weeks ago"
"2011-04-23",141.58,36.69,5.1,"2 weeks ago"
"2011-04-23",141.88,35.56,5.7,"2 weeks ago"
"2011-04-23",126.22,5.89,5.3,"2 weeks ago"
"2011-04-23",-86.34,11.24,5.7,"2 weeks ago"
"2011-04-23",161.37,-10.65,5,"2 weeks ago"
"2011-04-23",-173.24,-15.28,5.8,"2 weeks ago"
"2011-04-23",-28.1,-55.62,5.1,"2 weeks ago"
"2011-04-23",-175.2,50.67,5.1,"2 weeks ago"
"2011-04-23",-2,-54.04,5.1,"2 weeks ago"
"2011-04-23",151.13,-5.75,5,"2 weeks ago"
"2011-04-23",142.41,37.21,5,"2 weeks ago"
"2011-04-23",-175.36,-18.69,5.7,"2 weeks ago"
"2011-04-23",123.9,25.43,5.7,"1 week ago"
"2011-04-23",139.65,36.38,5.8,"1 week ago"
"2011-04-23",147.76,-20.09,5,"1 week ago"
"2011-04-23",172.79,-43.61,5,"1 week ago"
"2011-04-23",-27.9,-55.38,5,"1 week ago"
"2011-04-23",139.4,27.94,5.2,"1 week ago"
"2011-04-23",143.92,36.88,5.5,"1 week ago"
"2011-04-23",-63.19,-27.62,5.4,"1 week ago"
"2011-04-23",-63.2,-27.6,5.7,"1 week ago"
"2011-04-23",-178.71,-20.24,5.4,"1 week ago"
"2011-04-23",113.73,-19.92,5.3,"1 week ago"
"2011-04-23",179.87,-34.34,6.6,"1 week ago"
"2011-04-23",140.48,40.32,5,"1 week ago"
"2011-04-23",-72.43,-33.42,5.1,"1 week ago"
"2011-04-23",-25.62,-56.57,5,"1 week ago"
"2011-04-23",143.49,37.19,5,"1 week ago"
"2011-04-23",121.32,18.91,5,"1 week ago"
"2011-04-23",-72.15,-33.85,5.1,"1 week ago"
"2011-04-23",169.74,-21.6,5,"1 week ago"
"2011-04-23",-177.69,-20,5.3,"1 week ago"
"2011-04-23",-28.93,43.7,5,"1 week ago"
"2011-04-23",-15.85,-44.47,5.4,"1 week ago"
"2011-04-23",-175.62,-20.84,5.1,"1 week ago"
"2011-04-23",-178.07,-30.16,5,"1 week ago"
"2011-04-23",-164.83,-62.93,5.3,"1 week ago"
"2011-04-23",-89.63,-41.28,5,"1 week ago"
"2011-04-23",-111.37,27.42,5,"1 week ago"
"2011-04-23",143.55,40.34,5.7,"1 week ago"
"2011-04-23",143.63,40.31,5.8,"1 week ago"
"2011-04-23",142.25,37.26,5,"1 week ago"
"2011-04-23",142.09,38.33,5,"1 week ago"
"2011-04-23",140.3,35.58,6.2,"1 week ago"
"2011-04-23",140.7,35.71,5.1,"1 week ago"
"2011-04-23",141.22,37.55,5.6,"1 week ago"
"2011-04-23",138.75,-3.03,5,"1 week ago"
"2011-04-23",-73.9,-37.91,5.6,"1 week ago"
"2011-04-23",140.99,37.23,5.2,"1 week ago"
"2011-04-23",144.12,37.08,5,"1 week ago"
"2011-04-23",163.7,-62.24,5.2,"1 week ago"
"2011-04-23",-174.59,-22.8,5.5,"1 week ago"
"2011-04-23",164.46,-62.14,5.1,"1 week ago"
"2011-04-23",161.2,-10.38,6.8,"this week"
"2011-04-23",142.87,39.1,5.9,"this week"
"2011-04-23",-179.53,-16.39,5.4,"this week"
"2011-04-23",-175.79,-15.33,5.2,"this week"
"2011-04-23",140.93,35.2,5,"this week"
"2011-04-23",-16.99,-35.7,5.6,"this week"
"2011-04-23",-16.96,-35.42,5.6,"this week"
"2011-04-23",121.23,21.03,5,"this week"
"2011-04-23",122.77,-4.59,6.1,"this week"
"2011-04-23",72.17,36.23,5,"this week"
"2011-04-23",140.89,36.22,5.1,"this week"
"2011-04-23",173.02,-15.83,5.2,"this week"
"2011-04-23",-152.53,59.06,5,"this week"
"2011-04-23",142.17,36.85,5.1,"this week"
"2011-04-23",-174.35,-17.42,5.3,"this week"
"2011-04-23",179.16,51.25,5.4,"this week"
"2011-04-23",108.48,-8.08,5.6,"this week"
"2011-04-23",-111.3,-13.38,5.5,"this week"
"2011-04-23",-99.47,16.85,5.5,"this week"
"2011-04-23",139.78,36.08,5,"this week"
"2011-04-23",-111.53,27.46,5.3,"this week"
"2011-04-23",125.66,-8.81,5.3,"this week"
"2011-04-23",-72.5,-33.95,5.1,"this week"
"2011-04-23",142.55,36.8,5,"this week"
"2011-04-23",141.65,38.15,5,"this week"
"2011-04-23",142.57,36.72,5,"this week"
"2011-04-23",160.49,-9.97,5.7,"this week"
"2011-04-23",141.65,37.45,5.5,"this week"
"2011-04-23",-103.61,10.13,5.8,"this week"
"2011-04-23",167.95,-19.26,5,"this week"
"2011-04-23",-72.28,-34.06,5,"this week"
"2011-04-23",167.92,-19.16,5.1,"this week"
"2011-04-23",95.76,4.03,5.4,"this week"
"2011-04-23",167.92,-19.25,5,"this week"
"2011-04-23",167.82,-19.36,5,"this week"
"2011-04-23",167.77,-19.33,5,"this week"
"2011-04-23",122.01,21.13,5.3,"this week"
"2011-04-23",100.63,-3.53,5.3,"this week"
"2011-04-23",141.92,38.86,5.2,"this week"
"2011-04-23",-113.12,28.74,5.2,"this week"
"2011-04-30",142.05,36.75,5.1,"3 weeks ago"
"2011-04-30",141.7,38.28,5.3,"3 weeks ago"
"2011-04-30",131.78,30,5.9,"3 weeks ago"
"2011-04-30",-176.98,-28.77,5.2,"3 weeks ago"
"2011-04-30",100.76,31.37,5.4,"3 weeks ago"
"2011-04-30",179.84,-23.6,5.3,"3 weeks ago"
"2011-04-30",126.18,9.9,5,"3 weeks ago"
"2011-04-30",-73.77,-36.19,5.2,"3 weeks ago"
"2011-04-30",-82.7,3.97,5,"3 weeks ago"
"2011-04-30",140.99,36.77,5.1,"3 weeks ago"
"2011-04-30",176.38,-40.28,5.1,"3 weeks ago"
"2011-04-30",-178.5,-17.8,5.4,"3 weeks ago"
"2011-04-30",125.3,10.11,5,"3 weeks ago"
"2011-04-30",-66.65,-23.92,5,"3 weeks ago"
"2011-04-30",140.4,37,6.6,"3 weeks ago"
"2011-04-30",140.81,37.79,5.8,"3 weeks ago"
"2011-04-30",140.35,37.06,5.2,"3 weeks ago"
"2011-04-30",140.37,37.03,5,"3 weeks ago"
"2011-04-30",140.36,36.98,5.5,"3 weeks ago"
"2011-04-30",-177.37,-29.56,5.2,"3 weeks ago"
"2011-04-30",144.47,37.64,5.4,"3 weeks ago"
"2011-04-30",138.28,36.81,5.5,"3 weeks ago"
"2011-04-30",140.57,35.42,6.2,"3 weeks ago"
"2011-04-30",140.37,37.11,5.9,"3 weeks ago"
"2011-04-30",141.9,39.37,5.6,"3 weeks ago"
"2011-04-30",145.72,13.39,5,"3 weeks ago"
"2011-04-30",-66.65,-23.86,5.1,"3 weeks ago"
"2011-04-30",140.68,35.38,5.1,"3 weeks ago"
"2011-04-30",140.42,36.95,5.3,"3 weeks ago"
"2011-04-30",166.47,-12.62,5,"3 weeks ago"
"2011-04-30",-64.26,18.96,5,"3 weeks ago"
"2011-04-30",176.28,-17.66,5.2,"3 weeks ago"
"2011-04-30",-71.84,-33.75,5.4,"3 weeks ago"
"2011-04-30",98.61,45.4,5.3,"3 weeks ago"
"2011-04-30",143.34,39.58,6,"3 weeks ago"
"2011-04-30",143.41,39.57,5,"3 weeks ago"
"2011-04-30",143.36,39.5,5,"3 weeks ago"
"2011-04-30",143.19,39.62,5.5,"3 weeks ago"
"2011-04-30",-26.74,0.83,5.1,"3 weeks ago"
"2011-04-30",140.37,36.8,5,"3 weeks ago"
"2011-04-30",146.82,-3.36,5,"3 weeks ago"
"2011-04-30",140.6,36.98,5.1,"3 weeks ago"
"2011-04-30",-178.53,-33.05,5.5,"3 weeks ago"
"2011-04-30",141.58,36.69,5.1,"3 weeks ago"
"2011-04-30",141.88,35.56,5.7,"3 weeks ago"
"2011-04-30",126.22,5.89,5.3,"3 weeks ago"
"2011-04-30",-86.34,11.24,5.7,"3 weeks ago"
"2011-04-30",161.37,-10.65,5,"3 weeks ago"
"2011-04-30",-173.24,-15.28,5.8,"3 weeks ago"
"2011-04-30",-28.1,-55.62,5.1,"3 weeks ago"
"2011-04-30",-175.2,50.67,5.1,"3 weeks ago"
"2011-04-30",-2,-54.04,5.1,"3 weeks ago"
"2011-04-30",151.13,-5.75,5,"3 weeks ago"
"2011-04-30",142.41,37.21,5,"3 weeks ago"
"2011-04-30",-175.36,-18.69,5.7,"3 weeks ago"
"2011-04-30",123.9,25.43,5.7,"2 weeks ago"
"2011-04-30",139.65,36.38,5.8,"2 weeks ago"
"2011-04-30",147.76,-20.09,5,"2 weeks ago"
"2011-04-30",172.79,-43.61,5,"2 weeks ago"
"2011-04-30",-27.9,-55.38,5,"2 weeks ago"
"2011-04-30",139.4,27.94,5.2,"2 weeks ago"
"2011-04-30",143.92,36.88,5.5,"2 weeks ago"
"2011-04-30",-63.19,-27.62,5.4,"2 weeks ago"
"2011-04-30",-63.2,-27.6,5.7,"2 weeks ago"
"2011-04-30",-178.71,-20.24,5.4,"2 weeks ago"
"2011-04-30",113.73,-19.92,5.3,"2 weeks ago"
"2011-04-30",179.87,-34.34,6.6,"2 weeks ago"
"2011-04-30",140.48,40.32,5,"2 weeks ago"
"2011-04-30",-72.43,-33.42,5.1,"2 weeks ago"
"2011-04-30",-25.62,-56.57,5,"2 weeks ago"
"2011-04-30",143.49,37.19,5,"2 weeks ago"
"2011-04-30",121.32,18.91,5,"2 weeks ago"
"2011-04-30",-72.15,-33.85,5.1,"2 weeks ago"
"2011-04-30",169.74,-21.6,5,"2 weeks ago"
"2011-04-30",-177.69,-20,5.3,"2 weeks ago"
"2011-04-30",-28.93,43.7,5,"2 weeks ago"
"2011-04-30",-15.85,-44.47,5.4,"2 weeks ago"
"2011-04-30",-175.62,-20.84,5.1,"2 weeks ago"
"2011-04-30",-178.07,-30.16,5,"2 weeks ago"
"2011-04-30",-164.83,-62.93,5.3,"2 weeks ago"
"2011-04-30",-89.63,-41.28,5,"2 weeks ago"
"2011-04-30",-111.37,27.42,5,"2 weeks ago"
"2011-04-30",143.55,40.34,5.7,"2 weeks ago"
"2011-04-30",143.63,40.31,5.8,"2 weeks ago"
"2011-04-30",142.25,37.26,5,"2 weeks ago"
"2011-04-30",142.09,38.33,5,"2 weeks ago"
"2011-04-30",140.3,35.58,6.2,"2 weeks ago"
"2011-04-30",140.7,35.71,5.1,"2 weeks ago"
"2011-04-30",141.22,37.55,5.6,"2 weeks ago"
"2011-04-30",138.75,-3.03,5,"2 weeks ago"
"2011-04-30",-73.9,-37.91,5.6,"2 weeks ago"
"2011-04-30",140.99,37.23,5.2,"2 weeks ago"
"2011-04-30",144.12,37.08,5,"2 weeks ago"
"2011-04-30",163.7,-62.24,5.2,"2 weeks ago"
"2011-04-30",-174.59,-22.8,5.5,"2 weeks ago"
"2011-04-30",164.46,-62.14,5.1,"2 weeks ago"
"2011-04-30",161.2,-10.38,6.8,"1 week ago"
"2011-04-30",142.87,39.1,5.9,"1 week ago"
"2011-04-30",-179.53,-16.39,5.4,"1 week ago"
"2011-04-30",-175.79,-15.33,5.2,"1 week ago"
"2011-04-30",140.93,35.2,5,"1 week ago"
"2011-04-30",-16.99,-35.7,5.6,"1 week ago"
"2011-04-30",-16.96,-35.42,5.6,"1 week ago"
"2011-04-30",121.23,21.03,5,"1 week ago"
"2011-04-30",122.77,-4.59,6.1,"1 week ago"
"2011-04-30",72.17,36.23,5,"1 week ago"
"2011-04-30",140.89,36.22,5.1,"1 week ago"
"2011-04-30",173.02,-15.83,5.2,"1 week ago"
"2011-04-30",-152.53,59.06,5,"1 week ago"
"2011-04-30",142.17,36.85,5.1,"1 week ago"
"2011-04-30",-174.35,-17.42,5.3,"1 week ago"
"2011-04-30",179.16,51.25,5.4,"1 week ago"
"2011-04-30",108.48,-8.08,5.6,"1 week ago"
"2011-04-30",-111.3,-13.38,5.5,"1 week ago"
"2011-04-30",-99.47,16.85,5.5,"1 week ago"
"2011-04-30",139.78,36.08,5,"1 week ago"
"2011-04-30",-111.53,27.46,5.3,"1 week ago"
"2011-04-30",125.66,-8.81,5.3,"1 week ago"
"2011-04-30",-72.5,-33.95,5.1,"1 week ago"
"2011-04-30",142.55,36.8,5,"1 week ago"
"2011-04-30",141.65,38.15,5,"1 week ago"
"2011-04-30",142.57,36.72,5,"1 week ago"
"2011-04-30",160.49,-9.97,5.7,"1 week ago"
"2011-04-30",141.65,37.45,5.5,"1 week ago"
"2011-04-30",-103.61,10.13,5.8,"1 week ago"
"2011-04-30",167.95,-19.26,5,"1 week ago"
"2011-04-30",-72.28,-34.06,5,"1 week ago"
"2011-04-30",167.92,-19.16,5.1,"1 week ago"
"2011-04-30",95.76,4.03,5.4,"1 week ago"
"2011-04-30",167.92,-19.25,5,"1 week ago"
"2011-04-30",167.82,-19.36,5,"1 week ago"
"2011-04-30",167.77,-19.33,5,"1 week ago"
"2011-04-30",122.01,21.13,5.3,"1 week ago"
"2011-04-30",100.63,-3.53,5.3,"1 week ago"
"2011-04-30",141.92,38.86,5.2,"1 week ago"
"2011-04-30",-113.12,28.74,5.2,"1 week ago"
"2011-04-30",141.07,36.78,5.1,"this week"
"2011-04-30",148.62,-3.26,5.7,"this week"
"2011-04-30",-82.33,6.85,6.1,"this week"
"2011-04-30",121.84,24.62,5.1,"this week"
"2011-04-30",141.58,35.15,5,"this week"
"2011-04-30",-174.82,-21.73,5.1,"this week"
"2011-04-30",77.75,43.56,5.1,"this week"
"2011-04-30",-14.44,-1.22,5,"this week"
"2011-04-30",126.89,6.55,5.1,"this week"
"2011-04-30",155.86,-6.95,5.8,"this week"
"2011-04-30",-172.94,-15.14,5,"this week"
"2011-04-30",167.13,-14.42,5,"this week"
"2011-04-30",149.24,-5.46,5,"this week"
"2011-04-30",-174.34,-15.48,5.5,"this week"
"2011-04-30",135.55,-3.29,5.1,"this week"
"2011-04-30",160.46,-10.04,5,"this week"
"2011-04-30",-174.25,-15.2,5,"this week"
"2011-04-30",142.56,40.1,5.1,"this week"
"2011-04-30",-87.47,12.13,5.4,"this week"
"2011-04-30",173.23,-41.35,5,"this week"
"2011-04-30",120.85,-49.24,5.3,"this week"
"2011-04-30",141.27,40.79,5,"this week"
"2011-04-30",143.25,37.04,5.4,"this week"
"2011-04-30",167.64,-15.29,5.1,"this week"
"2011-04-30",-178.55,-20.4,5.5,"this week"
"2011-04-30",101.85,-4.89,5.6,"this week"
"2011-04-30",-174.69,52.54,5.4,"this week"
"2011-04-30",125.61,9.16,5,"this week"
"2011-04-30",124.48,-0.2,5,"this week"
"2011-04-30",-98.62,16.78,5.7,"this week"
"2011-04-30",-160.54,55.09,5.7,"this week"
"2011-04-30",144.03,38.17,6,"this week"
"2011-04-30",-178.38,51.49,5.3,"this week"
"2011-04-30",128.66,2.8,5.1,"this week"
"2011-04-30",141.45,37.42,5,"this week"
"2011-04-30",-177.55,-25.19,5.6,"this week"
"2011-04-30",-160.69,55.02,5.8,"this week"
"2011-04-30",140.75,37.07,5.2,"this week"
"2011-04-30",141.99,35.59,5.2,"this week"
"2011-04-30",128.4,26.12,5.5,"this week"
"2011-04-30",139.2,-2.83,5,"this week"
"2011-04-30",122.95,-0.06,5.5,"this week"
"2011-04-30",-40.08,32.33,5.3,"this week"
"2011-04-30",99.94,0.76,5.1,"this week"
"2011-05-07",123.9,25.43,5.7,"3 weeks ago"
"2011-05-07",139.65,36.38,5.8,"3 weeks ago"
"2011-05-07",147.76,-20.09,5,"3 weeks ago"
"2011-05-07",172.79,-43.61,5,"3 weeks ago"
"2011-05-07",-27.9,-55.38,5,"3 weeks ago"
"2011-05-07",139.4,27.94,5.2,"3 weeks ago"
"2011-05-07",143.92,36.88,5.5,"3 weeks ago"
"2011-05-07",-63.19,-27.62,5.4,"3 weeks ago"
"2011-05-07",-63.2,-27.6,5.7,"3 weeks ago"
"2011-05-07",-178.71,-20.24,5.4,"3 weeks ago"
"2011-05-07",113.73,-19.92,5.3,"3 weeks ago"
"2011-05-07",179.87,-34.34,6.6,"3 weeks ago"
"2011-05-07",140.48,40.32,5,"3 weeks ago"
"2011-05-07",-72.43,-33.42,5.1,"3 weeks ago"
"2011-05-07",-25.62,-56.57,5,"3 weeks ago"
"2011-05-07",143.49,37.19,5,"3 weeks ago"
"2011-05-07",121.32,18.91,5,"3 weeks ago"
"2011-05-07",-72.15,-33.85,5.1,"3 weeks ago"
"2011-05-07",169.74,-21.6,5,"3 weeks ago"
"2011-05-07",-177.69,-20,5.3,"3 weeks ago"
"2011-05-07",-28.93,43.7,5,"3 weeks ago"
"2011-05-07",-15.85,-44.47,5.4,"3 weeks ago"
"2011-05-07",-175.62,-20.84,5.1,"3 weeks ago"
"2011-05-07",-178.07,-30.16,5,"3 weeks ago"
"2011-05-07",-164.83,-62.93,5.3,"3 weeks ago"
"2011-05-07",-89.63,-41.28,5,"3 weeks ago"
"2011-05-07",-111.37,27.42,5,"3 weeks ago"
"2011-05-07",143.55,40.34,5.7,"3 weeks ago"
"2011-05-07",143.63,40.31,5.8,"3 weeks ago"
"2011-05-07",142.25,37.26,5,"3 weeks ago"
"2011-05-07",142.09,38.33,5,"3 weeks ago"
"2011-05-07",140.3,35.58,6.2,"3 weeks ago"
"2011-05-07",140.7,35.71,5.1,"3 weeks ago"
"2011-05-07",141.22,37.55,5.6,"3 weeks ago"
"2011-05-07",138.75,-3.03,5,"3 weeks ago"
"2011-05-07",-73.9,-37.91,5.6,"3 weeks ago"
"2011-05-07",140.99,37.23,5.2,"3 weeks ago"
"2011-05-07",144.12,37.08,5,"3 weeks ago"
"2011-05-07",163.7,-62.24,5.2,"3 weeks ago"
"2011-05-07",-174.59,-22.8,5.5,"3 weeks ago"
"2011-05-07",164.46,-62.14,5.1,"3 weeks ago"
"2011-05-07",161.2,-10.38,6.8,"2 weeks ago"
"2011-05-07",142.87,39.1,5.9,"2 weeks ago"
"2011-05-07",-179.53,-16.39,5.4,"2 weeks ago"
"2011-05-07",-175.79,-15.33,5.2,"2 weeks ago"
"2011-05-07",140.93,35.2,5,"2 weeks ago"
"2011-05-07",-16.99,-35.7,5.6,"2 weeks ago"
"2011-05-07",-16.96,-35.42,5.6,"2 weeks ago"
"2011-05-07",121.23,21.03,5,"2 weeks ago"
"2011-05-07",122.77,-4.59,6.1,"2 weeks ago"
"2011-05-07",72.17,36.23,5,"2 weeks ago"
"2011-05-07",140.89,36.22,5.1,"2 weeks ago"
"2011-05-07",173.02,-15.83,5.2,"2 weeks ago"
"2011-05-07",-152.53,59.06,5,"2 weeks ago"
"2011-05-07",142.17,36.85,5.1,"2 weeks ago"
"2011-05-07",-174.35,-17.42,5.3,"2 weeks ago"
"2011-05-07",179.16,51.25,5.4,"2 weeks ago"
"2011-05-07",108.48,-8.08,5.6,"2 weeks ago"
"2011-05-07",-111.3,-13.38,5.5,"2 weeks ago"
"2011-05-07",-99.47,16.85,5.5,"2 weeks ago"
"2011-05-07",139.78,36.08,5,"2 weeks ago"
"2011-05-07",-111.53,27.46,5.3,"2 weeks ago"
"2011-05-07",125.66,-8.81,5.3,"2 weeks ago"
"2011-05-07",-72.5,-33.95,5.1,"2 weeks ago"
"2011-05-07",142.55,36.8,5,"2 weeks ago"
"2011-05-07",141.65,38.15,5,"2 weeks ago"
"2011-05-07",142.57,36.72,5,"2 weeks ago"
"2011-05-07",160.49,-9.97,5.7,"2 weeks ago"
"2011-05-07",141.65,37.45,5.5,"2 weeks ago"
"2011-05-07",-103.61,10.13,5.8,"2 weeks ago"
"2011-05-07",167.95,-19.26,5,"2 weeks ago"
"2011-05-07",-72.28,-34.06,5,"2 weeks ago"
"2011-05-07",167.92,-19.16,5.1,"2 weeks ago"
"2011-05-07",95.76,4.03,5.4,"2 weeks ago"
"2011-05-07",167.92,-19.25,5,"2 weeks ago"
"2011-05-07",167.82,-19.36,5,"2 weeks ago"
"2011-05-07",167.77,-19.33,5,"2 weeks ago"
"2011-05-07",122.01,21.13,5.3,"2 weeks ago"
"2011-05-07",100.63,-3.53,5.3,"2 weeks ago"
"2011-05-07",141.92,38.86,5.2,"2 weeks ago"
"2011-05-07",-113.12,28.74,5.2,"2 weeks ago"
"2011-05-07",141.07,36.78,5.1,"1 week ago"
"2011-05-07",148.62,-3.26,5.7,"1 week ago"
"2011-05-07",-82.33,6.85,6.1,"1 week ago"
"2011-05-07",121.84,24.62,5.1,"1 week ago"
"2011-05-07",141.58,35.15,5,"1 week ago"
"2011-05-07",-174.82,-21.73,5.1,"1 week ago"
"2011-05-07",77.75,43.56,5.1,"1 week ago"
"2011-05-07",-14.44,-1.22,5,"1 week ago"
"2011-05-07",126.89,6.55,5.1,"1 week ago"
"2011-05-07",155.86,-6.95,5.8,"1 week ago"
"2011-05-07",-172.94,-15.14,5,"1 week ago"
"2011-05-07",167.13,-14.42,5,"1 week ago"
"2011-05-07",149.24,-5.46,5,"1 week ago"
"2011-05-07",-174.34,-15.48,5.5,"1 week ago"
"2011-05-07",135.55,-3.29,5.1,"1 week ago"
"2011-05-07",160.46,-10.04,5,"1 week ago"
"2011-05-07",-174.25,-15.2,5,"1 week ago"
"2011-05-07",142.56,40.1,5.1,"1 week ago"
"2011-05-07",-87.47,12.13,5.4,"1 week ago"
"2011-05-07",173.23,-41.35,5,"1 week ago"
"2011-05-07",120.85,-49.24,5.3,"1 week ago"
"2011-05-07",141.27,40.79,5,"1 week ago"
"2011-05-07",143.25,37.04,5.4,"1 week ago"
"2011-05-07",167.64,-15.29,5.1,"1 week ago"
"2011-05-07",-178.55,-20.4,5.5,"1 week ago"
"2011-05-07",101.85,-4.89,5.6,"1 week ago"
"2011-05-07",-174.69,52.54,5.4,"1 week ago"
"2011-05-07",125.61,9.16,5,"1 week ago"
"2011-05-07",124.48,-0.2,5,"1 week ago"
"2011-05-07",-98.62,16.78,5.7,"1 week ago"
"2011-05-07",-160.54,55.09,5.7,"1 week ago"
"2011-05-07",144.03,38.17,6,"1 week ago"
"2011-05-07",-178.38,51.49,5.3,"1 week ago"
"2011-05-07",128.66,2.8,5.1,"1 week ago"
"2011-05-07",141.45,37.42,5,"1 week ago"
"2011-05-07",-177.55,-25.19,5.6,"1 week ago"
"2011-05-07",-160.69,55.02,5.8,"1 week ago"
"2011-05-07",140.75,37.07,5.2,"1 week ago"
"2011-05-07",141.99,35.59,5.2,"1 week ago"
"2011-05-07",128.4,26.12,5.5,"1 week ago"
"2011-05-07",139.2,-2.83,5,"1 week ago"
"2011-05-07",122.95,-0.06,5.5,"1 week ago"
"2011-05-07",-40.08,32.33,5.3,"1 week ago"
"2011-05-07",99.94,0.76,5.1,"1 week ago"
"2011-05-07",-72.32,-34.02,5,"this week"
"2011-05-07",69.5,-23.9,5,"this week"
"2011-05-07",142.24,40.24,5.7,"this week"
"2011-05-07",-178.24,-20.17,5,"this week"
"2011-05-07",-23.93,-60.75,5.3,"this week"
"2011-05-07",27.24,36.7,5.1,"this week"
"2011-05-07",125.31,1.07,5.1,"this week"
"2011-05-07",-111.97,-30.22,5,"this week"
"2011-05-07",-66.25,-23.18,5.1,"this week"
"2011-05-07",-83.75,-41.91,5,"this week"
"2011-05-07",172.4,-43.59,5,"this week"
"2011-05-07",147.41,-56.65,5.9,"this week"
"2011-05-07",-160.17,54.86,5.1,"this week"
"2011-05-07",126.42,5.34,5.7,"this week"
"2011-05-07",143.54,37.74,5.6,"this week"
"2011-05-07",68.12,1.41,5,"this week"
"2011-05-07",68.33,-7,5,"this week"
"2011-05-07",143.71,37.26,5.1,"this week"
"2011-05-07",143.56,37.8,5.2,"this week"
"2011-05-07",142.14,38.19,5,"this week"
"2011-05-07",168.23,-20.24,6.8,"this week"
"2011-05-07",168.29,-20.42,5,"this week"
"2011-05-07",141.61,36.24,5.1,"this week"
"2011-05-07",168.4,-20.27,5.9,"this week"
"2011-05-07",168.32,-20.23,5.1,"this week"
"2011-05-07",141.88,36.11,5,"this week"
"2011-05-07",168.34,-20.24,5.3,"this week"
"2011-05-07",168.45,-20.31,5.5,"this week"
"2011-05-07",168.36,-20.16,5.2,"this week"
"2011-05-07",168.26,-20.13,5.3,"this week"
"2011-05-07",168.35,-20.13,5,"this week"
"2011-05-07",168.35,-20.18,5.1,"this week"
"2011-05-07",-27.41,-55.96,5,"this week"
"2011-05-07",168.22,-20.24,5.3,"this week"
"2011-05-07",126.36,1.47,5.2,"this week"
"2011-05-07",168.25,-20.17,5.1,"this week"
"2011-05-07",-105.59,-4.74,5.5,"this week"
"2011-05-07",168.3,-20.12,5,"this week"
"2011-05-07",130.94,43.29,5.7,"this week"
"2011-05-07",-105.52,-4.7,5.5,"this week"
"2011-05-07",168.49,-20.42,5,"this week"
"2011-05-07",168.45,-20.15,5.1,"this week"
"2011-05-07",168.35,-20.27,5,"this week"
"2011-05-07",-176.77,-18.92,5.2,"this week"
"2011-05-07",143.56,37.81,5.2,"this week"
"2011-05-07",168.56,-19.94,5.3,"this week"
"2011-05-07",-179.49,-36.33,5.3,"this week"
"2011-05-07",127.25,1.53,5.1,"this week"
"2011-05-07",168.35,-20.3,5.6,"this week"
"2011-05-07",168.33,-20.36,5,"this week"
"2011-05-07",168.36,-20.35,5.1,"this week"
"2011-05-07",168.46,-20.43,5.2,"this week"
"2011-05-07",168.43,-20.42,5.1,"this week"
"2011-05-07",147.8,-6.52,5,"this week"
"2011-05-07",147.87,-6.52,5,"this week"
"2011-05-07",-1.67,37.7,5.1,"this week"
"2011-05-07",142.27,36.1,5.2,"this week"
"2011-05-07",-81.63,-1.75,5,"this week"
"2011-05-07",1.63,-54.65,5.1,"this week"
"2011-05-07",-177.86,-19.79,5.1,"this week"
"2011-05-07",-178.46,-30.76,5.1,"this week"
"2011-05-07",143.97,12.37,5.4,"this week"
"2011-05-07",144.13,12.31,5.2,"this week"
"2011-05-07",143.99,12.43,5.5,"this week"
"2011-05-07",-151.35,-59.44,5.7,"this week"
"2011-05-07",147.44,-5.52,5.1,"this week"
"2011-05-07",165.54,-11.49,5.3,"this week"
"2011-05-07",-97.98,-36.02,5,"this week"
"2011-05-07",71.01,36.59,5,"this week"
"2011-05-07",107.65,-9.98,5.2,"this week"
"2011-05-07",-84.31,9.95,5.9,"this week"
"2011-05-07",141.34,37.4,6.1,"this week"
"2011-05-14",161.2,-10.38,6.8,"3 weeks ago"
"2011-05-14",142.87,39.1,5.9,"3 weeks ago"
"2011-05-14",-179.53,-16.39,5.4,"3 weeks ago"
"2011-05-14",-175.79,-15.33,5.2,"3 weeks ago"
"2011-05-14",140.93,35.2,5,"3 weeks ago"
"2011-05-14",-16.99,-35.7,5.6,"3 weeks ago"
"2011-05-14",-16.96,-35.42,5.6,"3 weeks ago"
"2011-05-14",121.23,21.03,5,"3 weeks ago"
"2011-05-14",122.77,-4.59,6.1,"3 weeks ago"
"2011-05-14",72.17,36.23,5,"3 weeks ago"
"2011-05-14",140.89,36.22,5.1,"3 weeks ago"
"2011-05-14",173.02,-15.83,5.2,"3 weeks ago"
"2011-05-14",-152.53,59.06,5,"3 weeks ago"
"2011-05-14",142.17,36.85,5.1,"3 weeks ago"
"2011-05-14",-174.35,-17.42,5.3,"3 weeks ago"
"2011-05-14",179.16,51.25,5.4,"3 weeks ago"
"2011-05-14",108.48,-8.08,5.6,"3 weeks ago"
"2011-05-14",-111.3,-13.38,5.5,"3 weeks ago"
"2011-05-14",-99.47,16.85,5.5,"3 weeks ago"
"2011-05-14",139.78,36.08,5,"3 weeks ago"
"2011-05-14",-111.53,27.46,5.3,"3 weeks ago"
"2011-05-14",125.66,-8.81,5.3,"3 weeks ago"
"2011-05-14",-72.5,-33.95,5.1,"3 weeks ago"
"2011-05-14",142.55,36.8,5,"3 weeks ago"
"2011-05-14",141.65,38.15,5,"3 weeks ago"
"2011-05-14",142.57,36.72,5,"3 weeks ago"
"2011-05-14",160.49,-9.97,5.7,"3 weeks ago"
"2011-05-14",141.65,37.45,5.5,"3 weeks ago"
"2011-05-14",-103.61,10.13,5.8,"3 weeks ago"
"2011-05-14",167.95,-19.26,5,"3 weeks ago"
"2011-05-14",-72.28,-34.06,5,"3 weeks ago"
"2011-05-14",167.92,-19.16,5.1,"3 weeks ago"
"2011-05-14",95.76,4.03,5.4,"3 weeks ago"
"2011-05-14",167.92,-19.25,5,"3 weeks ago"
"2011-05-14",167.82,-19.36,5,"3 weeks ago"
"2011-05-14",167.77,-19.33,5,"3 weeks ago"
"2011-05-14",122.01,21.13,5.3,"3 weeks ago"
"2011-05-14",100.63,-3.53,5.3,"3 weeks ago"
"2011-05-14",141.92,38.86,5.2,"3 weeks ago"
"2011-05-14",-113.12,28.74,5.2,"3 weeks ago"
"2011-05-14",141.07,36.78,5.1,"2 weeks ago"
"2011-05-14",148.62,-3.26,5.7,"2 weeks ago"
"2011-05-14",-82.33,6.85,6.1,"2 weeks ago"
"2011-05-14",121.84,24.62,5.1,"2 weeks ago"
"2011-05-14",141.58,35.15,5,"2 weeks ago"
"2011-05-14",-174.82,-21.73,5.1,"2 weeks ago"
"2011-05-14",77.75,43.56,5.1,"2 weeks ago"
"2011-05-14",-14.44,-1.22,5,"2 weeks ago"
"2011-05-14",126.89,6.55,5.1,"2 weeks ago"
"2011-05-14",155.86,-6.95,5.8,"2 weeks ago"
"2011-05-14",-172.94,-15.14,5,"2 weeks ago"
"2011-05-14",167.13,-14.42,5,"2 weeks ago"
"2011-05-14",149.24,-5.46,5,"2 weeks ago"
"2011-05-14",-174.34,-15.48,5.5,"2 weeks ago"
"2011-05-14",135.55,-3.29,5.1,"2 weeks ago"
"2011-05-14",160.46,-10.04,5,"2 weeks ago"
"2011-05-14",-174.25,-15.2,5,"2 weeks ago"
"2011-05-14",142.56,40.1,5.1,"2 weeks ago"
"2011-05-14",-87.47,12.13,5.4,"2 weeks ago"
"2011-05-14",173.23,-41.35,5,"2 weeks ago"
"2011-05-14",120.85,-49.24,5.3,"2 weeks ago"
"2011-05-14",141.27,40.79,5,"2 weeks ago"
"2011-05-14",143.25,37.04,5.4,"2 weeks ago"
"2011-05-14",167.64,-15.29,5.1,"2 weeks ago"
"2011-05-14",-178.55,-20.4,5.5,"2 weeks ago"
"2011-05-14",101.85,-4.89,5.6,"2 weeks ago"
"2011-05-14",-174.69,52.54,5.4,"2 weeks ago"
"2011-05-14",125.61,9.16,5,"2 weeks ago"
"2011-05-14",124.48,-0.2,5,"2 weeks ago"
"2011-05-14",-98.62,16.78,5.7,"2 weeks ago"
"2011-05-14",-160.54,55.09,5.7,"2 weeks ago"
"2011-05-14",144.03,38.17,6,"2 weeks ago"
"2011-05-14",-178.38,51.49,5.3,"2 weeks ago"
"2011-05-14",128.66,2.8,5.1,"2 weeks ago"
"2011-05-14",141.45,37.42,5,"2 weeks ago"
"2011-05-14",-177.55,-25.19,5.6,"2 weeks ago"
"2011-05-14",-160.69,55.02,5.8,"2 weeks ago"
"2011-05-14",140.75,37.07,5.2,"2 weeks ago"
"2011-05-14",141.99,35.59,5.2,"2 weeks ago"
"2011-05-14",128.4,26.12,5.5,"2 weeks ago"
"2011-05-14",139.2,-2.83,5,"2 weeks ago"
"2011-05-14",122.95,-0.06,5.5,"2 weeks ago"
"2011-05-14",-40.08,32.33,5.3,"2 weeks ago"
"2011-05-14",99.94,0.76,5.1,"2 weeks ago"
"2011-05-14",-72.32,-34.02,5,"1 week ago"
"2011-05-14",69.5,-23.9,5,"1 week ago"
"2011-05-14",142.24,40.24,5.7,"1 week ago"
"2011-05-14",-178.24,-20.17,5,"1 week ago"
"2011-05-14",-23.93,-60.75,5.3,"1 week ago"
"2011-05-14",27.24,36.7,5.1,"1 week ago"
"2011-05-14",125.31,1.07,5.1,"1 week ago"
"2011-05-14",-111.97,-30.22,5,"1 week ago"
"2011-05-14",-66.25,-23.18,5.1,"1 week ago"
"2011-05-14",-83.75,-41.91,5,"1 week ago"
"2011-05-14",172.4,-43.59,5,"1 week ago"
"2011-05-14",147.41,-56.65,5.9,"1 week ago"
"2011-05-14",-160.17,54.86,5.1,"1 week ago"
"2011-05-14",126.42,5.34,5.7,"1 week ago"
"2011-05-14",143.54,37.74,5.6,"1 week ago"
"2011-05-14",68.12,1.41,5,"1 week ago"
"2011-05-14",68.33,-7,5,"1 week ago"
"2011-05-14",143.71,37.26,5.1,"1 week ago"
"2011-05-14",143.56,37.8,5.2,"1 week ago"
"2011-05-14",142.14,38.19,5,"1 week ago"
"2011-05-14",168.23,-20.24,6.8,"1 week ago"
"2011-05-14",168.29,-20.42,5,"1 week ago"
"2011-05-14",141.61,36.24,5.1,"1 week ago"
"2011-05-14",168.4,-20.27,5.9,"1 week ago"
"2011-05-14",168.32,-20.23,5.1,"1 week ago"
"2011-05-14",141.88,36.11,5,"1 week ago"
"2011-05-14",168.34,-20.24,5.3,"1 week ago"
"2011-05-14",168.45,-20.31,5.5,"1 week ago"
"2011-05-14",168.36,-20.16,5.2,"1 week ago"
"2011-05-14",168.26,-20.13,5.3,"1 week ago"
"2011-05-14",168.35,-20.13,5,"1 week ago"
"2011-05-14",168.35,-20.18,5.1,"1 week ago"
"2011-05-14",-27.41,-55.96,5,"1 week ago"
"2011-05-14",168.22,-20.24,5.3,"1 week ago"
"2011-05-14",126.36,1.47,5.2,"1 week ago"
"2011-05-14",168.25,-20.17,5.1,"1 week ago"
"2011-05-14",-105.59,-4.74,5.5,"1 week ago"
"2011-05-14",168.3,-20.12,5,"1 week ago"
"2011-05-14",130.94,43.29,5.7,"1 week ago"
"2011-05-14",-105.52,-4.7,5.5,"1 week ago"
"2011-05-14",168.49,-20.42,5,"1 week ago"
"2011-05-14",168.45,-20.15,5.1,"1 week ago"
"2011-05-14",168.35,-20.27,5,"1 week ago"
"2011-05-14",-176.77,-18.92,5.2,"1 week ago"
"2011-05-14",143.56,37.81,5.2,"1 week ago"
"2011-05-14",168.56,-19.94,5.3,"1 week ago"
"2011-05-14",-179.49,-36.33,5.3,"1 week ago"
"2011-05-14",127.25,1.53,5.1,"1 week ago"
"2011-05-14",168.35,-20.3,5.6,"1 week ago"
"2011-05-14",168.33,-20.36,5,"1 week ago"
"2011-05-14",168.36,-20.35,5.1,"1 week ago"
"2011-05-14",168.46,-20.43,5.2,"1 week ago"
"2011-05-14",168.43,-20.42,5.1,"1 week ago"
"2011-05-14",147.8,-6.52,5,"1 week ago"
"2011-05-14",147.87,-6.52,5,"1 week ago"
"2011-05-14",-1.67,37.7,5.1,"1 week ago"
"2011-05-14",142.27,36.1,5.2,"1 week ago"
"2011-05-14",-81.63,-1.75,5,"1 week ago"
"2011-05-14",1.63,-54.65,5.1,"1 week ago"
"2011-05-14",-177.86,-19.79,5.1,"1 week ago"
"2011-05-14",-178.46,-30.76,5.1,"1 week ago"
"2011-05-14",143.97,12.37,5.4,"1 week ago"
"2011-05-14",144.13,12.31,5.2,"1 week ago"
"2011-05-14",143.99,12.43,5.5,"1 week ago"
"2011-05-14",-151.35,-59.44,5.7,"1 week ago"
"2011-05-14",147.44,-5.52,5.1,"1 week ago"
"2011-05-14",165.54,-11.49,5.3,"1 week ago"
"2011-05-14",-97.98,-36.02,5,"1 week ago"
"2011-05-14",71.01,36.59,5,"1 week ago"
"2011-05-14",107.65,-9.98,5.2,"1 week ago"
"2011-05-14",-84.31,9.95,5.9,"1 week ago"
"2011-05-14",141.34,37.4,6.1,"1 week ago"
"2011-05-14",123.67,-8.13,5,"this week"
"2011-05-14",168.27,-20.08,5.1,"this week"
"2011-05-14",168.36,-20.25,5.1,"this week"
"2011-05-14",70.75,36.41,5.9,"this week"
"2011-05-14",146.13,43.14,5.1,"this week"
"2011-05-14",141.4,37.67,5,"this week"
"2011-05-14",139.7,-3.11,5.3,"this week"
"2011-05-14",105.42,32.5,5,"this week"
"2011-05-14",142.33,37.06,5.1,"this week"
"2011-05-14",142.61,37.24,5.1,"this week"
"2011-05-14",-25.65,0.57,6.1,"this week"
"2011-05-14",154.41,-6.1,6.4,"this week"
"2011-05-14",155.06,-6.86,5.5,"this week"
"2011-05-14",165.36,-11.55,5,"this week"
"2011-05-14",165.32,-11.53,5,"this week"
"2011-05-14",-103.35,8.18,5,"this week"
"2011-05-14",168.33,-20.39,5.1,"this week"
"2011-05-14",168.35,-20.43,5.1,"this week"
"2011-05-14",112.58,-9.2,5.7,"this week"
"2011-05-14",-175.22,-15.64,5.7,"this week"
"2011-05-14",-63.59,-23.49,5.4,"this week"
"2011-05-14",144.74,13.93,5.3,"this week"
"2011-05-14",112.56,-9.29,5.1,"this week"
"2011-05-14",-175.43,-15.54,5.3,"this week"
"2011-05-14",163.85,55.52,5.5,"this week"
"2011-05-14",147.84,-6.65,5.1,"this week"
"2011-05-14",147.89,-6.63,5.5,"this week"
"2011-05-14",-176.01,-25.21,5.4,"this week"
"2011-05-14",123.4,-6.99,5.3,"this week"
"2011-05-14",66.38,-10.35,5.1,"this week"
"2011-05-14",168.36,-20.23,5,"this week"
"2011-05-14",142.67,37.12,5.3,"this week"
"2011-05-14",168.39,-20.4,5,"this week"
"2011-05-14",-71.67,-34.75,5.2,"this week"
"2011-05-14",29.1,39.15,5.8,"this week"
"2011-05-14",23.72,34.38,5.2,"this week"
"2011-05-14",-25.6,-58.03,5,"this week"
"2011-05-14",140.84,35.76,5.8,"this week"
"2011-05-14",-89.01,-41.46,5,"this week"
"2011-05-14",142.64,25.52,5,"this week"
"2011-05-14",141.41,37.44,5.1,"this week"
"2011-05-14",152.23,46.57,5,"this week"
"2011-05-14",146.91,-7.19,5.7,"this week"
"2011-05-14",147.04,-7.09,5.3,"this week"
"2011-05-21",141.07,36.78,5.1,"3 weeks ago"
"2011-05-21",148.62,-3.26,5.7,"3 weeks ago"
"2011-05-21",-82.33,6.85,6.1,"3 weeks ago"
"2011-05-21",121.84,24.62,5.1,"3 weeks ago"
"2011-05-21",141.58,35.15,5,"3 weeks ago"
"2011-05-21",-174.82,-21.73,5.1,"3 weeks ago"
"2011-05-21",77.75,43.56,5.1,"3 weeks ago"
"2011-05-21",-14.44,-1.22,5,"3 weeks ago"
"2011-05-21",126.89,6.55,5.1,"3 weeks ago"
"2011-05-21",155.86,-6.95,5.8,"3 weeks ago"
"2011-05-21",-172.94,-15.14,5,"3 weeks ago"
"2011-05-21",167.13,-14.42,5,"3 weeks ago"
"2011-05-21",149.24,-5.46,5,"3 weeks ago"
"2011-05-21",-174.34,-15.48,5.5,"3 weeks ago"
"2011-05-21",135.55,-3.29,5.1,"3 weeks ago"
"2011-05-21",160.46,-10.04,5,"3 weeks ago"
"2011-05-21",-174.25,-15.2,5,"3 weeks ago"
"2011-05-21",142.56,40.1,5.1,"3 weeks ago"
"2011-05-21",-87.47,12.13,5.4,"3 weeks ago"
"2011-05-21",173.23,-41.35,5,"3 weeks ago"
"2011-05-21",120.85,-49.24,5.3,"3 weeks ago"
"2011-05-21",141.27,40.79,5,"3 weeks ago"
"2011-05-21",143.25,37.04,5.4,"3 weeks ago"
"2011-05-21",167.64,-15.29,5.1,"3 weeks ago"
"2011-05-21",-178.55,-20.4,5.5,"3 weeks ago"
"2011-05-21",101.85,-4.89,5.6,"3 weeks ago"
"2011-05-21",-174.69,52.54,5.4,"3 weeks ago"
"2011-05-21",125.61,9.16,5,"3 weeks ago"
"2011-05-21",124.48,-0.2,5,"3 weeks ago"
"2011-05-21",-98.62,16.78,5.7,"3 weeks ago"
"2011-05-21",-160.54,55.09,5.7,"3 weeks ago"
"2011-05-21",144.03,38.17,6,"3 weeks ago"
"2011-05-21",-178.38,51.49,5.3,"3 weeks ago"
"2011-05-21",128.66,2.8,5.1,"3 weeks ago"
"2011-05-21",141.45,37.42,5,"3 weeks ago"
"2011-05-21",-177.55,-25.19,5.6,"3 weeks ago"
"2011-05-21",-160.69,55.02,5.8,"3 weeks ago"
"2011-05-21",140.75,37.07,5.2,"3 weeks ago"
"2011-05-21",141.99,35.59,5.2,"3 weeks ago"
"2011-05-21",128.4,26.12,5.5,"3 weeks ago"
"2011-05-21",139.2,-2.83,5,"3 weeks ago"
"2011-05-21",122.95,-0.06,5.5,"3 weeks ago"
"2011-05-21",-40.08,32.33,5.3,"3 weeks ago"
"2011-05-21",99.94,0.76,5.1,"3 weeks ago"
"2011-05-21",-72.32,-34.02,5,"2 weeks ago"
"2011-05-21",69.5,-23.9,5,"2 weeks ago"
"2011-05-21",142.24,40.24,5.7,"2 weeks ago"
"2011-05-21",-178.24,-20.17,5,"2 weeks ago"
"2011-05-21",-23.93,-60.75,5.3,"2 weeks ago"
"2011-05-21",27.24,36.7,5.1,"2 weeks ago"
"2011-05-21",125.31,1.07,5.1,"2 weeks ago"
"2011-05-21",-111.97,-30.22,5,"2 weeks ago"
"2011-05-21",-66.25,-23.18,5.1,"2 weeks ago"
"2011-05-21",-83.75,-41.91,5,"2 weeks ago"
"2011-05-21",172.4,-43.59,5,"2 weeks ago"
"2011-05-21",147.41,-56.65,5.9,"2 weeks ago"
"2011-05-21",-160.17,54.86,5.1,"2 weeks ago"
"2011-05-21",126.42,5.34,5.7,"2 weeks ago"
"2011-05-21",143.54,37.74,5.6,"2 weeks ago"
"2011-05-21",68.12,1.41,5,"2 weeks ago"
"2011-05-21",68.33,-7,5,"2 weeks ago"
"2011-05-21",143.71,37.26,5.1,"2 weeks ago"
"2011-05-21",143.56,37.8,5.2,"2 weeks ago"
"2011-05-21",142.14,38.19,5,"2 weeks ago"
"2011-05-21",168.23,-20.24,6.8,"2 weeks ago"
"2011-05-21",168.29,-20.42,5,"2 weeks ago"
"2011-05-21",141.61,36.24,5.1,"2 weeks ago"
"2011-05-21",168.4,-20.27,5.9,"2 weeks ago"
"2011-05-21",168.32,-20.23,5.1,"2 weeks ago"
"2011-05-21",141.88,36.11,5,"2 weeks ago"
"2011-05-21",168.34,-20.24,5.3,"2 weeks ago"
"2011-05-21",168.45,-20.31,5.5,"2 weeks ago"
"2011-05-21",168.36,-20.16,5.2,"2 weeks ago"
"2011-05-21",168.26,-20.13,5.3,"2 weeks ago"
"2011-05-21",168.35,-20.13,5,"2 weeks ago"
"2011-05-21",168.35,-20.18,5.1,"2 weeks ago"
"2011-05-21",-27.41,-55.96,5,"2 weeks ago"
"2011-05-21",168.22,-20.24,5.3,"2 weeks ago"
"2011-05-21",126.36,1.47,5.2,"2 weeks ago"
"2011-05-21",168.25,-20.17,5.1,"2 weeks ago"
"2011-05-21",-105.59,-4.74,5.5,"2 weeks ago"
"2011-05-21",168.3,-20.12,5,"2 weeks ago"
"2011-05-21",130.94,43.29,5.7,"2 weeks ago"
"2011-05-21",-105.52,-4.7,5.5,"2 weeks ago"
"2011-05-21",168.49,-20.42,5,"2 weeks ago"
"2011-05-21",168.45,-20.15,5.1,"2 weeks ago"
"2011-05-21",168.35,-20.27,5,"2 weeks ago"
"2011-05-21",-176.77,-18.92,5.2,"2 weeks ago"
"2011-05-21",143.56,37.81,5.2,"2 weeks ago"
"2011-05-21",168.56,-19.94,5.3,"2 weeks ago"
"2011-05-21",-179.49,-36.33,5.3,"2 weeks ago"
"2011-05-21",127.25,1.53,5.1,"2 weeks ago"
"2011-05-21",168.35,-20.3,5.6,"2 weeks ago"
"2011-05-21",168.33,-20.36,5,"2 weeks ago"
"2011-05-21",168.36,-20.35,5.1,"2 weeks ago"
"2011-05-21",168.46,-20.43,5.2,"2 weeks ago"
"2011-05-21",168.43,-20.42,5.1,"2 weeks ago"
"2011-05-21",147.8,-6.52,5,"2 weeks ago"
"2011-05-21",147.87,-6.52,5,"2 weeks ago"
"2011-05-21",-1.67,37.7,5.1,"2 weeks ago"
"2011-05-21",142.27,36.1,5.2,"2 weeks ago"
"2011-05-21",-81.63,-1.75,5,"2 weeks ago"
"2011-05-21",1.63,-54.65,5.1,"2 weeks ago"
"2011-05-21",-177.86,-19.79,5.1,"2 weeks ago"
"2011-05-21",-178.46,-30.76,5.1,"2 weeks ago"
"2011-05-21",143.97,12.37,5.4,"2 weeks ago"
"2011-05-21",144.13,12.31,5.2,"2 weeks ago"
"2011-05-21",143.99,12.43,5.5,"2 weeks ago"
"2011-05-21",-151.35,-59.44,5.7,"2 weeks ago"
"2011-05-21",147.44,-5.52,5.1,"2 weeks ago"
"2011-05-21",165.54,-11.49,5.3,"2 weeks ago"
"2011-05-21",-97.98,-36.02,5,"2 weeks ago"
"2011-05-21",71.01,36.59,5,"2 weeks ago"
"2011-05-21",107.65,-9.98,5.2,"2 weeks ago"
"2011-05-21",-84.31,9.95,5.9,"2 weeks ago"
"2011-05-21",141.34,37.4,6.1,"2 weeks ago"
"2011-05-21",123.67,-8.13,5,"1 week ago"
"2011-05-21",168.27,-20.08,5.1,"1 week ago"
"2011-05-21",168.36,-20.25,5.1,"1 week ago"
"2011-05-21",70.75,36.41,5.9,"1 week ago"
"2011-05-21",146.13,43.14,5.1,"1 week ago"
"2011-05-21",141.4,37.67,5,"1 week ago"
"2011-05-21",139.7,-3.11,5.3,"1 week ago"
"2011-05-21",105.42,32.5,5,"1 week ago"
"2011-05-21",142.33,37.06,5.1,"1 week ago"
"2011-05-21",142.61,37.24,5.1,"1 week ago"
"2011-05-21",-25.65,0.57,6.1,"1 week ago"
"2011-05-21",154.41,-6.1,6.4,"1 week ago"
"2011-05-21",155.06,-6.86,5.5,"1 week ago"
"2011-05-21",165.36,-11.55,5,"1 week ago"
"2011-05-21",165.32,-11.53,5,"1 week ago"
"2011-05-21",-103.35,8.18,5,"1 week ago"
"2011-05-21",168.33,-20.39,5.1,"1 week ago"
"2011-05-21",168.35,-20.43,5.1,"1 week ago"
"2011-05-21",112.58,-9.2,5.7,"1 week ago"
"2011-05-21",-175.22,-15.64,5.7,"1 week ago"
"2011-05-21",-63.59,-23.49,5.4,"1 week ago"
"2011-05-21",144.74,13.93,5.3,"1 week ago"
"2011-05-21",112.56,-9.29,5.1,"1 week ago"
"2011-05-21",-175.43,-15.54,5.3,"1 week ago"
"2011-05-21",163.85,55.52,5.5,"1 week ago"
"2011-05-21",147.84,-6.65,5.1,"1 week ago"
"2011-05-21",147.89,-6.63,5.5,"1 week ago"
"2011-05-21",-176.01,-25.21,5.4,"1 week ago"
"2011-05-21",123.4,-6.99,5.3,"1 week ago"
"2011-05-21",66.38,-10.35,5.1,"1 week ago"
"2011-05-21",168.36,-20.23,5,"1 week ago"
"2011-05-21",142.67,37.12,5.3,"1 week ago"
"2011-05-21",168.39,-20.4,5,"1 week ago"
"2011-05-21",-71.67,-34.75,5.2,"1 week ago"
"2011-05-21",29.1,39.15,5.8,"1 week ago"
"2011-05-21",23.72,34.38,5.2,"1 week ago"
"2011-05-21",-25.6,-58.03,5,"1 week ago"
"2011-05-21",140.84,35.76,5.8,"1 week ago"
"2011-05-21",-89.01,-41.46,5,"1 week ago"
"2011-05-21",142.64,25.52,5,"1 week ago"
"2011-05-21",141.41,37.44,5.1,"1 week ago"
"2011-05-21",152.23,46.57,5,"1 week ago"
"2011-05-21",146.91,-7.19,5.7,"1 week ago"
"2011-05-21",147.04,-7.09,5.3,"1 week ago"
"2011-05-21",-27.11,-56.07,5.9,"this week"
"2011-05-21",-27.16,-55.99,5.1,"this week"
"2011-05-21",-166.87,65.37,5,"this week"
"2011-05-21",146.95,-7.29,5,"this week"
"2011-05-21",121.72,17.19,5.1,"this week"
"2011-05-21",-41.02,31.25,5,"this week"
"2011-05-21",-178.17,-30.82,5.9,"this week"
"2011-05-21",140.49,35.6,5.6,"this week"
"2011-05-21",-68.94,-19.82,5,"this week"
"2011-05-21",121.76,24.09,5,"this week"
"2011-05-21",142.83,39.21,5,"this week"
"2011-05-21",143.49,37.6,5.6,"this week"
"2011-05-21",-106.21,-4.88,5.1,"this week"
"2011-05-21",120.75,13.6,5.7,"this week"
"2011-05-21",125.7,6.01,5.2,"this week"
"2011-05-21",-178.36,50.97,5,"this week"
"2011-05-21",168.93,-20.41,5.2,"this week"
"2011-05-21",-27.07,-55.99,5.2,"this week"
"2011-05-21",143.25,39.71,5.8,"this week"
"2011-05-21",102.42,-5.27,5,"this week"
"2011-05-21",-174,-15.39,5,"this week"
"2011-05-21",140.94,36.38,5,"this week"
"2011-05-21",-173.26,52.6,5.5,"this week"
"2011-05-21",-111.56,27.59,5.1,"this week"
"2011-05-21",178.71,-64.78,5,"this week"
"2011-05-21",102.26,-4.18,5,"this week"
"2011-05-21",147.48,49.16,5.3,"this week"
"2011-05-21",-15.09,-34.73,5.2,"this week"
"2011-05-21",149.55,-3.65,5,"this week"
"2011-05-21",-172.59,-15.95,5.2,"this week"
"2011-05-21",-172.22,-17.68,5.4,"this week"
"2011-05-21",170.65,-21.66,5,"this week"
"2011-05-21",121.67,-8.3,5.3,"this week"
"2011-05-21",123.9,1.54,5.1,"this week"
"2011-05-21",126.12,5.98,5.1,"this week"
"2011-05-21",143.99,-4.35,5.3,"this week"
"2011-05-21",66.34,-12.72,5,"this week"
"2011-05-21",66.35,-12.74,5,"this week"
"2011-05-21",103.41,-7.1,5,"this week"
"2011-05-28",-72.32,-34.02,5,"3 weeks ago"
"2011-05-28",69.5,-23.9,5,"3 weeks ago"
"2011-05-28",142.24,40.24,5.7,"3 weeks ago"
"2011-05-28",-178.24,-20.17,5,"3 weeks ago"
"2011-05-28",-23.93,-60.75,5.3,"3 weeks ago"
"2011-05-28",27.24,36.7,5.1,"3 weeks ago"
"2011-05-28",125.31,1.07,5.1,"3 weeks ago"
"2011-05-28",-111.97,-30.22,5,"3 weeks ago"
"2011-05-28",-66.25,-23.18,5.1,"3 weeks ago"
"2011-05-28",-83.75,-41.91,5,"3 weeks ago"
"2011-05-28",172.4,-43.59,5,"3 weeks ago"
"2011-05-28",147.41,-56.65,5.9,"3 weeks ago"
"2011-05-28",-160.17,54.86,5.1,"3 weeks ago"
"2011-05-28",126.42,5.34,5.7,"3 weeks ago"
"2011-05-28",143.54,37.74,5.6,"3 weeks ago"
"2011-05-28",68.12,1.41,5,"3 weeks ago"
"2011-05-28",68.33,-7,5,"3 weeks ago"
"2011-05-28",143.71,37.26,5.1,"3 weeks ago"
"2011-05-28",143.56,37.8,5.2,"3 weeks ago"
"2011-05-28",142.14,38.19,5,"3 weeks ago"
"2011-05-28",168.23,-20.24,6.8,"3 weeks ago"
"2011-05-28",168.29,-20.42,5,"3 weeks ago"
"2011-05-28",141.61,36.24,5.1,"3 weeks ago"
"2011-05-28",168.4,-20.27,5.9,"3 weeks ago"
"2011-05-28",168.32,-20.23,5.1,"3 weeks ago"
"2011-05-28",141.88,36.11,5,"3 weeks ago"
"2011-05-28",168.34,-20.24,5.3,"3 weeks ago"
"2011-05-28",168.45,-20.31,5.5,"3 weeks ago"
"2011-05-28",168.36,-20.16,5.2,"3 weeks ago"
"2011-05-28",168.26,-20.13,5.3,"3 weeks ago"
"2011-05-28",168.35,-20.13,5,"3 weeks ago"
"2011-05-28",168.35,-20.18,5.1,"3 weeks ago"
"2011-05-28",-27.41,-55.96,5,"3 weeks ago"
"2011-05-28",168.22,-20.24,5.3,"3 weeks ago"
"2011-05-28",126.36,1.47,5.2,"3 weeks ago"
"2011-05-28",168.25,-20.17,5.1,"3 weeks ago"
"2011-05-28",-105.59,-4.74,5.5,"3 weeks ago"
"2011-05-28",168.3,-20.12,5,"3 weeks ago"
"2011-05-28",130.94,43.29,5.7,"3 weeks ago"
"2011-05-28",-105.52,-4.7,5.5,"3 weeks ago"
"2011-05-28",168.49,-20.42,5,"3 weeks ago"
"2011-05-28",168.45,-20.15,5.1,"3 weeks ago"
"2011-05-28",168.35,-20.27,5,"3 weeks ago"
"2011-05-28",-176.77,-18.92,5.2,"3 weeks ago"
"2011-05-28",143.56,37.81,5.2,"3 weeks ago"
"2011-05-28",168.56,-19.94,5.3,"3 weeks ago"
"2011-05-28",-179.49,-36.33,5.3,"3 weeks ago"
"2011-05-28",127.25,1.53,5.1,"3 weeks ago"
"2011-05-28",168.35,-20.3,5.6,"3 weeks ago"
"2011-05-28",168.33,-20.36,5,"3 weeks ago"
"2011-05-28",168.36,-20.35,5.1,"3 weeks ago"
"2011-05-28",168.46,-20.43,5.2,"3 weeks ago"
"2011-05-28",168.43,-20.42,5.1,"3 weeks ago"
"2011-05-28",147.8,-6.52,5,"3 weeks ago"
"2011-05-28",147.87,-6.52,5,"3 weeks ago"
"2011-05-28",-1.67,37.7,5.1,"3 weeks ago"
"2011-05-28",142.27,36.1,5.2,"3 weeks ago"
"2011-05-28",-81.63,-1.75,5,"3 weeks ago"
"2011-05-28",1.63,-54.65,5.1,"3 weeks ago"
"2011-05-28",-177.86,-19.79,5.1,"3 weeks ago"
"2011-05-28",-178.46,-30.76,5.1,"3 weeks ago"
"2011-05-28",143.97,12.37,5.4,"3 weeks ago"
"2011-05-28",144.13,12.31,5.2,"3 weeks ago"
"2011-05-28",143.99,12.43,5.5,"3 weeks ago"
"2011-05-28",-151.35,-59.44,5.7,"3 weeks ago"
"2011-05-28",147.44,-5.52,5.1,"3 weeks ago"
"2011-05-28",165.54,-11.49,5.3,"3 weeks ago"
"2011-05-28",-97.98,-36.02,5,"3 weeks ago"
"2011-05-28",71.01,36.59,5,"3 weeks ago"
"2011-05-28",107.65,-9.98,5.2,"3 weeks ago"
"2011-05-28",-84.31,9.95,5.9,"3 weeks ago"
"2011-05-28",141.34,37.4,6.1,"3 weeks ago"
"2011-05-28",123.67,-8.13,5,"2 weeks ago"
"2011-05-28",168.27,-20.08,5.1,"2 weeks ago"
"2011-05-28",168.36,-20.25,5.1,"2 weeks ago"
"2011-05-28",70.75,36.41,5.9,"2 weeks ago"
"2011-05-28",146.13,43.14,5.1,"2 weeks ago"
"2011-05-28",141.4,37.67,5,"2 weeks ago"
"2011-05-28",139.7,-3.11,5.3,"2 weeks ago"
"2011-05-28",105.42,32.5,5,"2 weeks ago"
"2011-05-28",142.33,37.06,5.1,"2 weeks ago"
"2011-05-28",142.61,37.24,5.1,"2 weeks ago"
"2011-05-28",-25.65,0.57,6.1,"2 weeks ago"
"2011-05-28",154.41,-6.1,6.4,"2 weeks ago"
"2011-05-28",155.06,-6.86,5.5,"2 weeks ago"
"2011-05-28",165.36,-11.55,5,"2 weeks ago"
"2011-05-28",165.32,-11.53,5,"2 weeks ago"
"2011-05-28",-103.35,8.18,5,"2 weeks ago"
"2011-05-28",168.33,-20.39,5.1,"2 weeks ago"
"2011-05-28",168.35,-20.43,5.1,"2 weeks ago"
"2011-05-28",112.58,-9.2,5.7,"2 weeks ago"
"2011-05-28",-175.22,-15.64,5.7,"2 weeks ago"
"2011-05-28",-63.59,-23.49,5.4,"2 weeks ago"
"2011-05-28",144.74,13.93,5.3,"2 weeks ago"
"2011-05-28",112.56,-9.29,5.1,"2 weeks ago"
"2011-05-28",-175.43,-15.54,5.3,"2 weeks ago"
"2011-05-28",163.85,55.52,5.5,"2 weeks ago"
"2011-05-28",147.84,-6.65,5.1,"2 weeks ago"
"2011-05-28",147.89,-6.63,5.5,"2 weeks ago"
"2011-05-28",-176.01,-25.21,5.4,"2 weeks ago"
"2011-05-28",123.4,-6.99,5.3,"2 weeks ago"
"2011-05-28",66.38,-10.35,5.1,"2 weeks ago"
"2011-05-28",168.36,-20.23,5,"2 weeks ago"
"2011-05-28",142.67,37.12,5.3,"2 weeks ago"
"2011-05-28",168.39,-20.4,5,"2 weeks ago"
"2011-05-28",-71.67,-34.75,5.2,"2 weeks ago"
"2011-05-28",29.1,39.15,5.8,"2 weeks ago"
"2011-05-28",23.72,34.38,5.2,"2 weeks ago"
"2011-05-28",-25.6,-58.03,5,"2 weeks ago"
"2011-05-28",140.84,35.76,5.8,"2 weeks ago"
"2011-05-28",-89.01,-41.46,5,"2 weeks ago"
"2011-05-28",142.64,25.52,5,"2 weeks ago"
"2011-05-28",141.41,37.44,5.1,"2 weeks ago"
"2011-05-28",152.23,46.57,5,"2 weeks ago"
"2011-05-28",146.91,-7.19,5.7,"2 weeks ago"
"2011-05-28",147.04,-7.09,5.3,"2 weeks ago"
"2011-05-28",-27.11,-56.07,5.9,"1 week ago"
"2011-05-28",-27.16,-55.99,5.1,"1 week ago"
"2011-05-28",-166.87,65.37,5,"1 week ago"
"2011-05-28",146.95,-7.29,5,"1 week ago"
"2011-05-28",121.72,17.19,5.1,"1 week ago"
"2011-05-28",-41.02,31.25,5,"1 week ago"
"2011-05-28",-178.17,-30.82,5.9,"1 week ago"
"2011-05-28",140.49,35.6,5.6,"1 week ago"
"2011-05-28",-68.94,-19.82,5,"1 week ago"
"2011-05-28",121.76,24.09,5,"1 week ago"
"2011-05-28",142.83,39.21,5,"1 week ago"
"2011-05-28",143.49,37.6,5.6,"1 week ago"
"2011-05-28",-106.21,-4.88,5.1,"1 week ago"
"2011-05-28",120.75,13.6,5.7,"1 week ago"
"2011-05-28",125.7,6.01,5.2,"1 week ago"
"2011-05-28",-178.36,50.97,5,"1 week ago"
"2011-05-28",168.93,-20.41,5.2,"1 week ago"
"2011-05-28",-27.07,-55.99,5.2,"1 week ago"
"2011-05-28",143.25,39.71,5.8,"1 week ago"
"2011-05-28",102.42,-5.27,5,"1 week ago"
"2011-05-28",-174,-15.39,5,"1 week ago"
"2011-05-28",140.94,36.38,5,"1 week ago"
"2011-05-28",-173.26,52.6,5.5,"1 week ago"
"2011-05-28",-111.56,27.59,5.1,"1 week ago"
"2011-05-28",178.71,-64.78,5,"1 week ago"
"2011-05-28",102.26,-4.18,5,"1 week ago"
"2011-05-28",147.48,49.16,5.3,"1 week ago"
"2011-05-28",-15.09,-34.73,5.2,"1 week ago"
"2011-05-28",149.55,-3.65,5,"1 week ago"
"2011-05-28",-172.59,-15.95,5.2,"1 week ago"
"2011-05-28",-172.22,-17.68,5.4,"1 week ago"
"2011-05-28",170.65,-21.66,5,"1 week ago"
"2011-05-28",121.67,-8.3,5.3,"1 week ago"
"2011-05-28",123.9,1.54,5.1,"1 week ago"
"2011-05-28",126.12,5.98,5.1,"1 week ago"
"2011-05-28",143.99,-4.35,5.3,"1 week ago"
"2011-05-28",66.34,-12.72,5,"1 week ago"
"2011-05-28",66.35,-12.74,5,"1 week ago"
"2011-05-28",103.41,-7.1,5,"1 week ago"
"2011-05-28",168.53,-20.06,5.1,"this week"
"2011-05-28",142.02,36.29,5,"this week"
"2011-05-28",143.59,37.42,5,"this week"
"2011-05-28",165.8,-11.5,5.1,"this week"
"2011-05-28",103.49,-5.7,5.7,"this week"
"2011-05-28",-178.53,-27.47,5.5,"this week"
"2011-05-28",-178.52,-27.26,5.5,"this week"
"2011-05-28",127.67,4.69,5.4,"this week"
"2011-05-28",108.75,-8.76,5.1,"this week"
"2011-05-28",149.31,-5.85,5.1,"this week"
"2011-05-28",129.79,-6.6,5,"this week"
"2011-05-28",101.76,-7.72,5.9,"this week"
"2011-05-28",68.61,-4.9,5.3,"this week"
"2011-05-28",-173.56,-15.18,5.3,"this week"
"2011-05-28",-96.84,-37.04,5,"this week"
"2011-05-28",143.21,40.29,5.1,"this week"
"2011-05-28",141.79,39.41,5.4,"this week"
"2011-05-28",143.22,40.25,5,"this week"
"2011-05-28",169.84,-21.49,5,"this week"
"2011-05-28",143.57,39.74,5.2,"this week"
"2011-05-28",-73.69,-37.58,6.3,"this week"
"2011-05-28",-73.67,-37.49,5.4,"this week"
"2011-05-28",-100.19,-36.15,5.1,"this week"
"2011-05-28",-177.94,-31.96,5.2,"this week"
"2011-05-28",167.35,-14.7,5,"this week"
"2011-05-28",-75.77,4.79,5,"this week"
"2011-05-28",140.29,27.03,5.2,"this week"
"2011-05-28",161.23,-10.45,5.3,"this week"
"2011-05-28",-13.21,-11.7,5.2,"this week"
"2011-05-28",169.77,-19.53,5.1,"this week"
"2011-05-28",-101.32,18.69,5.3,"this week"
"2011-05-28",121.41,22.24,5,"this week"
"2011-05-28",143.91,37.28,6.1,"this week"
"2011-05-28",88.02,27.53,5,"this week"
"2011-05-28",168.3,-20.21,5,"this week"
"2011-05-28",92.46,9.63,5.5,"this week"
"2011-05-28",-25.56,-55.66,5.1,"this week"
"2011-05-28",140.91,37.07,5.5,"this week"
"2011-05-28",132.32,35.03,5,"this week"
"2011-06-04",123.67,-8.13,5,"3 weeks ago"
"2011-06-04",168.27,-20.08,5.1,"3 weeks ago"
"2011-06-04",168.36,-20.25,5.1,"3 weeks ago"
"2011-06-04",70.75,36.41,5.9,"3 weeks ago"
"2011-06-04",146.13,43.14,5.1,"3 weeks ago"
"2011-06-04",141.4,37.67,5,"3 weeks ago"
"2011-06-04",139.7,-3.11,5.3,"3 weeks ago"
"2011-06-04",105.42,32.5,5,"3 weeks ago"
"2011-06-04",142.33,37.06,5.1,"3 weeks ago"
"2011-06-04",142.61,37.24,5.1,"3 weeks ago"
"2011-06-04",-25.65,0.57,6.1,"3 weeks ago"
"2011-06-04",154.41,-6.1,6.4,"3 weeks ago"
"2011-06-04",155.06,-6.86,5.5,"3 weeks ago"
"2011-06-04",165.36,-11.55,5,"3 weeks ago"
"2011-06-04",165.32,-11.53,5,"3 weeks ago"
"2011-06-04",-103.35,8.18,5,"3 weeks ago"
"2011-06-04",168.33,-20.39,5.1,"3 weeks ago"
"2011-06-04",168.35,-20.43,5.1,"3 weeks ago"
"2011-06-04",112.58,-9.2,5.7,"3 weeks ago"
"2011-06-04",-175.22,-15.64,5.7,"3 weeks ago"
"2011-06-04",-63.59,-23.49,5.4,"3 weeks ago"
"2011-06-04",144.74,13.93,5.3,"3 weeks ago"
"2011-06-04",112.56,-9.29,5.1,"3 weeks ago"
"2011-06-04",-175.43,-15.54,5.3,"3 weeks ago"
"2011-06-04",163.85,55.52,5.5,"3 weeks ago"
"2011-06-04",147.84,-6.65,5.1,"3 weeks ago"
"2011-06-04",147.89,-6.63,5.5,"3 weeks ago"
"2011-06-04",-176.01,-25.21,5.4,"3 weeks ago"
"2011-06-04",123.4,-6.99,5.3,"3 weeks ago"
"2011-06-04",66.38,-10.35,5.1,"3 weeks ago"
"2011-06-04",168.36,-20.23,5,"3 weeks ago"
"2011-06-04",142.67,37.12,5.3,"3 weeks ago"
"2011-06-04",168.39,-20.4,5,"3 weeks ago"
"2011-06-04",-71.67,-34.75,5.2,"3 weeks ago"
"2011-06-04",29.1,39.15,5.8,"3 weeks ago"
"2011-06-04",23.72,34.38,5.2,"3 weeks ago"
"2011-06-04",-25.6,-58.03,5,"3 weeks ago"
"2011-06-04",140.84,35.76,5.8,"3 weeks ago"
"2011-06-04",-89.01,-41.46,5,"3 weeks ago"
"2011-06-04",142.64,25.52,5,"3 weeks ago"
"2011-06-04",141.41,37.44,5.1,"3 weeks ago"
"2011-06-04",152.23,46.57,5,"3 weeks ago"
"2011-06-04",146.91,-7.19,5.7,"3 weeks ago"
"2011-06-04",147.04,-7.09,5.3,"3 weeks ago"
"2011-06-04",-27.11,-56.07,5.9,"2 weeks ago"
"2011-06-04",-27.16,-55.99,5.1,"2 weeks ago"
"2011-06-04",-166.87,65.37,5,"2 weeks ago"
"2011-06-04",146.95,-7.29,5,"2 weeks ago"
"2011-06-04",121.72,17.19,5.1,"2 weeks ago"
"2011-06-04",-41.02,31.25,5,"2 weeks ago"
"2011-06-04",-178.17,-30.82,5.9,"2 weeks ago"
"2011-06-04",140.49,35.6,5.6,"2 weeks ago"
"2011-06-04",-68.94,-19.82,5,"2 weeks ago"
"2011-06-04",121.76,24.09,5,"2 weeks ago"
"2011-06-04",142.83,39.21,5,"2 weeks ago"
"2011-06-04",143.49,37.6,5.6,"2 weeks ago"
"2011-06-04",-106.21,-4.88,5.1,"2 weeks ago"
"2011-06-04",120.75,13.6,5.7,"2 weeks ago"
"2011-06-04",125.7,6.01,5.2,"2 weeks ago"
"2011-06-04",-178.36,50.97,5,"2 weeks ago"
"2011-06-04",168.93,-20.41,5.2,"2 weeks ago"
"2011-06-04",-27.07,-55.99,5.2,"2 weeks ago"
"2011-06-04",143.25,39.71,5.8,"2 weeks ago"
"2011-06-04",102.42,-5.27,5,"2 weeks ago"
"2011-06-04",-174,-15.39,5,"2 weeks ago"
"2011-06-04",140.94,36.38,5,"2 weeks ago"
"2011-06-04",-173.26,52.6,5.5,"2 weeks ago"
"2011-06-04",-111.56,27.59,5.1,"2 weeks ago"
"2011-06-04",178.71,-64.78,5,"2 weeks ago"
"2011-06-04",102.26,-4.18,5,"2 weeks ago"
"2011-06-04",147.48,49.16,5.3,"2 weeks ago"
"2011-06-04",-15.09,-34.73,5.2,"2 weeks ago"
"2011-06-04",149.55,-3.65,5,"2 weeks ago"
"2011-06-04",-172.59,-15.95,5.2,"2 weeks ago"
"2011-06-04",-172.22,-17.68,5.4,"2 weeks ago"
"2011-06-04",170.65,-21.66,5,"2 weeks ago"
"2011-06-04",121.67,-8.3,5.3,"2 weeks ago"
"2011-06-04",123.9,1.54,5.1,"2 weeks ago"
"2011-06-04",126.12,5.98,5.1,"2 weeks ago"
"2011-06-04",143.99,-4.35,5.3,"2 weeks ago"
"2011-06-04",66.34,-12.72,5,"2 weeks ago"
"2011-06-04",66.35,-12.74,5,"2 weeks ago"
"2011-06-04",103.41,-7.1,5,"2 weeks ago"
"2011-06-04",168.53,-20.06,5.1,"1 week ago"
"2011-06-04",142.02,36.29,5,"1 week ago"
"2011-06-04",143.59,37.42,5,"1 week ago"
"2011-06-04",165.8,-11.5,5.1,"1 week ago"
"2011-06-04",103.49,-5.7,5.7,"1 week ago"
"2011-06-04",-178.53,-27.47,5.5,"1 week ago"
"2011-06-04",-178.52,-27.26,5.5,"1 week ago"
"2011-06-04",127.67,4.69,5.4,"1 week ago"
"2011-06-04",108.75,-8.76,5.1,"1 week ago"
"2011-06-04",149.31,-5.85,5.1,"1 week ago"
"2011-06-04",129.79,-6.6,5,"1 week ago"
"2011-06-04",101.76,-7.72,5.9,"1 week ago"
"2011-06-04",68.61,-4.9,5.3,"1 week ago"
"2011-06-04",-173.56,-15.18,5.3,"1 week ago"
"2011-06-04",-96.84,-37.04,5,"1 week ago"
"2011-06-04",143.21,40.29,5.1,"1 week ago"
"2011-06-04",141.79,39.41,5.4,"1 week ago"
"2011-06-04",143.22,40.25,5,"1 week ago"
"2011-06-04",169.84,-21.49,5,"1 week ago"
"2011-06-04",143.57,39.74,5.2,"1 week ago"
"2011-06-04",-73.69,-37.58,6.3,"1 week ago"
"2011-06-04",-73.67,-37.49,5.4,"1 week ago"
"2011-06-04",-100.19,-36.15,5.1,"1 week ago"
"2011-06-04",-177.94,-31.96,5.2,"1 week ago"
"2011-06-04",167.35,-14.7,5,"1 week ago"
"2011-06-04",-75.77,4.79,5,"1 week ago"
"2011-06-04",140.29,27.03,5.2,"1 week ago"
"2011-06-04",161.23,-10.45,5.3,"1 week ago"
"2011-06-04",-13.21,-11.7,5.2,"1 week ago"
"2011-06-04",169.77,-19.53,5.1,"1 week ago"
"2011-06-04",-101.32,18.69,5.3,"1 week ago"
"2011-06-04",121.41,22.24,5,"1 week ago"
"2011-06-04",143.91,37.28,6.1,"1 week ago"
"2011-06-04",88.02,27.53,5,"1 week ago"
"2011-06-04",168.3,-20.21,5,"1 week ago"
"2011-06-04",92.46,9.63,5.5,"1 week ago"
"2011-06-04",-25.56,-55.66,5.1,"1 week ago"
"2011-06-04",140.91,37.07,5.5,"1 week ago"
"2011-06-04",132.32,35.03,5,"1 week ago"
"2011-06-04",167.46,-15.98,5.1,"this week"
"2011-06-04",-74.63,-7.74,5,"this week"
"2011-06-04",-71.9,-40.55,5,"this week"
"2011-06-04",168.36,-20.28,5.1,"this week"
"2011-06-04",154.19,-8.17,5.2,"this week"
"2011-06-04",144.29,12.62,5,"this week"
"2011-06-04",152.08,-3.69,5.4,"this week"
"2011-06-04",151.95,-3.66,5,"this week"
"2011-06-04",-72.19,-35,5.3,"this week"
"2011-06-04",146.62,-55.84,6.4,"this week"
"2011-06-04",-177.89,-15.12,5.9,"this week"
"2011-06-04",-177.85,-14.99,5.4,"this week"
"2011-06-04",172.39,-43.58,5,"this week"
"2011-06-04",-178.86,-24.31,5.2,"this week"
"2011-06-04",-15.81,-44.44,5.3,"this week"
"2011-06-04",-16.04,-44.18,5.6,"this week"
"2011-06-04",-113.12,-28.19,5,"this week"
"2011-06-04",154.2,48.36,5.3,"this week"
"2011-06-04",-93.08,15.36,5.3,"this week"
"2011-06-04",88.25,43.02,5.1,"this week"
"2011-06-04",88.42,43.01,5,"this week"
"2011-06-04",-69.52,-17.08,5.9,"this week"
"2011-06-04",168.37,-20.21,5.1,"this week"
"2011-06-04",-82.5,5,5.2,"this week"
"2011-06-04",149.94,-4.57,5.5,"this week"
"2011-06-04",96.78,1.17,5.3,"this week"
"2011-06-04",168.38,-20.21,5.1,"this week"
"2011-06-04",142.32,39.03,5,"this week"
"2011-06-04",142.15,37.26,5,"this week"
"2011-06-04",140.77,36.48,5.4,"this week"
"2011-06-04",150.57,-3.55,5,"this week"
"2011-06-04",130.17,-6.37,5.1,"this week"
"2011-06-04",-178.06,-30.42,5.6,"this week"
"2011-06-04",147.87,-6.62,5.2,"this week"
"2011-06-04",150.42,-6.71,5,"this week"
"2011-06-04",-69.37,-23.98,5,"this week"
"2011-06-04",-122.74,-6.73,5.1,"this week"
"2011-06-04",-173.2,-17.29,5.3,"this week"
"2011-06-04",142.16,38.31,5,"this week"
"2011-06-11",-27.11,-56.07,5.9,"3 weeks ago"
"2011-06-11",-27.16,-55.99,5.1,"3 weeks ago"
"2011-06-11",-166.87,65.37,5,"3 weeks ago"
"2011-06-11",146.95,-7.29,5,"3 weeks ago"
"2011-06-11",121.72,17.19,5.1,"3 weeks ago"
"2011-06-11",-41.02,31.25,5,"3 weeks ago"
"2011-06-11",-178.17,-30.82,5.9,"3 weeks ago"
"2011-06-11",140.49,35.6,5.6,"3 weeks ago"
"2011-06-11",-68.94,-19.82,5,"3 weeks ago"
"2011-06-11",121.76,24.09,5,"3 weeks ago"
"2011-06-11",142.83,39.21,5,"3 weeks ago"
"2011-06-11",143.49,37.6,5.6,"3 weeks ago"
"2011-06-11",-106.21,-4.88,5.1,"3 weeks ago"
"2011-06-11",120.75,13.6,5.7,"3 weeks ago"
"2011-06-11",125.7,6.01,5.2,"3 weeks ago"
"2011-06-11",-178.36,50.97,5,"3 weeks ago"
"2011-06-11",168.93,-20.41,5.2,"3 weeks ago"
"2011-06-11",-27.07,-55.99,5.2,"3 weeks ago"
"2011-06-11",143.25,39.71,5.8,"3 weeks ago"
"2011-06-11",102.42,-5.27,5,"3 weeks ago"
"2011-06-11",-174,-15.39,5,"3 weeks ago"
"2011-06-11",140.94,36.38,5,"3 weeks ago"
"2011-06-11",-173.26,52.6,5.5,"3 weeks ago"
"2011-06-11",-111.56,27.59,5.1,"3 weeks ago"
"2011-06-11",178.71,-64.78,5,"3 weeks ago"
"2011-06-11",102.26,-4.18,5,"3 weeks ago"
"2011-06-11",147.48,49.16,5.3,"3 weeks ago"
"2011-06-11",-15.09,-34.73,5.2,"3 weeks ago"
"2011-06-11",149.55,-3.65,5,"3 weeks ago"
"2011-06-11",-172.59,-15.95,5.2,"3 weeks ago"
"2011-06-11",-172.22,-17.68,5.4,"3 weeks ago"
"2011-06-11",170.65,-21.66,5,"3 weeks ago"
"2011-06-11",121.67,-8.3,5.3,"3 weeks ago"
"2011-06-11",123.9,1.54,5.1,"3 weeks ago"
"2011-06-11",126.12,5.98,5.1,"3 weeks ago"
"2011-06-11",143.99,-4.35,5.3,"3 weeks ago"
"2011-06-11",66.34,-12.72,5,"3 weeks ago"
"2011-06-11",66.35,-12.74,5,"3 weeks ago"
"2011-06-11",103.41,-7.1,5,"3 weeks ago"
"2011-06-11",168.53,-20.06,5.1,"2 weeks ago"
"2011-06-11",142.02,36.29,5,"2 weeks ago"
"2011-06-11",143.59,37.42,5,"2 weeks ago"
"2011-06-11",165.8,-11.5,5.1,"2 weeks ago"
"2011-06-11",103.49,-5.7,5.7,"2 weeks ago"
"2011-06-11",-178.53,-27.47,5.5,"2 weeks ago"
"2011-06-11",-178.52,-27.26,5.5,"2 weeks ago"
"2011-06-11",127.67,4.69,5.4,"2 weeks ago"
"2011-06-11",108.75,-8.76,5.1,"2 weeks ago"
"2011-06-11",149.31,-5.85,5.1,"2 weeks ago"
"2011-06-11",129.79,-6.6,5,"2 weeks ago"
"2011-06-11",101.76,-7.72,5.9,"2 weeks ago"
"2011-06-11",68.61,-4.9,5.3,"2 weeks ago"
"2011-06-11",-173.56,-15.18,5.3,"2 weeks ago"
"2011-06-11",-96.84,-37.04,5,"2 weeks ago"
"2011-06-11",143.21,40.29,5.1,"2 weeks ago"
"2011-06-11",141.79,39.41,5.4,"2 weeks ago"
"2011-06-11",143.22,40.25,5,"2 weeks ago"
"2011-06-11",169.84,-21.49,5,"2 weeks ago"
"2011-06-11",143.57,39.74,5.2,"2 weeks ago"
"2011-06-11",-73.69,-37.58,6.3,"2 weeks ago"
"2011-06-11",-73.67,-37.49,5.4,"2 weeks ago"
"2011-06-11",-100.19,-36.15,5.1,"2 weeks ago"
"2011-06-11",-177.94,-31.96,5.2,"2 weeks ago"
"2011-06-11",167.35,-14.7,5,"2 weeks ago"
"2011-06-11",-75.77,4.79,5,"2 weeks ago"
"2011-06-11",140.29,27.03,5.2,"2 weeks ago"
"2011-06-11",161.23,-10.45,5.3,"2 weeks ago"
"2011-06-11",-13.21,-11.7,5.2,"2 weeks ago"
"2011-06-11",169.77,-19.53,5.1,"2 weeks ago"
"2011-06-11",-101.32,18.69,5.3,"2 weeks ago"
"2011-06-11",121.41,22.24,5,"2 weeks ago"
"2011-06-11",143.91,37.28,6.1,"2 weeks ago"
"2011-06-11",88.02,27.53,5,"2 weeks ago"
"2011-06-11",168.3,-20.21,5,"2 weeks ago"
"2011-06-11",92.46,9.63,5.5,"2 weeks ago"
"2011-06-11",-25.56,-55.66,5.1,"2 weeks ago"
"2011-06-11",140.91,37.07,5.5,"2 weeks ago"
"2011-06-11",132.32,35.03,5,"2 weeks ago"
"2011-06-11",167.46,-15.98,5.1,"1 week ago"
"2011-06-11",-74.63,-7.74,5,"1 week ago"
"2011-06-11",-71.9,-40.55,5,"1 week ago"
"2011-06-11",168.36,-20.28,5.1,"1 week ago"
"2011-06-11",154.19,-8.17,5.2,"1 week ago"
"2011-06-11",144.29,12.62,5,"1 week ago"
"2011-06-11",152.08,-3.69,5.4,"1 week ago"
"2011-06-11",151.95,-3.66,5,"1 week ago"
"2011-06-11",-72.19,-35,5.3,"1 week ago"
"2011-06-11",146.62,-55.84,6.4,"1 week ago"
"2011-06-11",-177.89,-15.12,5.9,"1 week ago"
"2011-06-11",-177.85,-14.99,5.4,"1 week ago"
"2011-06-11",172.39,-43.58,5,"1 week ago"
"2011-06-11",-178.86,-24.31,5.2,"1 week ago"
"2011-06-11",-15.81,-44.44,5.3,"1 week ago"
"2011-06-11",-16.04,-44.18,5.6,"1 week ago"
"2011-06-11",-113.12,-28.19,5,"1 week ago"
"2011-06-11",154.2,48.36,5.3,"1 week ago"
"2011-06-11",-93.08,15.36,5.3,"1 week ago"
"2011-06-11",88.25,43.02,5.1,"1 week ago"
"2011-06-11",88.42,43.01,5,"1 week ago"
"2011-06-11",-69.52,-17.08,5.9,"1 week ago"
"2011-06-11",168.37,-20.21,5.1,"1 week ago"
"2011-06-11",-82.5,5,5.2,"1 week ago"
"2011-06-11",149.94,-4.57,5.5,"1 week ago"
"2011-06-11",96.78,1.17,5.3,"1 week ago"
"2011-06-11",168.38,-20.21,5.1,"1 week ago"
"2011-06-11",142.32,39.03,5,"1 week ago"
"2011-06-11",142.15,37.26,5,"1 week ago"
"2011-06-11",140.77,36.48,5.4,"1 week ago"
"2011-06-11",150.57,-3.55,5,"1 week ago"
"2011-06-11",130.17,-6.37,5.1,"1 week ago"
"2011-06-11",-178.06,-30.42,5.6,"1 week ago"
"2011-06-11",147.87,-6.62,5.2,"1 week ago"
"2011-06-11",150.42,-6.71,5,"1 week ago"
"2011-06-11",-69.37,-23.98,5,"1 week ago"
"2011-06-11",-122.74,-6.73,5.1,"1 week ago"
"2011-06-11",-173.2,-17.29,5.3,"1 week ago"
"2011-06-11",142.16,38.31,5,"1 week ago"
"2011-06-11",-14.02,-58.27,5.4,"this week"
"2011-06-11",168.16,-44.31,5.2,"this week"
"2011-06-11",171.33,-14.34,5.2,"this week"
"2011-06-11",-88.48,12.79,5,"this week"
"2011-06-11",164.2,56.26,5.2,"this week"
"2011-06-11",41.69,13.42,5.1,"this week"
"2011-06-11",41.8,13.3,5,"this week"
"2011-06-11",143.73,-4.66,5,"this week"
"2011-06-11",41.74,13.41,5.6,"this week"
"2011-06-11",129.96,28.1,5,"this week"
"2011-06-11",41.64,13.53,5.4,"this week"
"2011-06-11",-56.73,-60.53,5.1,"this week"
"2011-06-11",172.76,-43.58,5.2,"this week"
"2011-06-11",172.74,-43.56,5.9,"this week"
"2011-06-11",143.02,39.91,5.1,"this week"
"2011-06-11",-177.52,-19.19,5.3,"this week"
"2011-06-11",126.46,2.52,6.3,"this week"
"2011-06-11",-27.33,-56.12,5.3,"this week"
"2011-06-11",-25.52,-56.35,5.1,"this week"
"2011-06-11",99.22,1.83,5.5,"this week"
"2011-06-11",99.11,1.84,5.6,"this week"
"2011-06-11",153.29,-5.09,5,"this week"
"2011-06-11",145.24,43.22,5,"this week"
"2011-06-11",143.51,37.73,5.7,"this week"
"2011-06-11",142.39,39.48,5.4,"this week"
"2011-06-11",170.01,-21.6,5,"this week"
"2011-06-11",57.77,27.78,5.5,"this week"
"2011-06-11",144.11,26.79,5.3,"this week"
"2011-06-11",-57.94,-62.03,5,"this week"
"2011-06-11",151.04,-5.93,6.4,"this week"
"2011-06-11",77.85,-33.6,5.1,"this week"
"2011-06-11",151.26,-5.88,5.3,"this week"
"2011-06-11",151.22,-5.91,5.1,"this week"
"2011-06-11",151.25,-5.86,5.1,"this week"
"2011-06-11",151.16,-5.83,5,"this week"
"2011-06-11",143.2,39.8,5,"this week"
"2011-06-11",151.28,-5.92,5,"this week"
"2011-06-11",-151.08,60.76,5.1,"this week"
"2011-06-11",148.13,-56.84,5,"this week"
"2011-06-11",104.68,-6.96,5,"this week"
"2011-06-11",151.18,-5.93,5.3,"this week"
"2011-06-11",-94.24,-36.83,5.1,"this week"
"2011-06-11",41.73,13.3,5.6,"this week"
"2011-06-11",156.2,48.59,5.4,"this week"
"2011-06-11",69.53,-23.88,5.4,"this week"
"2011-06-18",168.53,-20.06,5.1,"3 weeks ago"
"2011-06-18",142.02,36.29,5,"3 weeks ago"
"2011-06-18",143.59,37.42,5,"3 weeks ago"
"2011-06-18",165.8,-11.5,5.1,"3 weeks ago"
"2011-06-18",103.49,-5.7,5.7,"3 weeks ago"
"2011-06-18",-178.53,-27.47,5.5,"3 weeks ago"
"2011-06-18",-178.52,-27.26,5.5,"3 weeks ago"
"2011-06-18",127.67,4.69,5.4,"3 weeks ago"
"2011-06-18",108.75,-8.76,5.1,"3 weeks ago"
"2011-06-18",149.31,-5.85,5.1,"3 weeks ago"
"2011-06-18",129.79,-6.6,5,"3 weeks ago"
"2011-06-18",101.76,-7.72,5.9,"3 weeks ago"
"2011-06-18",68.61,-4.9,5.3,"3 weeks ago"
"2011-06-18",-173.56,-15.18,5.3,"3 weeks ago"
"2011-06-18",-96.84,-37.04,5,"3 weeks ago"
"2011-06-18",143.21,40.29,5.1,"3 weeks ago"
"2011-06-18",141.79,39.41,5.4,"3 weeks ago"
"2011-06-18",143.22,40.25,5,"3 weeks ago"
"2011-06-18",169.84,-21.49,5,"3 weeks ago"
"2011-06-18",143.57,39.74,5.2,"3 weeks ago"
"2011-06-18",-73.69,-37.58,6.3,"3 weeks ago"
"2011-06-18",-73.67,-37.49,5.4,"3 weeks ago"
"2011-06-18",-100.19,-36.15,5.1,"3 weeks ago"
"2011-06-18",-177.94,-31.96,5.2,"3 weeks ago"
"2011-06-18",167.35,-14.7,5,"3 weeks ago"
"2011-06-18",-75.77,4.79,5,"3 weeks ago"
"2011-06-18",140.29,27.03,5.2,"3 weeks ago"
"2011-06-18",161.23,-10.45,5.3,"3 weeks ago"
"2011-06-18",-13.21,-11.7,5.2,"3 weeks ago"
"2011-06-18",169.77,-19.53,5.1,"3 weeks ago"
"2011-06-18",-101.32,18.69,5.3,"3 weeks ago"
"2011-06-18",121.41,22.24,5,"3 weeks ago"
"2011-06-18",143.91,37.28,6.1,"3 weeks ago"
"2011-06-18",88.02,27.53,5,"3 weeks ago"
"2011-06-18",168.3,-20.21,5,"3 weeks ago"
"2011-06-18",92.46,9.63,5.5,"3 weeks ago"
"2011-06-18",-25.56,-55.66,5.1,"3 weeks ago"
"2011-06-18",140.91,37.07,5.5,"3 weeks ago"
"2011-06-18",132.32,35.03,5,"3 weeks ago"
"2011-06-18",167.46,-15.98,5.1,"2 weeks ago"
"2011-06-18",-74.63,-7.74,5,"2 weeks ago"
"2011-06-18",-71.9,-40.55,5,"2 weeks ago"
"2011-06-18",168.36,-20.28,5.1,"2 weeks ago"
"2011-06-18",154.19,-8.17,5.2,"2 weeks ago"
"2011-06-18",144.29,12.62,5,"2 weeks ago"
"2011-06-18",152.08,-3.69,5.4,"2 weeks ago"
"2011-06-18",151.95,-3.66,5,"2 weeks ago"
"2011-06-18",-72.19,-35,5.3,"2 weeks ago"
"2011-06-18",146.62,-55.84,6.4,"2 weeks ago"
"2011-06-18",-177.89,-15.12,5.9,"2 weeks ago"
"2011-06-18",-177.85,-14.99,5.4,"2 weeks ago"
"2011-06-18",172.39,-43.58,5,"2 weeks ago"
"2011-06-18",-178.86,-24.31,5.2,"2 weeks ago"
"2011-06-18",-15.81,-44.44,5.3,"2 weeks ago"
"2011-06-18",-16.04,-44.18,5.6,"2 weeks ago"
"2011-06-18",-113.12,-28.19,5,"2 weeks ago"
"2011-06-18",154.2,48.36,5.3,"2 weeks ago"
"2011-06-18",-93.08,15.36,5.3,"2 weeks ago"
"2011-06-18",88.25,43.02,5.1,"2 weeks ago"
"2011-06-18",88.42,43.01,5,"2 weeks ago"
"2011-06-18",-69.52,-17.08,5.9,"2 weeks ago"
"2011-06-18",168.37,-20.21,5.1,"2 weeks ago"
"2011-06-18",-82.5,5,5.2,"2 weeks ago"
"2011-06-18",149.94,-4.57,5.5,"2 weeks ago"
"2011-06-18",96.78,1.17,5.3,"2 weeks ago"
"2011-06-18",168.38,-20.21,5.1,"2 weeks ago"
"2011-06-18",142.32,39.03,5,"2 weeks ago"
"2011-06-18",142.15,37.26,5,"2 weeks ago"
"2011-06-18",140.77,36.48,5.4,"2 weeks ago"
"2011-06-18",150.57,-3.55,5,"2 weeks ago"
"2011-06-18",130.17,-6.37,5.1,"2 weeks ago"
"2011-06-18",-178.06,-30.42,5.6,"2 weeks ago"
"2011-06-18",147.87,-6.62,5.2,"2 weeks ago"
"2011-06-18",150.42,-6.71,5,"2 weeks ago"
"2011-06-18",-69.37,-23.98,5,"2 weeks ago"
"2011-06-18",-122.74,-6.73,5.1,"2 weeks ago"
"2011-06-18",-173.2,-17.29,5.3,"2 weeks ago"
"2011-06-18",142.16,38.31,5,"2 weeks ago"
"2011-06-18",-14.02,-58.27,5.4,"1 week ago"
"2011-06-18",168.16,-44.31,5.2,"1 week ago"
"2011-06-18",171.33,-14.34,5.2,"1 week ago"
"2011-06-18",-88.48,12.79,5,"1 week ago"
"2011-06-18",164.2,56.26,5.2,"1 week ago"
"2011-06-18",41.69,13.42,5.1,"1 week ago"
"2011-06-18",41.8,13.3,5,"1 week ago"
"2011-06-18",143.73,-4.66,5,"1 week ago"
"2011-06-18",41.74,13.41,5.6,"1 week ago"
"2011-06-18",129.96,28.1,5,"1 week ago"
"2011-06-18",41.64,13.53,5.4,"1 week ago"
"2011-06-18",-56.73,-60.53,5.1,"1 week ago"
"2011-06-18",172.76,-43.58,5.2,"1 week ago"
"2011-06-18",172.74,-43.56,5.9,"1 week ago"
"2011-06-18",143.02,39.91,5.1,"1 week ago"
"2011-06-18",-177.52,-19.19,5.3,"1 week ago"
"2011-06-18",126.46,2.52,6.3,"1 week ago"
"2011-06-18",-27.33,-56.12,5.3,"1 week ago"
"2011-06-18",-25.52,-56.35,5.1,"1 week ago"
"2011-06-18",99.22,1.83,5.5,"1 week ago"
"2011-06-18",99.11,1.84,5.6,"1 week ago"
"2011-06-18",153.29,-5.09,5,"1 week ago"
"2011-06-18",145.24,43.22,5,"1 week ago"
"2011-06-18",143.51,37.73,5.7,"1 week ago"
"2011-06-18",142.39,39.48,5.4,"1 week ago"
"2011-06-18",170.01,-21.6,5,"1 week ago"
"2011-06-18",57.77,27.78,5.5,"1 week ago"
"2011-06-18",144.11,26.79,5.3,"1 week ago"
"2011-06-18",-57.94,-62.03,5,"1 week ago"
"2011-06-18",151.04,-5.93,6.4,"1 week ago"
"2011-06-18",77.85,-33.6,5.1,"1 week ago"
"2011-06-18",151.26,-5.88,5.3,"1 week ago"
"2011-06-18",151.22,-5.91,5.1,"1 week ago"
"2011-06-18",151.25,-5.86,5.1,"1 week ago"
"2011-06-18",151.16,-5.83,5,"1 week ago"
"2011-06-18",143.2,39.8,5,"1 week ago"
"2011-06-18",151.28,-5.92,5,"1 week ago"
"2011-06-18",-151.08,60.76,5.1,"1 week ago"
"2011-06-18",148.13,-56.84,5,"1 week ago"
"2011-06-18",104.68,-6.96,5,"1 week ago"
"2011-06-18",151.18,-5.93,5.3,"1 week ago"
"2011-06-18",-94.24,-36.83,5.1,"1 week ago"
"2011-06-18",41.73,13.3,5.6,"1 week ago"
"2011-06-18",156.2,48.59,5.4,"1 week ago"
"2011-06-18",69.53,-23.88,5.4,"1 week ago"
"2011-06-18",145.84,-5.34,5.1,"this week"
"2011-06-18",172.06,-63.64,5.4,"this week"
"2011-06-18",172.56,-64.3,5.4,"this week"
"2011-06-18",-127,41.88,5.2,"this week"
"2011-06-18",141.66,37.66,5.7,"this week"
"2011-06-18",146.59,-6.32,5.1,"this week"
"2011-06-18",99.11,1.85,5,"this week"
"2011-06-18",-91.64,14.02,5.5,"this week"
"2011-06-18",-175.9,-19.41,5.3,"this week"
"2011-06-18",-80.98,-5.96,5.5,"this week"
"2011-06-18",101.36,-3.25,5.4,"this week"
"2011-06-18",-27.41,-56.05,5.2,"this week"
"2011-06-18",-129.49,-54.89,5.5,"this week"
"2011-06-18",-82.2,7.32,5.1,"this week"
"2011-06-18",-178.25,-15.02,5.4,"this week"
"2011-06-18",-173.61,-15.21,5.2,"this week"
"2011-06-18",-115.56,-49.73,5.1,"this week"
"2011-06-18",98.72,25.08,5,"this week"
"2011-06-18",-82.62,4.56,5,"this week"
"2011-06-18",-68.23,-21.7,6.4,"this week"
"2011-06-18",167.21,-13.29,5.7,"this week"
"2011-06-18",-35.29,53.43,5.1,"this week"
"2011-06-18",-35.3,53.46,5.1,"this week"
"2011-06-18",165.55,-11.48,6,"this week"
"2011-06-18",141.31,35.62,5.4,"this week"
"2011-06-18",172.52,-43.6,5.2,"this week"
"2011-06-18",-177.71,-30.53,5.1,"this week"
"2011-06-18",72.5,39.21,5,"this week"
"2011-06-18",100.14,-1.84,5.1,"this week"
"2011-06-18",179.17,51.3,5,"this week"
"2011-06-18",-66.56,-27.96,5.3,"this week"
"2011-06-18",142.78,40.05,5.7,"this week"
"2011-06-18",147.92,-57.76,5.2,"this week"
"2011-06-18",144.26,37.7,5.1,"this week"
"2011-06-18",142.21,39.95,6.7,"this week"
"2011-06-18",-179.24,-21.74,5.2,"this week"
"2011-06-18",-173.5,-14.97,5.4,"this week"
"2011-06-18",39.64,38.58,5.2,"this week"
"2011-06-18",141.44,38.48,5.3,"this week"
"2011-06-18",131.47,30.28,5.1,"this week"
"2011-06-18",-25.39,0.6,5.2,"this week"
"2011-06-18",-171.84,52.05,7.3,"this week"
"2011-06-18",66.35,-12.71,5.1,"this week"
"2011-06-18",66.25,-12.7,5.3,"this week"
"2011-06-18",66.26,-12.73,5.1,"this week"
"2011-06-18",165.93,-10.93,6.1,"this week"
"2011-06-18",-179.11,-31.63,5,"this week"
"2011-06-18",123.57,6.65,5.3,"this week"
"2011-06-18",142.55,42.05,5.5,"this week"
"2011-06-18",-31.09,-54.69,5.2,"this week"
"2011-06-25",167.46,-15.98,5.1,"3 weeks ago"
"2011-06-25",-74.63,-7.74,5,"3 weeks ago"
"2011-06-25",-71.9,-40.55,5,"3 weeks ago"
"2011-06-25",168.36,-20.28,5.1,"3 weeks ago"
"2011-06-25",154.19,-8.17,5.2,"3 weeks ago"
"2011-06-25",144.29,12.62,5,"3 weeks ago"
"2011-06-25",152.08,-3.69,5.4,"3 weeks ago"
"2011-06-25",151.95,-3.66,5,"3 weeks ago"
"2011-06-25",-72.19,-35,5.3,"3 weeks ago"
"2011-06-25",146.62,-55.84,6.4,"3 weeks ago"
"2011-06-25",-177.89,-15.12,5.9,"3 weeks ago"
"2011-06-25",-177.85,-14.99,5.4,"3 weeks ago"
"2011-06-25",172.39,-43.58,5,"3 weeks ago"
"2011-06-25",-178.86,-24.31,5.2,"3 weeks ago"
"2011-06-25",-15.81,-44.44,5.3,"3 weeks ago"
"2011-06-25",-16.04,-44.18,5.6,"3 weeks ago"
"2011-06-25",-113.12,-28.19,5,"3 weeks ago"
"2011-06-25",154.2,48.36,5.3,"3 weeks ago"
"2011-06-25",-93.08,15.36,5.3,"3 weeks ago"
"2011-06-25",88.25,43.02,5.1,"3 weeks ago"
"2011-06-25",88.42,43.01,5,"3 weeks ago"
"2011-06-25",-69.52,-17.08,5.9,"3 weeks ago"
"2011-06-25",168.37,-20.21,5.1,"3 weeks ago"
"2011-06-25",-82.5,5,5.2,"3 weeks ago"
"2011-06-25",149.94,-4.57,5.5,"3 weeks ago"
"2011-06-25",96.78,1.17,5.3,"3 weeks ago"
"2011-06-25",168.38,-20.21,5.1,"3 weeks ago"
"2011-06-25",142.32,39.03,5,"3 weeks ago"
"2011-06-25",142.15,37.26,5,"3 weeks ago"
"2011-06-25",140.77,36.48,5.4,"3 weeks ago"
"2011-06-25",150.57,-3.55,5,"3 weeks ago"
"2011-06-25",130.17,-6.37,5.1,"3 weeks ago"
"2011-06-25",-178.06,-30.42,5.6,"3 weeks ago"
"2011-06-25",147.87,-6.62,5.2,"3 weeks ago"
"2011-06-25",150.42,-6.71,5,"3 weeks ago"
"2011-06-25",-69.37,-23.98,5,"3 weeks ago"
"2011-06-25",-122.74,-6.73,5.1,"3 weeks ago"
"2011-06-25",-173.2,-17.29,5.3,"3 weeks ago"
"2011-06-25",142.16,38.31,5,"3 weeks ago"
"2011-06-25",-14.02,-58.27,5.4,"2 weeks ago"
"2011-06-25",168.16,-44.31,5.2,"2 weeks ago"
"2011-06-25",171.33,-14.34,5.2,"2 weeks ago"
"2011-06-25",-88.48,12.79,5,"2 weeks ago"
"2011-06-25",164.2,56.26,5.2,"2 weeks ago"
"2011-06-25",41.69,13.42,5.1,"2 weeks ago"
"2011-06-25",41.8,13.3,5,"2 weeks ago"
"2011-06-25",143.73,-4.66,5,"2 weeks ago"
"2011-06-25",41.74,13.41,5.6,"2 weeks ago"
"2011-06-25",129.96,28.1,5,"2 weeks ago"
"2011-06-25",41.64,13.53,5.4,"2 weeks ago"
"2011-06-25",-56.73,-60.53,5.1,"2 weeks ago"
"2011-06-25",172.76,-43.58,5.2,"2 weeks ago"
"2011-06-25",172.74,-43.56,5.9,"2 weeks ago"
"2011-06-25",143.02,39.91,5.1,"2 weeks ago"
"2011-06-25",-177.52,-19.19,5.3,"2 weeks ago"
"2011-06-25",126.46,2.52,6.3,"2 weeks ago"
"2011-06-25",-27.33,-56.12,5.3,"2 weeks ago"
"2011-06-25",-25.52,-56.35,5.1,"2 weeks ago"
"2011-06-25",99.22,1.83,5.5,"2 weeks ago"
"2011-06-25",99.11,1.84,5.6,"2 weeks ago"
"2011-06-25",153.29,-5.09,5,"2 weeks ago"
"2011-06-25",145.24,43.22,5,"2 weeks ago"
"2011-06-25",143.51,37.73,5.7,"2 weeks ago"
"2011-06-25",142.39,39.48,5.4,"2 weeks ago"
"2011-06-25",170.01,-21.6,5,"2 weeks ago"
"2011-06-25",57.77,27.78,5.5,"2 weeks ago"
"2011-06-25",144.11,26.79,5.3,"2 weeks ago"
"2011-06-25",-57.94,-62.03,5,"2 weeks ago"
"2011-06-25",151.04,-5.93,6.4,"2 weeks ago"
"2011-06-25",77.85,-33.6,5.1,"2 weeks ago"
"2011-06-25",151.26,-5.88,5.3,"2 weeks ago"
"2011-06-25",151.22,-5.91,5.1,"2 weeks ago"
"2011-06-25",151.25,-5.86,5.1,"2 weeks ago"
"2011-06-25",151.16,-5.83,5,"2 weeks ago"
"2011-06-25",143.2,39.8,5,"2 weeks ago"
"2011-06-25",151.28,-5.92,5,"2 weeks ago"
"2011-06-25",-151.08,60.76,5.1,"2 weeks ago"
"2011-06-25",148.13,-56.84,5,"2 weeks ago"
"2011-06-25",104.68,-6.96,5,"2 weeks ago"
"2011-06-25",151.18,-5.93,5.3,"2 weeks ago"
"2011-06-25",-94.24,-36.83,5.1,"2 weeks ago"
"2011-06-25",41.73,13.3,5.6,"2 weeks ago"
"2011-06-25",156.2,48.59,5.4,"2 weeks ago"
"2011-06-25",69.53,-23.88,5.4,"2 weeks ago"
"2011-06-25",145.84,-5.34,5.1,"1 week ago"
"2011-06-25",172.06,-63.64,5.4,"1 week ago"
"2011-06-25",172.56,-64.3,5.4,"1 week ago"
"2011-06-25",-127,41.88,5.2,"1 week ago"
"2011-06-25",141.66,37.66,5.7,"1 week ago"
"2011-06-25",146.59,-6.32,5.1,"1 week ago"
"2011-06-25",99.11,1.85,5,"1 week ago"
"2011-06-25",-91.64,14.02,5.5,"1 week ago"
"2011-06-25",-175.9,-19.41,5.3,"1 week ago"
"2011-06-25",-80.98,-5.96,5.5,"1 week ago"
"2011-06-25",101.36,-3.25,5.4,"1 week ago"
"2011-06-25",-27.41,-56.05,5.2,"1 week ago"
"2011-06-25",-129.49,-54.89,5.5,"1 week ago"
"2011-06-25",-82.2,7.32,5.1,"1 week ago"
"2011-06-25",-178.25,-15.02,5.4,"1 week ago"
"2011-06-25",-173.61,-15.21,5.2,"1 week ago"
"2011-06-25",-115.56,-49.73,5.1,"1 week ago"
"2011-06-25",98.72,25.08,5,"1 week ago"
"2011-06-25",-82.62,4.56,5,"1 week ago"
"2011-06-25",-68.23,-21.7,6.4,"1 week ago"
"2011-06-25",167.21,-13.29,5.7,"1 week ago"
"2011-06-25",-35.29,53.43,5.1,"1 week ago"
"2011-06-25",-35.3,53.46,5.1,"1 week ago"
"2011-06-25",165.55,-11.48,6,"1 week ago"
"2011-06-25",141.31,35.62,5.4,"1 week ago"
"2011-06-25",172.52,-43.6,5.2,"1 week ago"
"2011-06-25",-177.71,-30.53,5.1,"1 week ago"
"2011-06-25",72.5,39.21,5,"1 week ago"
"2011-06-25",100.14,-1.84,5.1,"1 week ago"
"2011-06-25",179.17,51.3,5,"1 week ago"
"2011-06-25",-66.56,-27.96,5.3,"1 week ago"
"2011-06-25",142.78,40.05,5.7,"1 week ago"
"2011-06-25",147.92,-57.76,5.2,"1 week ago"
"2011-06-25",144.26,37.7,5.1,"1 week ago"
"2011-06-25",142.21,39.95,6.7,"1 week ago"
"2011-06-25",-179.24,-21.74,5.2,"1 week ago"
"2011-06-25",-173.5,-14.97,5.4,"1 week ago"
"2011-06-25",39.64,38.58,5.2,"1 week ago"
"2011-06-25",141.44,38.48,5.3,"1 week ago"
"2011-06-25",131.47,30.28,5.1,"1 week ago"
"2011-06-25",-25.39,0.6,5.2,"1 week ago"
"2011-06-25",-171.84,52.05,7.3,"1 week ago"
"2011-06-25",66.35,-12.71,5.1,"1 week ago"
"2011-06-25",66.25,-12.7,5.3,"1 week ago"
"2011-06-25",66.26,-12.73,5.1,"1 week ago"
"2011-06-25",165.93,-10.93,6.1,"1 week ago"
"2011-06-25",-179.11,-31.63,5,"1 week ago"
"2011-06-25",123.57,6.65,5.3,"1 week ago"
"2011-06-25",142.55,42.05,5.5,"1 week ago"
"2011-06-25",-31.09,-54.69,5.2,"1 week ago"
"2011-06-25",179.37,-24.51,5.6,"this week"
"2011-06-25",95.95,32.45,5.3,"this week"
"2011-06-25",146.28,18.86,5.5,"this week"
"2011-06-25",136.63,-2.38,6.3,"this week"
"2011-06-25",136.66,-2.41,5.6,"this week"
"2011-06-25",136.68,-2.27,5.3,"this week"
"2011-06-25",136.61,-2.17,5.4,"this week"
"2011-06-25",136.65,-2.26,5,"this week"
"2011-06-25",136.7,-2.41,5.4,"this week"
"2011-06-25",57.63,30.21,5.1,"this week"
"2011-06-25",-173.69,-17.11,5.5,"this week"
"2011-06-25",136.67,-2.31,5,"this week"
"2011-06-25",-128.15,-54.6,5,"this week"
"2011-06-25",-178.9,-33.08,5,"this week"
"2011-06-25",122.47,-8.93,5.5,"this week"
"2011-06-25",-123.2,-56,5.4,"this week"
"2011-06-25",170.8,-63.58,5.4,"this week"
"2011-06-25",179.15,-65.28,5.3,"this week"
"2011-06-25",-171.76,52,5.8,"this week"
"2011-06-25",-171.7,52.09,5.8,"this week"
"2011-06-25",-171.67,52.01,5.4,"this week"
"2011-06-25",-177.29,-16.75,5.3,"this week"
"2011-06-25",-171.64,51.72,5.4,"this week"
"2011-06-25",143.8,40.53,5.2,"this week"
"2011-06-25",125.23,4.68,5.3,"this week"
"2011-06-25",-171.76,51.72,5.2,"this week"
"2011-06-25",-173.4,-15.32,5.1,"this week"
"2011-06-25",101.89,-5.04,5.2,"this week"
"2011-06-25",-72.34,-33.91,5.5,"this week"
"2011-06-25",-71.34,-32.24,5,"this week"
"2011-06-25",125.32,13.47,5.2,"this week"
"2011-06-25",140.46,35.6,5,"this week"
"2011-06-25",137.68,36.26,5,"this week"
"2011-06-25",153.98,-61.19,5.3,"this week"
"2011-06-25",-175.91,-23.48,5.6,"this week"
"2011-06-25",-175.85,-23.54,5.7,"this week"
"2011-06-25",-175.88,-23.57,5.5,"this week"
"2011-06-25",68,-7.11,5.4,"this week"
"2011-06-25",-176.04,-23.27,5,"this week"
"2011-06-25",121.74,0.94,5,"this week"
"2011-06-25",146.58,13.09,5.6,"this week"
"2011-06-25",147.85,-6.63,5.6,"this week"
"2011-07-02",-14.02,-58.27,5.4,"3 weeks ago"
"2011-07-02",168.16,-44.31,5.2,"3 weeks ago"
"2011-07-02",171.33,-14.34,5.2,"3 weeks ago"
"2011-07-02",-88.48,12.79,5,"3 weeks ago"
"2011-07-02",164.2,56.26,5.2,"3 weeks ago"
"2011-07-02",41.69,13.42,5.1,"3 weeks ago"
"2011-07-02",41.8,13.3,5,"3 weeks ago"
"2011-07-02",143.73,-4.66,5,"3 weeks ago"
"2011-07-02",41.74,13.41,5.6,"3 weeks ago"
"2011-07-02",129.96,28.1,5,"3 weeks ago"
"2011-07-02",41.64,13.53,5.4,"3 weeks ago"
"2011-07-02",-56.73,-60.53,5.1,"3 weeks ago"
"2011-07-02",172.76,-43.58,5.2,"3 weeks ago"
"2011-07-02",172.74,-43.56,5.9,"3 weeks ago"
"2011-07-02",143.02,39.91,5.1,"3 weeks ago"
"2011-07-02",-177.52,-19.19,5.3,"3 weeks ago"
"2011-07-02",126.46,2.52,6.3,"3 weeks ago"
"2011-07-02",-27.33,-56.12,5.3,"3 weeks ago"
"2011-07-02",-25.52,-56.35,5.1,"3 weeks ago"
"2011-07-02",99.22,1.83,5.5,"3 weeks ago"
"2011-07-02",99.11,1.84,5.6,"3 weeks ago"
"2011-07-02",153.29,-5.09,5,"3 weeks ago"
"2011-07-02",145.24,43.22,5,"3 weeks ago"
"2011-07-02",143.51,37.73,5.7,"3 weeks ago"
"2011-07-02",142.39,39.48,5.4,"3 weeks ago"
"2011-07-02",170.01,-21.6,5,"3 weeks ago"
"2011-07-02",57.77,27.78,5.5,"3 weeks ago"
"2011-07-02",144.11,26.79,5.3,"3 weeks ago"
"2011-07-02",-57.94,-62.03,5,"3 weeks ago"
"2011-07-02",151.04,-5.93,6.4,"3 weeks ago"
"2011-07-02",77.85,-33.6,5.1,"3 weeks ago"
"2011-07-02",151.26,-5.88,5.3,"3 weeks ago"
"2011-07-02",151.22,-5.91,5.1,"3 weeks ago"
"2011-07-02",151.25,-5.86,5.1,"3 weeks ago"
"2011-07-02",151.16,-5.83,5,"3 weeks ago"
"2011-07-02",143.2,39.8,5,"3 weeks ago"
"2011-07-02",151.28,-5.92,5,"3 weeks ago"
"2011-07-02",-151.08,60.76,5.1,"3 weeks ago"
"2011-07-02",148.13,-56.84,5,"3 weeks ago"
"2011-07-02",104.68,-6.96,5,"3 weeks ago"
"2011-07-02",151.18,-5.93,5.3,"3 weeks ago"
"2011-07-02",-94.24,-36.83,5.1,"3 weeks ago"
"2011-07-02",41.73,13.3,5.6,"3 weeks ago"
"2011-07-02",156.2,48.59,5.4,"3 weeks ago"
"2011-07-02",69.53,-23.88,5.4,"3 weeks ago"
"2011-07-02",145.84,-5.34,5.1,"2 weeks ago"
"2011-07-02",172.06,-63.64,5.4,"2 weeks ago"
"2011-07-02",172.56,-64.3,5.4,"2 weeks ago"
"2011-07-02",-127,41.88,5.2,"2 weeks ago"
"2011-07-02",141.66,37.66,5.7,"2 weeks ago"
"2011-07-02",146.59,-6.32,5.1,"2 weeks ago"
"2011-07-02",99.11,1.85,5,"2 weeks ago"
"2011-07-02",-91.64,14.02,5.5,"2 weeks ago"
"2011-07-02",-175.9,-19.41,5.3,"2 weeks ago"
"2011-07-02",-80.98,-5.96,5.5,"2 weeks ago"
"2011-07-02",101.36,-3.25,5.4,"2 weeks ago"
"2011-07-02",-27.41,-56.05,5.2,"2 weeks ago"
"2011-07-02",-129.49,-54.89,5.5,"2 weeks ago"
"2011-07-02",-82.2,7.32,5.1,"2 weeks ago"
"2011-07-02",-178.25,-15.02,5.4,"2 weeks ago"
"2011-07-02",-173.61,-15.21,5.2,"2 weeks ago"
"2011-07-02",-115.56,-49.73,5.1,"2 weeks ago"
"2011-07-02",98.72,25.08,5,"2 weeks ago"
"2011-07-02",-82.62,4.56,5,"2 weeks ago"
"2011-07-02",-68.23,-21.7,6.4,"2 weeks ago"
"2011-07-02",167.21,-13.29,5.7,"2 weeks ago"
"2011-07-02",-35.29,53.43,5.1,"2 weeks ago"
"2011-07-02",-35.3,53.46,5.1,"2 weeks ago"
"2011-07-02",165.55,-11.48,6,"2 weeks ago"
"2011-07-02",141.31,35.62,5.4,"2 weeks ago"
"2011-07-02",172.52,-43.6,5.2,"2 weeks ago"
"2011-07-02",-177.71,-30.53,5.1,"2 weeks ago"
"2011-07-02",72.5,39.21,5,"2 weeks ago"
"2011-07-02",100.14,-1.84,5.1,"2 weeks ago"
"2011-07-02",179.17,51.3,5,"2 weeks ago"
"2011-07-02",-66.56,-27.96,5.3,"2 weeks ago"
"2011-07-02",142.78,40.05,5.7,"2 weeks ago"
"2011-07-02",147.92,-57.76,5.2,"2 weeks ago"
"2011-07-02",144.26,37.7,5.1,"2 weeks ago"
"2011-07-02",142.21,39.95,6.7,"2 weeks ago"
"2011-07-02",-179.24,-21.74,5.2,"2 weeks ago"
"2011-07-02",-173.5,-14.97,5.4,"2 weeks ago"
"2011-07-02",39.64,38.58,5.2,"2 weeks ago"
"2011-07-02",141.44,38.48,5.3,"2 weeks ago"
"2011-07-02",131.47,30.28,5.1,"2 weeks ago"
"2011-07-02",-25.39,0.6,5.2,"2 weeks ago"
"2011-07-02",-171.84,52.05,7.3,"2 weeks ago"
"2011-07-02",66.35,-12.71,5.1,"2 weeks ago"
"2011-07-02",66.25,-12.7,5.3,"2 weeks ago"
"2011-07-02",66.26,-12.73,5.1,"2 weeks ago"
"2011-07-02",165.93,-10.93,6.1,"2 weeks ago"
"2011-07-02",-179.11,-31.63,5,"2 weeks ago"
"2011-07-02",123.57,6.65,5.3,"2 weeks ago"
"2011-07-02",142.55,42.05,5.5,"2 weeks ago"
"2011-07-02",-31.09,-54.69,5.2,"2 weeks ago"
"2011-07-02",179.37,-24.51,5.6,"1 week ago"
"2011-07-02",95.95,32.45,5.3,"1 week ago"
"2011-07-02",146.28,18.86,5.5,"1 week ago"
"2011-07-02",136.63,-2.38,6.3,"1 week ago"
"2011-07-02",136.66,-2.41,5.6,"1 week ago"
"2011-07-02",136.68,-2.27,5.3,"1 week ago"
"2011-07-02",136.61,-2.17,5.4,"1 week ago"
"2011-07-02",136.65,-2.26,5,"1 week ago"
"2011-07-02",136.7,-2.41,5.4,"1 week ago"
"2011-07-02",57.63,30.21,5.1,"1 week ago"
"2011-07-02",-173.69,-17.11,5.5,"1 week ago"
"2011-07-02",136.67,-2.31,5,"1 week ago"
"2011-07-02",-128.15,-54.6,5,"1 week ago"
"2011-07-02",-178.9,-33.08,5,"1 week ago"
"2011-07-02",122.47,-8.93,5.5,"1 week ago"
"2011-07-02",-123.2,-56,5.4,"1 week ago"
"2011-07-02",170.8,-63.58,5.4,"1 week ago"
"2011-07-02",179.15,-65.28,5.3,"1 week ago"
"2011-07-02",-171.76,52,5.8,"1 week ago"
"2011-07-02",-171.7,52.09,5.8,"1 week ago"
"2011-07-02",-171.67,52.01,5.4,"1 week ago"
"2011-07-02",-177.29,-16.75,5.3,"1 week ago"
"2011-07-02",-171.64,51.72,5.4,"1 week ago"
"2011-07-02",143.8,40.53,5.2,"1 week ago"
"2011-07-02",125.23,4.68,5.3,"1 week ago"
"2011-07-02",-171.76,51.72,5.2,"1 week ago"
"2011-07-02",-173.4,-15.32,5.1,"1 week ago"
"2011-07-02",101.89,-5.04,5.2,"1 week ago"
"2011-07-02",-72.34,-33.91,5.5,"1 week ago"
"2011-07-02",-71.34,-32.24,5,"1 week ago"
"2011-07-02",125.32,13.47,5.2,"1 week ago"
"2011-07-02",140.46,35.6,5,"1 week ago"
"2011-07-02",137.68,36.26,5,"1 week ago"
"2011-07-02",153.98,-61.19,5.3,"1 week ago"
"2011-07-02",-175.91,-23.48,5.6,"1 week ago"
"2011-07-02",-175.85,-23.54,5.7,"1 week ago"
"2011-07-02",-175.88,-23.57,5.5,"1 week ago"
"2011-07-02",68,-7.11,5.4,"1 week ago"
"2011-07-02",-176.04,-23.27,5,"1 week ago"
"2011-07-02",121.74,0.94,5,"1 week ago"
"2011-07-02",146.58,13.09,5.6,"1 week ago"
"2011-07-02",147.85,-6.63,5.6,"1 week ago"
"2011-07-02",85.37,-40.52,5.21,"this week"
"2011-07-02",-173.16,-15.32,5.1,"this week"
"2011-07-02",-87.62,12.33,5.7,"this week"
"2011-07-02",130.54,-5.96,5.1,"this week"
"2011-07-02",149.46,46,5.1,"this week"
"2011-07-02",177.02,-40.79,5.3,"this week"
"2011-07-02",97.17,1.42,5.2,"this week"
"2011-07-02",-157.8,55.13,5.2,"this week"
"2011-07-02",-175.55,-23.52,5.1,"this week"
"2011-07-02",175.75,-38.67,5.5,"this week"
"2011-07-02",135.14,33.99,5,"this week"
"2011-07-02",-68.25,-19.63,5,"this week"
"2011-07-02",-176.02,-14.81,5.7,"this week"
"2011-07-02",97.06,1.4,5,"this week"
"2011-07-02",138.68,-1.67,5.1,"this week"
"2011-07-02",-177.49,-16.43,5.3,"this week"
"2011-07-02",-177.49,-16.5,5.3,"this week"
"2011-07-02",141.62,36.37,5.7,"this week"
"2011-07-02",-176.34,-29.54,7.6,"this week"
"2011-07-02",-176.25,-29.57,5.6,"this week"
"2011-07-02",-176.18,-29.43,5.3,"this week"
"2011-07-02",-176.34,-29.43,5,"this week"
"2011-07-02",-176.26,-29.91,5,"this week"
"2011-07-02",-176.64,-29.02,5.2,"this week"
"2011-07-02",-176.16,-29.22,5,"this week"
"2011-07-02",-176.2,-29.51,5.1,"this week"
"2011-07-02",-176.82,-29.12,5,"this week"
"2011-07-02",-176.33,-29.93,5,"this week"
"2011-07-02",-176.34,-29.89,5.5,"this week"
"2011-07-02",-38.06,7.98,5,"this week"
"2011-07-02",-176.71,-28.98,5.7,"this week"
"2011-07-02",-176.61,-29.05,5,"this week"
"2011-07-02",-176.94,-29.15,5.8,"this week"
"2011-07-02",-177.1,-29.08,5.3,"this week"
"2011-07-02",-178.67,-33.73,5,"this week"
"2011-07-02",-178.88,-33.7,5.3,"this week"
"2011-07-02",140.87,37.12,5.5,"this week"
"2011-07-02",-178.71,-17.86,5.4,"this week"
"2011-07-02",7.7,41.95,5.1,"this week"
"2011-07-02",-176.38,-28.91,5.3,"this week"
"2011-07-02",-176.25,-29.88,5.1,"this week"
"2011-07-02",-176.18,-29.58,5.1,"this week"
"2011-07-02",-176.17,-29.39,5,"this week"
"2011-07-02",-176.67,-29.38,5.3,"this week"
"2011-07-02",-176.53,-29.56,5,"this week"
"2011-07-02",-176.94,-29.3,5.4,"this week"
"2011-07-02",123.24,0.13,5.3,"this week"
"2011-07-02",-26.42,0.96,5.6,"this week"
"2011-07-02",142.1,39.87,5,"this week"
"2011-07-02",167.92,-19.23,5,"this week"
"2011-07-02",-175.91,-29.18,5,"this week"
"2011-07-02",-175.73,-29.49,5,"this week"
"2011-07-09",145.84,-5.34,5.1,"3 weeks ago"
"2011-07-09",172.06,-63.64,5.4,"3 weeks ago"
"2011-07-09",172.56,-64.3,5.4,"3 weeks ago"
"2011-07-09",-127,41.88,5.2,"3 weeks ago"
"2011-07-09",141.66,37.66,5.7,"3 weeks ago"
"2011-07-09",146.59,-6.32,5.1,"3 weeks ago"
"2011-07-09",99.11,1.85,5,"3 weeks ago"
"2011-07-09",-91.64,14.02,5.5,"3 weeks ago"
"2011-07-09",-175.9,-19.41,5.3,"3 weeks ago"
"2011-07-09",-80.98,-5.96,5.5,"3 weeks ago"
"2011-07-09",101.36,-3.25,5.4,"3 weeks ago"
"2011-07-09",-27.41,-56.05,5.2,"3 weeks ago"
"2011-07-09",-129.49,-54.89,5.5,"3 weeks ago"
"2011-07-09",-82.2,7.32,5.1,"3 weeks ago"
"2011-07-09",-178.25,-15.02,5.4,"3 weeks ago"
"2011-07-09",-173.61,-15.21,5.2,"3 weeks ago"
"2011-07-09",-115.56,-49.73,5.1,"3 weeks ago"
"2011-07-09",98.72,25.08,5,"3 weeks ago"
"2011-07-09",-82.62,4.56,5,"3 weeks ago"
"2011-07-09",-68.23,-21.7,6.4,"3 weeks ago"
"2011-07-09",167.21,-13.29,5.7,"3 weeks ago"
"2011-07-09",-35.29,53.43,5.1,"3 weeks ago"
"2011-07-09",-35.3,53.46,5.1,"3 weeks ago"
"2011-07-09",165.55,-11.48,6,"3 weeks ago"
"2011-07-09",141.31,35.62,5.4,"3 weeks ago"
"2011-07-09",172.52,-43.6,5.2,"3 weeks ago"
"2011-07-09",-177.71,-30.53,5.1,"3 weeks ago"
"2011-07-09",72.5,39.21,5,"3 weeks ago"
"2011-07-09",100.14,-1.84,5.1,"3 weeks ago"
"2011-07-09",179.17,51.3,5,"3 weeks ago"
"2011-07-09",-66.56,-27.96,5.3,"3 weeks ago"
"2011-07-09",142.78,40.05,5.7,"3 weeks ago"
"2011-07-09",147.92,-57.76,5.2,"3 weeks ago"
"2011-07-09",144.26,37.7,5.1,"3 weeks ago"
"2011-07-09",142.21,39.95,6.7,"3 weeks ago"
"2011-07-09",-179.24,-21.74,5.2,"3 weeks ago"
"2011-07-09",-173.5,-14.97,5.4,"3 weeks ago"
"2011-07-09",39.64,38.58,5.2,"3 weeks ago"
"2011-07-09",141.44,38.48,5.3,"3 weeks ago"
"2011-07-09",131.47,30.28,5.1,"3 weeks ago"
"2011-07-09",-25.39,0.6,5.2,"3 weeks ago"
"2011-07-09",-171.84,52.05,7.3,"3 weeks ago"
"2011-07-09",66.35,-12.71,5.1,"3 weeks ago"
"2011-07-09",66.25,-12.7,5.3,"3 weeks ago"
"2011-07-09",66.26,-12.73,5.1,"3 weeks ago"
"2011-07-09",165.93,-10.93,6.1,"3 weeks ago"
"2011-07-09",-179.11,-31.63,5,"3 weeks ago"
"2011-07-09",123.57,6.65,5.3,"3 weeks ago"
"2011-07-09",142.55,42.05,5.5,"3 weeks ago"
"2011-07-09",-31.09,-54.69,5.2,"3 weeks ago"
"2011-07-09",179.37,-24.51,5.6,"2 weeks ago"
"2011-07-09",95.95,32.45,5.3,"2 weeks ago"
"2011-07-09",146.28,18.86,5.5,"2 weeks ago"
"2011-07-09",136.63,-2.38,6.3,"2 weeks ago"
"2011-07-09",136.66,-2.41,5.6,"2 weeks ago"
"2011-07-09",136.68,-2.27,5.3,"2 weeks ago"
"2011-07-09",136.61,-2.17,5.4,"2 weeks ago"
"2011-07-09",136.65,-2.26,5,"2 weeks ago"
"2011-07-09",136.7,-2.41,5.4,"2 weeks ago"
"2011-07-09",57.63,30.21,5.1,"2 weeks ago"
"2011-07-09",-173.69,-17.11,5.5,"2 weeks ago"
"2011-07-09",136.67,-2.31,5,"2 weeks ago"
"2011-07-09",-128.15,-54.6,5,"2 weeks ago"
"2011-07-09",-178.9,-33.08,5,"2 weeks ago"
"2011-07-09",122.47,-8.93,5.5,"2 weeks ago"
"2011-07-09",-123.2,-56,5.4,"2 weeks ago"
"2011-07-09",170.8,-63.58,5.4,"2 weeks ago"
"2011-07-09",179.15,-65.28,5.3,"2 weeks ago"
"2011-07-09",-171.76,52,5.8,"2 weeks ago"
"2011-07-09",-171.7,52.09,5.8,"2 weeks ago"
"2011-07-09",-171.67,52.01,5.4,"2 weeks ago"
"2011-07-09",-177.29,-16.75,5.3,"2 weeks ago"
"2011-07-09",-171.64,51.72,5.4,"2 weeks ago"
"2011-07-09",143.8,40.53,5.2,"2 weeks ago"
"2011-07-09",125.23,4.68,5.3,"2 weeks ago"
"2011-07-09",-171.76,51.72,5.2,"2 weeks ago"
"2011-07-09",-173.4,-15.32,5.1,"2 weeks ago"
"2011-07-09",101.89,-5.04,5.2,"2 weeks ago"
"2011-07-09",-72.34,-33.91,5.5,"2 weeks ago"
"2011-07-09",-71.34,-32.24,5,"2 weeks ago"
"2011-07-09",125.32,13.47,5.2,"2 weeks ago"
"2011-07-09",140.46,35.6,5,"2 weeks ago"
"2011-07-09",137.68,36.26,5,"2 weeks ago"
"2011-07-09",153.98,-61.19,5.3,"2 weeks ago"
"2011-07-09",-175.91,-23.48,5.6,"2 weeks ago"
"2011-07-09",-175.85,-23.54,5.7,"2 weeks ago"
"2011-07-09",-175.88,-23.57,5.5,"2 weeks ago"
"2011-07-09",68,-7.11,5.4,"2 weeks ago"
"2011-07-09",-176.04,-23.27,5,"2 weeks ago"
"2011-07-09",121.74,0.94,5,"2 weeks ago"
"2011-07-09",146.58,13.09,5.6,"2 weeks ago"
"2011-07-09",147.85,-6.63,5.6,"2 weeks ago"
"2011-07-09",85.37,-40.52,5.21,"1 week ago"
"2011-07-09",-173.16,-15.32,5.1,"1 week ago"
"2011-07-09",-87.62,12.33,5.7,"1 week ago"
"2011-07-09",130.54,-5.96,5.1,"1 week ago"
"2011-07-09",149.46,46,5.1,"1 week ago"
"2011-07-09",177.02,-40.79,5.3,"1 week ago"
"2011-07-09",97.17,1.42,5.2,"1 week ago"
"2011-07-09",-157.8,55.13,5.2,"1 week ago"
"2011-07-09",-175.55,-23.52,5.1,"1 week ago"
"2011-07-09",175.75,-38.67,5.5,"1 week ago"
"2011-07-09",135.14,33.99,5,"1 week ago"
"2011-07-09",-68.25,-19.63,5,"1 week ago"
"2011-07-09",-176.02,-14.81,5.7,"1 week ago"
"2011-07-09",97.06,1.4,5,"1 week ago"
"2011-07-09",138.68,-1.67,5.1,"1 week ago"
"2011-07-09",-177.49,-16.43,5.3,"1 week ago"
"2011-07-09",-177.49,-16.5,5.3,"1 week ago"
"2011-07-09",141.62,36.37,5.7,"1 week ago"
"2011-07-09",-176.34,-29.54,7.6,"1 week ago"
"2011-07-09",-176.25,-29.57,5.6,"1 week ago"
"2011-07-09",-176.18,-29.43,5.3,"1 week ago"
"2011-07-09",-176.34,-29.43,5,"1 week ago"
"2011-07-09",-176.26,-29.91,5,"1 week ago"
"2011-07-09",-176.64,-29.02,5.2,"1 week ago"
"2011-07-09",-176.16,-29.22,5,"1 week ago"
"2011-07-09",-176.2,-29.51,5.1,"1 week ago"
"2011-07-09",-176.82,-29.12,5,"1 week ago"
"2011-07-09",-176.33,-29.93,5,"1 week ago"
"2011-07-09",-176.34,-29.89,5.5,"1 week ago"
"2011-07-09",-38.06,7.98,5,"1 week ago"
"2011-07-09",-176.71,-28.98,5.7,"1 week ago"
"2011-07-09",-176.61,-29.05,5,"1 week ago"
"2011-07-09",-176.94,-29.15,5.8,"1 week ago"
"2011-07-09",-177.1,-29.08,5.3,"1 week ago"
"2011-07-09",-178.67,-33.73,5,"1 week ago"
"2011-07-09",-178.88,-33.7,5.3,"1 week ago"
"2011-07-09",140.87,37.12,5.5,"1 week ago"
"2011-07-09",-178.71,-17.86,5.4,"1 week ago"
"2011-07-09",7.7,41.95,5.1,"1 week ago"
"2011-07-09",-176.38,-28.91,5.3,"1 week ago"
"2011-07-09",-176.25,-29.88,5.1,"1 week ago"
"2011-07-09",-176.18,-29.58,5.1,"1 week ago"
"2011-07-09",-176.17,-29.39,5,"1 week ago"
"2011-07-09",-176.67,-29.38,5.3,"1 week ago"
"2011-07-09",-176.53,-29.56,5,"1 week ago"
"2011-07-09",-176.94,-29.3,5.4,"1 week ago"
"2011-07-09",123.24,0.13,5.3,"1 week ago"
"2011-07-09",-26.42,0.96,5.6,"1 week ago"
"2011-07-09",142.1,39.87,5,"1 week ago"
"2011-07-09",167.92,-19.23,5,"1 week ago"
"2011-07-09",-175.91,-29.18,5,"1 week ago"
"2011-07-09",-175.73,-29.49,5,"1 week ago"
"2011-07-09",-176.69,-28.96,5.4,"this week"
"2011-07-09",-176.9,-29.14,5.1,"this week"
"2011-07-09",177.84,-16.59,5,"this week"
"2011-07-09",129.4,-4.14,5.5,"this week"
"2011-07-09",-174.54,-21.21,5.9,"this week"
"2011-07-09",-174.64,-21.16,5.6,"this week"
"2011-07-09",-96.06,16.06,5.1,"this week"
"2011-07-09",-176.32,-29.32,5.1,"this week"
"2011-07-09",-177.12,-29.39,5.9,"this week"
"2011-07-09",-176.8,-29.19,5.3,"this week"
"2011-07-09",-177.01,-29.41,5.2,"this week"
"2011-07-09",178.12,-35.9,5.3,"this week"
"2011-07-09",-177.05,-29.34,6,"this week"
"2011-07-09",-176.84,-29.55,5.3,"this week"
"2011-07-09",-177.01,-29.47,5.4,"this week"
"2011-07-09",-176.68,-30.04,5.1,"this week"
"2011-07-09",-176.93,-29.5,5.2,"this week"
"2011-07-09",-67.44,-28.76,5,"this week"
"2011-07-09",-177.01,-29.48,5,"this week"
"2011-07-09",-177.01,-29.44,6,"this week"
"2011-07-09",-177.03,-29.51,5.1,"this week"
"2011-07-09",-176.82,-29.2,5.1,"this week"
"2011-07-09",-177.01,-29.34,5.1,"this week"
"2011-07-09",-13.3,-8.02,5,"this week"
"2011-07-09",-13.59,-7.86,5.2,"this week"
"2011-07-09",-13.48,-7.8,5.3,"this week"
"2011-07-09",-178.84,-33.6,5.2,"this week"
"2011-07-09",143.26,38.03,7,"this week"
"2011-07-09",-178.35,-32.52,5.4,"this week"
"2011-07-09",-177.98,-32.7,5,"this week"
"2011-07-09",-176.74,-28.96,5.2,"this week"
"2011-07-09",122.26,9.53,5,"this week"
"2011-07-09",-176.61,-29,5,"this week"
"2011-07-09",-176.08,-15.42,5.7,"this week"
"2011-07-09",-175.84,-15.43,5.2,"this week"
"2011-07-09",-176.01,-15.32,5.1,"this week"
"2011-07-09",146.47,-3.31,5.3,"this week"
"2011-07-09",-175.88,-15.51,5.2,"this week"
"2011-07-09",141.86,39.35,5.2,"this week"
"2011-07-09",-177.07,-29.27,5.4,"this week"
"2011-07-09",-176.94,-29.3,5.2,"this week"
"2011-07-09",-176.58,-29.49,5.9,"this week"
"2011-07-09",-176.84,-29.28,5.1,"this week"
"2011-07-09",121.69,-4.06,5.5,"this week"
"2011-07-09",-174.75,-22.68,5.6,"this week"
"2011-07-09",121.68,-4.15,5.2,"this week"
"2011-07-09",-174.65,-22.71,5,"this week"
"2011-07-09",-176.85,-28.51,5.1,"this week"
"2011-07-09",-114.08,-49.93,5.7,"this week"
"2011-07-09",-114.15,-49.88,5.3,"this week"
"2011-07-09",176.66,-13.93,5,"this week"
"2011-07-09",122.17,9.51,6.4,"this week"
"2011-07-09",122.18,9.57,5.3,"this week"
"2011-07-09",122.28,9.67,5.1,"this week"
"2011-07-09",122.23,9.5,5.3,"this week"
"2011-07-09",-176.61,-29.46,5.1,"this week"
"2011-07-09",122.43,9.61,5,"this week"
"2011-07-09",122.26,9.58,5.3,"this week"
"2011-07-09",122.33,9.67,5.1,"this week"
"2011-07-09",150.76,45.78,5.3,"this week"
"2011-07-09",-26.87,-56.36,5.1,"this week"
"2011-07-09",-176.22,-29.47,5,"this week"
"2011-07-09",122.3,9.7,5.4,"this week"
"2011-07-09",141.88,38.81,5,"this week"
"2011-07-09",-173.21,-15.48,5.4,"this week"
"2011-07-09",121.52,23.43,5,"this week"
"2011-07-09",61.84,-28.87,5,"this week"
"2011-07-09",-85.2,10.65,5.5,"this week"
"2011-07-09",-85.2,10.74,5.3,"this week"
"2011-07-09",141.01,37.35,5.1,"this week"
"2011-07-09",-85.17,10.81,5.2,"this week"
"2011-07-09",-176.29,-30.23,5,"this week"
"2011-07-09",130.49,-6.06,5.6,"this week"
"2011-07-09",-73.6,-36.34,5,"this week"
"2011-07-09",-176.86,-29.12,5.4,"this week"
"2011-07-09",123.7,25.08,5.2,"this week"
"2011-07-09",-174.36,-21.51,5.2,"this week"
"2011-07-09",-178.14,-32.76,5,"this week"
"2011-07-09",141.14,36.93,5,"this week"
"2011-07-09",-93.75,-38.22,5.3,"this week"
"2011-07-09",-93.77,-38.24,5.5,"this week"
"2011-07-09",-93.06,-38.19,5.2,"this week"
"2011-07-09",-178.53,-33.24,5,"this week"
"2011-07-09",122.3,9.7,5,"this week"
"2011-07-09",-69.26,-18.61,5,"this week"
"2011-07-09",-175.3,-24.19,5.3,"this week"
"2011-07-09",155.31,-61.78,5,"this week"
"2011-07-09",-176.91,-29.82,5.4,"this week"
"2011-07-09",139.85,36.13,5.5,"this week"
"2011-07-09",-23.52,-60.76,6.1,"this week"
"2011-07-09",-68.78,-21.17,5.4,"this week"
"2011-07-09",167.35,-17.26,5.3,"this week"
"2011-07-09",140.13,27.02,5.4,"this week"
"2011-07-09",-176.24,-29.52,5,"this week"
"2011-07-16",179.37,-24.51,5.6,"3 weeks ago"
"2011-07-16",95.95,32.45,5.3,"3 weeks ago"
"2011-07-16",146.28,18.86,5.5,"3 weeks ago"
"2011-07-16",136.63,-2.38,6.3,"3 weeks ago"
"2011-07-16",136.66,-2.41,5.6,"3 weeks ago"
"2011-07-16",136.68,-2.27,5.3,"3 weeks ago"
"2011-07-16",136.61,-2.17,5.4,"3 weeks ago"
"2011-07-16",136.65,-2.26,5,"3 weeks ago"
"2011-07-16",136.7,-2.41,5.4,"3 weeks ago"
"2011-07-16",57.63,30.21,5.1,"3 weeks ago"
"2011-07-16",-173.69,-17.11,5.5,"3 weeks ago"
"2011-07-16",136.67,-2.31,5,"3 weeks ago"
"2011-07-16",-128.15,-54.6,5,"3 weeks ago"
"2011-07-16",-178.9,-33.08,5,"3 weeks ago"
"2011-07-16",122.47,-8.93,5.5,"3 weeks ago"
"2011-07-16",-123.2,-56,5.4,"3 weeks ago"
"2011-07-16",170.8,-63.58,5.4,"3 weeks ago"
"2011-07-16",179.15,-65.28,5.3,"3 weeks ago"
"2011-07-16",-171.76,52,5.8,"3 weeks ago"
"2011-07-16",-171.7,52.09,5.8,"3 weeks ago"
"2011-07-16",-171.67,52.01,5.4,"3 weeks ago"
"2011-07-16",-177.29,-16.75,5.3,"3 weeks ago"
"2011-07-16",-171.64,51.72,5.4,"3 weeks ago"
"2011-07-16",143.8,40.53,5.2,"3 weeks ago"
"2011-07-16",125.23,4.68,5.3,"3 weeks ago"
"2011-07-16",-171.76,51.72,5.2,"3 weeks ago"
"2011-07-16",-173.4,-15.32,5.1,"3 weeks ago"
"2011-07-16",101.89,-5.04,5.2,"3 weeks ago"
"2011-07-16",-72.34,-33.91,5.5,"3 weeks ago"
"2011-07-16",-71.34,-32.24,5,"3 weeks ago"
"2011-07-16",125.32,13.47,5.2,"3 weeks ago"
"2011-07-16",140.46,35.6,5,"3 weeks ago"
"2011-07-16",137.68,36.26,5,"3 weeks ago"
"2011-07-16",153.98,-61.19,5.3,"3 weeks ago"
"2011-07-16",-175.91,-23.48,5.6,"3 weeks ago"
"2011-07-16",-175.85,-23.54,5.7,"3 weeks ago"
"2011-07-16",-175.88,-23.57,5.5,"3 weeks ago"
"2011-07-16",68,-7.11,5.4,"3 weeks ago"
"2011-07-16",-176.04,-23.27,5,"3 weeks ago"
"2011-07-16",121.74,0.94,5,"3 weeks ago"
"2011-07-16",146.58,13.09,5.6,"3 weeks ago"
"2011-07-16",147.85,-6.63,5.6,"3 weeks ago"
"2011-07-16",85.37,-40.52,5.21,"2 weeks ago"
"2011-07-16",-173.16,-15.32,5.1,"2 weeks ago"
"2011-07-16",-87.62,12.33,5.7,"2 weeks ago"
"2011-07-16",130.54,-5.96,5.1,"2 weeks ago"
"2011-07-16",149.46,46,5.1,"2 weeks ago"
"2011-07-16",177.02,-40.79,5.3,"2 weeks ago"
"2011-07-16",97.17,1.42,5.2,"2 weeks ago"
"2011-07-16",-157.8,55.13,5.2,"2 weeks ago"
"2011-07-16",-175.55,-23.52,5.1,"2 weeks ago"
"2011-07-16",175.75,-38.67,5.5,"2 weeks ago"
"2011-07-16",135.14,33.99,5,"2 weeks ago"
"2011-07-16",-68.25,-19.63,5,"2 weeks ago"
"2011-07-16",-176.02,-14.81,5.7,"2 weeks ago"
"2011-07-16",97.06,1.4,5,"2 weeks ago"
"2011-07-16",138.68,-1.67,5.1,"2 weeks ago"
"2011-07-16",-177.49,-16.43,5.3,"2 weeks ago"
"2011-07-16",-177.49,-16.5,5.3,"2 weeks ago"
"2011-07-16",141.62,36.37,5.7,"2 weeks ago"
"2011-07-16",-176.34,-29.54,7.6,"2 weeks ago"
"2011-07-16",-176.25,-29.57,5.6,"2 weeks ago"
"2011-07-16",-176.18,-29.43,5.3,"2 weeks ago"
"2011-07-16",-176.34,-29.43,5,"2 weeks ago"
"2011-07-16",-176.26,-29.91,5,"2 weeks ago"
"2011-07-16",-176.64,-29.02,5.2,"2 weeks ago"
"2011-07-16",-176.16,-29.22,5,"2 weeks ago"
"2011-07-16",-176.2,-29.51,5.1,"2 weeks ago"
"2011-07-16",-176.82,-29.12,5,"2 weeks ago"
"2011-07-16",-176.33,-29.93,5,"2 weeks ago"
"2011-07-16",-176.34,-29.89,5.5,"2 weeks ago"
"2011-07-16",-38.06,7.98,5,"2 weeks ago"
"2011-07-16",-176.71,-28.98,5.7,"2 weeks ago"
"2011-07-16",-176.61,-29.05,5,"2 weeks ago"
"2011-07-16",-176.94,-29.15,5.8,"2 weeks ago"
"2011-07-16",-177.1,-29.08,5.3,"2 weeks ago"
"2011-07-16",-178.67,-33.73,5,"2 weeks ago"
"2011-07-16",-178.88,-33.7,5.3,"2 weeks ago"
"2011-07-16",140.87,37.12,5.5,"2 weeks ago"
"2011-07-16",-178.71,-17.86,5.4,"2 weeks ago"
"2011-07-16",7.7,41.95,5.1,"2 weeks ago"
"2011-07-16",-176.38,-28.91,5.3,"2 weeks ago"
"2011-07-16",-176.25,-29.88,5.1,"2 weeks ago"
"2011-07-16",-176.18,-29.58,5.1,"2 weeks ago"
"2011-07-16",-176.17,-29.39,5,"2 weeks ago"
"2011-07-16",-176.67,-29.38,5.3,"2 weeks ago"
"2011-07-16",-176.53,-29.56,5,"2 weeks ago"
"2011-07-16",-176.94,-29.3,5.4,"2 weeks ago"
"2011-07-16",123.24,0.13,5.3,"2 weeks ago"
"2011-07-16",-26.42,0.96,5.6,"2 weeks ago"
"2011-07-16",142.1,39.87,5,"2 weeks ago"
"2011-07-16",167.92,-19.23,5,"2 weeks ago"
"2011-07-16",-175.91,-29.18,5,"2 weeks ago"
"2011-07-16",-175.73,-29.49,5,"2 weeks ago"
"2011-07-16",-176.69,-28.96,5.4,"1 week ago"
"2011-07-16",-176.9,-29.14,5.1,"1 week ago"
"2011-07-16",177.84,-16.59,5,"1 week ago"
"2011-07-16",129.4,-4.14,5.5,"1 week ago"
"2011-07-16",-174.54,-21.21,5.9,"1 week ago"
"2011-07-16",-174.64,-21.16,5.6,"1 week ago"
"2011-07-16",-96.06,16.06,5.1,"1 week ago"
"2011-07-16",-176.32,-29.32,5.1,"1 week ago"
"2011-07-16",-177.12,-29.39,5.9,"1 week ago"
"2011-07-16",-176.8,-29.19,5.3,"1 week ago"
"2011-07-16",-177.01,-29.41,5.2,"1 week ago"
"2011-07-16",178.12,-35.9,5.3,"1 week ago"
"2011-07-16",-177.05,-29.34,6,"1 week ago"
"2011-07-16",-176.84,-29.55,5.3,"1 week ago"
"2011-07-16",-177.01,-29.47,5.4,"1 week ago"
"2011-07-16",-176.68,-30.04,5.1,"1 week ago"
"2011-07-16",-176.93,-29.5,5.2,"1 week ago"
"2011-07-16",-67.44,-28.76,5,"1 week ago"
"2011-07-16",-177.01,-29.48,5,"1 week ago"
"2011-07-16",-177.01,-29.44,6,"1 week ago"
"2011-07-16",-177.03,-29.51,5.1,"1 week ago"
"2011-07-16",-176.82,-29.2,5.1,"1 week ago"
"2011-07-16",-177.01,-29.34,5.1,"1 week ago"
"2011-07-16",-13.3,-8.02,5,"1 week ago"
"2011-07-16",-13.59,-7.86,5.2,"1 week ago"
"2011-07-16",-13.48,-7.8,5.3,"1 week ago"
"2011-07-16",-178.84,-33.6,5.2,"1 week ago"
"2011-07-16",143.26,38.03,7,"1 week ago"
"2011-07-16",-178.35,-32.52,5.4,"1 week ago"
"2011-07-16",-177.98,-32.7,5,"1 week ago"
"2011-07-16",-176.74,-28.96,5.2,"1 week ago"
"2011-07-16",122.26,9.53,5,"1 week ago"
"2011-07-16",-176.61,-29,5,"1 week ago"
"2011-07-16",-176.08,-15.42,5.7,"1 week ago"
"2011-07-16",-175.84,-15.43,5.2,"1 week ago"
"2011-07-16",-176.01,-15.32,5.1,"1 week ago"
"2011-07-16",146.47,-3.31,5.3,"1 week ago"
"2011-07-16",-175.88,-15.51,5.2,"1 week ago"
"2011-07-16",141.86,39.35,5.2,"1 week ago"
"2011-07-16",-177.07,-29.27,5.4,"1 week ago"
"2011-07-16",-176.94,-29.3,5.2,"1 week ago"
"2011-07-16",-176.58,-29.49,5.9,"1 week ago"
"2011-07-16",-176.84,-29.28,5.1,"1 week ago"
"2011-07-16",121.69,-4.06,5.5,"1 week ago"
"2011-07-16",-174.75,-22.68,5.6,"1 week ago"
"2011-07-16",121.68,-4.15,5.2,"1 week ago"
"2011-07-16",-174.65,-22.71,5,"1 week ago"
"2011-07-16",-176.85,-28.51,5.1,"1 week ago"
"2011-07-16",-114.08,-49.93,5.7,"1 week ago"
"2011-07-16",-114.15,-49.88,5.3,"1 week ago"
"2011-07-16",176.66,-13.93,5,"1 week ago"
"2011-07-16",122.17,9.51,6.4,"1 week ago"
"2011-07-16",122.18,9.57,5.3,"1 week ago"
"2011-07-16",122.28,9.67,5.1,"1 week ago"
"2011-07-16",122.23,9.5,5.3,"1 week ago"
"2011-07-16",-176.61,-29.46,5.1,"1 week ago"
"2011-07-16",122.43,9.61,5,"1 week ago"
"2011-07-16",122.26,9.58,5.3,"1 week ago"
"2011-07-16",122.33,9.67,5.1,"1 week ago"
"2011-07-16",150.76,45.78,5.3,"1 week ago"
"2011-07-16",-26.87,-56.36,5.1,"1 week ago"
"2011-07-16",-176.22,-29.47,5,"1 week ago"
"2011-07-16",122.3,9.7,5.4,"1 week ago"
"2011-07-16",141.88,38.81,5,"1 week ago"
"2011-07-16",-173.21,-15.48,5.4,"1 week ago"
"2011-07-16",121.52,23.43,5,"1 week ago"
"2011-07-16",61.84,-28.87,5,"1 week ago"
"2011-07-16",-85.2,10.65,5.5,"1 week ago"
"2011-07-16",-85.2,10.74,5.3,"1 week ago"
"2011-07-16",141.01,37.35,5.1,"1 week ago"
"2011-07-16",-85.17,10.81,5.2,"1 week ago"
"2011-07-16",-176.29,-30.23,5,"1 week ago"
"2011-07-16",130.49,-6.06,5.6,"1 week ago"
"2011-07-16",-73.6,-36.34,5,"1 week ago"
"2011-07-16",-176.86,-29.12,5.4,"1 week ago"
"2011-07-16",123.7,25.08,5.2,"1 week ago"
"2011-07-16",-174.36,-21.51,5.2,"1 week ago"
"2011-07-16",-178.14,-32.76,5,"1 week ago"
"2011-07-16",141.14,36.93,5,"1 week ago"
"2011-07-16",-93.75,-38.22,5.3,"1 week ago"
"2011-07-16",-93.77,-38.24,5.5,"1 week ago"
"2011-07-16",-93.06,-38.19,5.2,"1 week ago"
"2011-07-16",-178.53,-33.24,5,"1 week ago"
"2011-07-16",122.3,9.7,5,"1 week ago"
"2011-07-16",-69.26,-18.61,5,"1 week ago"
"2011-07-16",-175.3,-24.19,5.3,"1 week ago"
"2011-07-16",155.31,-61.78,5,"1 week ago"
"2011-07-16",-176.91,-29.82,5.4,"1 week ago"
"2011-07-16",139.85,36.13,5.5,"1 week ago"
"2011-07-16",-23.52,-60.76,6.1,"1 week ago"
"2011-07-16",-68.78,-21.17,5.4,"1 week ago"
"2011-07-16",167.35,-17.26,5.3,"1 week ago"
"2011-07-16",140.13,27.02,5.4,"1 week ago"
"2011-07-16",-176.24,-29.52,5,"1 week ago"
"2011-07-16",-71.83,-33.82,6,"this week"
"2011-07-16",-87.85,12.15,5.1,"this week"
"2011-07-16",-175,-22.43,5.8,"this week"
"2011-07-16",-26.66,-60.55,5.3,"this week"
"2011-07-16",127.58,-7.09,5.9,"this week"
"2011-07-16",169.36,-18.87,5.6,"this week"
"2011-07-16",108.44,52.88,5.3,"this week"
"2011-07-16",-161.29,54.79,6.1,"this week"
"2011-07-16",-176.86,-29.8,5.2,"this week"
"2011-07-16",106.49,-6.64,5,"this week"
"2011-07-16",179.72,-35.25,5,"this week"
"2011-07-16",122.38,23.59,5,"this week"
"2011-07-16",-176.21,-29.17,5,"this week"
"2011-07-16",152.94,52.8,5.5,"this week"
"2011-07-16",178.94,51.28,5.8,"this week"
"2011-07-16",179.05,51.27,5.4,"this week"
"2011-07-16",141.57,37.39,5.2,"this week"
"2011-07-16",-177.82,-30.72,5.3,"this week"
"2011-07-16",137.82,-1.23,5,"this week"
"2011-07-16",19.92,37.21,5.1,"this week"
"2011-07-16",179.03,-23.72,5.5,"this week"
"2011-07-16",-174.57,-16.7,5,"this week"
"2011-07-16",178.46,-25.09,5.3,"this week"
"2011-07-16",71.41,40.08,6.1,"this week"
"2011-07-16",-176.71,-29.47,5.2,"this week"
"2011-07-16",-82.31,7.09,5.3,"this week"
"2011-07-16",128.2,27.24,5.3,"this week"
"2011-07-16",162.01,-10.34,6,"this week"
"2011-07-16",143.47,39.63,5.1,"this week"
"2011-07-16",25.98,-15.96,5,"this week"
"2011-07-16",-176.36,-30.16,5,"this week"
"2011-07-16",164.45,-62.5,6,"this week"
"2011-07-16",-178.6,-20.32,5.9,"this week"
"2011-07-16",-161.34,54.9,5.1,"this week"
"2011-07-16",-93.04,14.38,5,"this week"
"2011-07-16",-88.18,12.36,5.1,"this week"
"2011-07-16",-83.7,-41.78,5,"this week"
"2011-07-16",145.34,13.06,5.4,"this week"
"2011-07-23",85.37,-40.52,5.21,"3 weeks ago"
"2011-07-23",-173.16,-15.32,5.1,"3 weeks ago"
"2011-07-23",-87.62,12.33,5.7,"3 weeks ago"
"2011-07-23",130.54,-5.96,5.1,"3 weeks ago"
"2011-07-23",149.46,46,5.1,"3 weeks ago"
"2011-07-23",177.02,-40.79,5.3,"3 weeks ago"
"2011-07-23",97.17,1.42,5.2,"3 weeks ago"
"2011-07-23",-157.8,55.13,5.2,"3 weeks ago"
"2011-07-23",-175.55,-23.52,5.1,"3 weeks ago"
"2011-07-23",175.75,-38.67,5.5,"3 weeks ago"
"2011-07-23",135.14,33.99,5,"3 weeks ago"
"2011-07-23",-68.25,-19.63,5,"3 weeks ago"
"2011-07-23",-176.02,-14.81,5.7,"3 weeks ago"
"2011-07-23",97.06,1.4,5,"3 weeks ago"
"2011-07-23",138.68,-1.67,5.1,"3 weeks ago"
"2011-07-23",-177.49,-16.43,5.3,"3 weeks ago"
"2011-07-23",-177.49,-16.5,5.3,"3 weeks ago"
"2011-07-23",141.62,36.37,5.7,"3 weeks ago"
"2011-07-23",-176.34,-29.54,7.6,"3 weeks ago"
"2011-07-23",-176.25,-29.57,5.6,"3 weeks ago"
"2011-07-23",-176.18,-29.43,5.3,"3 weeks ago"
"2011-07-23",-176.34,-29.43,5,"3 weeks ago"
"2011-07-23",-176.26,-29.91,5,"3 weeks ago"
"2011-07-23",-176.64,-29.02,5.2,"3 weeks ago"
"2011-07-23",-176.16,-29.22,5,"3 weeks ago"
"2011-07-23",-176.2,-29.51,5.1,"3 weeks ago"
"2011-07-23",-176.82,-29.12,5,"3 weeks ago"
"2011-07-23",-176.33,-29.93,5,"3 weeks ago"
"2011-07-23",-176.34,-29.89,5.5,"3 weeks ago"
"2011-07-23",-38.06,7.98,5,"3 weeks ago"
"2011-07-23",-176.71,-28.98,5.7,"3 weeks ago"
"2011-07-23",-176.61,-29.05,5,"3 weeks ago"
"2011-07-23",-176.94,-29.15,5.8,"3 weeks ago"
"2011-07-23",-177.1,-29.08,5.3,"3 weeks ago"
"2011-07-23",-178.67,-33.73,5,"3 weeks ago"
"2011-07-23",-178.88,-33.7,5.3,"3 weeks ago"
"2011-07-23",140.87,37.12,5.5,"3 weeks ago"
"2011-07-23",-178.71,-17.86,5.4,"3 weeks ago"
"2011-07-23",7.7,41.95,5.1,"3 weeks ago"
"2011-07-23",-176.38,-28.91,5.3,"3 weeks ago"
"2011-07-23",-176.25,-29.88,5.1,"3 weeks ago"
"2011-07-23",-176.18,-29.58,5.1,"3 weeks ago"
"2011-07-23",-176.17,-29.39,5,"3 weeks ago"
"2011-07-23",-176.67,-29.38,5.3,"3 weeks ago"
"2011-07-23",-176.53,-29.56,5,"3 weeks ago"
"2011-07-23",-176.94,-29.3,5.4,"3 weeks ago"
"2011-07-23",123.24,0.13,5.3,"3 weeks ago"
"2011-07-23",-26.42,0.96,5.6,"3 weeks ago"
"2011-07-23",142.1,39.87,5,"3 weeks ago"
"2011-07-23",167.92,-19.23,5,"3 weeks ago"
"2011-07-23",-175.91,-29.18,5,"3 weeks ago"
"2011-07-23",-175.73,-29.49,5,"3 weeks ago"
"2011-07-23",-176.69,-28.96,5.4,"2 weeks ago"
"2011-07-23",-176.9,-29.14,5.1,"2 weeks ago"
"2011-07-23",177.84,-16.59,5,"2 weeks ago"
"2011-07-23",129.4,-4.14,5.5,"2 weeks ago"
"2011-07-23",-174.54,-21.21,5.9,"2 weeks ago"
"2011-07-23",-174.64,-21.16,5.6,"2 weeks ago"
"2011-07-23",-96.06,16.06,5.1,"2 weeks ago"
"2011-07-23",-176.32,-29.32,5.1,"2 weeks ago"
"2011-07-23",-177.12,-29.39,5.9,"2 weeks ago"
"2011-07-23",-176.8,-29.19,5.3,"2 weeks ago"
"2011-07-23",-177.01,-29.41,5.2,"2 weeks ago"
"2011-07-23",178.12,-35.9,5.3,"2 weeks ago"
"2011-07-23",-177.05,-29.34,6,"2 weeks ago"
"2011-07-23",-176.84,-29.55,5.3,"2 weeks ago"
"2011-07-23",-177.01,-29.47,5.4,"2 weeks ago"
"2011-07-23",-176.68,-30.04,5.1,"2 weeks ago"
"2011-07-23",-176.93,-29.5,5.2,"2 weeks ago"
"2011-07-23",-67.44,-28.76,5,"2 weeks ago"
"2011-07-23",-177.01,-29.48,5,"2 weeks ago"
"2011-07-23",-177.01,-29.44,6,"2 weeks ago"
"2011-07-23",-177.03,-29.51,5.1,"2 weeks ago"
"2011-07-23",-176.82,-29.2,5.1,"2 weeks ago"
"2011-07-23",-177.01,-29.34,5.1,"2 weeks ago"
"2011-07-23",-13.3,-8.02,5,"2 weeks ago"
"2011-07-23",-13.59,-7.86,5.2,"2 weeks ago"
"2011-07-23",-13.48,-7.8,5.3,"2 weeks ago"
"2011-07-23",-178.84,-33.6,5.2,"2 weeks ago"
"2011-07-23",143.26,38.03,7,"2 weeks ago"
"2011-07-23",-178.35,-32.52,5.4,"2 weeks ago"
"2011-07-23",-177.98,-32.7,5,"2 weeks ago"
"2011-07-23",-176.74,-28.96,5.2,"2 weeks ago"
"2011-07-23",122.26,9.53,5,"2 weeks ago"
"2011-07-23",-176.61,-29,5,"2 weeks ago"
"2011-07-23",-176.08,-15.42,5.7,"2 weeks ago"
"2011-07-23",-175.84,-15.43,5.2,"2 weeks ago"
"2011-07-23",-176.01,-15.32,5.1,"2 weeks ago"
"2011-07-23",146.47,-3.31,5.3,"2 weeks ago"
"2011-07-23",-175.88,-15.51,5.2,"2 weeks ago"
"2011-07-23",141.86,39.35,5.2,"2 weeks ago"
"2011-07-23",-177.07,-29.27,5.4,"2 weeks ago"
"2011-07-23",-176.94,-29.3,5.2,"2 weeks ago"
"2011-07-23",-176.58,-29.49,5.9,"2 weeks ago"
"2011-07-23",-176.84,-29.28,5.1,"2 weeks ago"
"2011-07-23",121.69,-4.06,5.5,"2 weeks ago"
"2011-07-23",-174.75,-22.68,5.6,"2 weeks ago"
"2011-07-23",121.68,-4.15,5.2,"2 weeks ago"
"2011-07-23",-174.65,-22.71,5,"2 weeks ago"
"2011-07-23",-176.85,-28.51,5.1,"2 weeks ago"
"2011-07-23",-114.08,-49.93,5.7,"2 weeks ago"
"2011-07-23",-114.15,-49.88,5.3,"2 weeks ago"
"2011-07-23",176.66,-13.93,5,"2 weeks ago"
"2011-07-23",122.17,9.51,6.4,"2 weeks ago"
"2011-07-23",122.18,9.57,5.3,"2 weeks ago"
"2011-07-23",122.28,9.67,5.1,"2 weeks ago"
"2011-07-23",122.23,9.5,5.3,"2 weeks ago"
"2011-07-23",-176.61,-29.46,5.1,"2 weeks ago"
"2011-07-23",122.43,9.61,5,"2 weeks ago"
"2011-07-23",122.26,9.58,5.3,"2 weeks ago"
"2011-07-23",122.33,9.67,5.1,"2 weeks ago"
"2011-07-23",150.76,45.78,5.3,"2 weeks ago"
"2011-07-23",-26.87,-56.36,5.1,"2 weeks ago"
"2011-07-23",-176.22,-29.47,5,"2 weeks ago"
"2011-07-23",122.3,9.7,5.4,"2 weeks ago"
"2011-07-23",141.88,38.81,5,"2 weeks ago"
"2011-07-23",-173.21,-15.48,5.4,"2 weeks ago"
"2011-07-23",121.52,23.43,5,"2 weeks ago"
"2011-07-23",61.84,-28.87,5,"2 weeks ago"
"2011-07-23",-85.2,10.65,5.5,"2 weeks ago"
"2011-07-23",-85.2,10.74,5.3,"2 weeks ago"
"2011-07-23",141.01,37.35,5.1,"2 weeks ago"
"2011-07-23",-85.17,10.81,5.2,"2 weeks ago"
"2011-07-23",-176.29,-30.23,5,"2 weeks ago"
"2011-07-23",130.49,-6.06,5.6,"2 weeks ago"
"2011-07-23",-73.6,-36.34,5,"2 weeks ago"
"2011-07-23",-176.86,-29.12,5.4,"2 weeks ago"
"2011-07-23",123.7,25.08,5.2,"2 weeks ago"
"2011-07-23",-174.36,-21.51,5.2,"2 weeks ago"
"2011-07-23",-178.14,-32.76,5,"2 weeks ago"
"2011-07-23",141.14,36.93,5,"2 weeks ago"
"2011-07-23",-93.75,-38.22,5.3,"2 weeks ago"
"2011-07-23",-93.77,-38.24,5.5,"2 weeks ago"
"2011-07-23",-93.06,-38.19,5.2,"2 weeks ago"
"2011-07-23",-178.53,-33.24,5,"2 weeks ago"
"2011-07-23",122.3,9.7,5,"2 weeks ago"
"2011-07-23",-69.26,-18.61,5,"2 weeks ago"
"2011-07-23",-175.3,-24.19,5.3,"2 weeks ago"
"2011-07-23",155.31,-61.78,5,"2 weeks ago"
"2011-07-23",-176.91,-29.82,5.4,"2 weeks ago"
"2011-07-23",139.85,36.13,5.5,"2 weeks ago"
"2011-07-23",-23.52,-60.76,6.1,"2 weeks ago"
"2011-07-23",-68.78,-21.17,5.4,"2 weeks ago"
"2011-07-23",167.35,-17.26,5.3,"2 weeks ago"
"2011-07-23",140.13,27.02,5.4,"2 weeks ago"
"2011-07-23",-176.24,-29.52,5,"2 weeks ago"
"2011-07-23",-71.83,-33.82,6,"1 week ago"
"2011-07-23",-87.85,12.15,5.1,"1 week ago"
"2011-07-23",-175,-22.43,5.8,"1 week ago"
"2011-07-23",-26.66,-60.55,5.3,"1 week ago"
"2011-07-23",127.58,-7.09,5.9,"1 week ago"
"2011-07-23",169.36,-18.87,5.6,"1 week ago"
"2011-07-23",108.44,52.88,5.3,"1 week ago"
"2011-07-23",-161.29,54.79,6.1,"1 week ago"
"2011-07-23",-176.86,-29.8,5.2,"1 week ago"
"2011-07-23",106.49,-6.64,5,"1 week ago"
"2011-07-23",179.72,-35.25,5,"1 week ago"
"2011-07-23",122.38,23.59,5,"1 week ago"
"2011-07-23",-176.21,-29.17,5,"1 week ago"
"2011-07-23",152.94,52.8,5.5,"1 week ago"
"2011-07-23",178.94,51.28,5.8,"1 week ago"
"2011-07-23",179.05,51.27,5.4,"1 week ago"
"2011-07-23",141.57,37.39,5.2,"1 week ago"
"2011-07-23",-177.82,-30.72,5.3,"1 week ago"
"2011-07-23",137.82,-1.23,5,"1 week ago"
"2011-07-23",19.92,37.21,5.1,"1 week ago"
"2011-07-23",179.03,-23.72,5.5,"1 week ago"
"2011-07-23",-174.57,-16.7,5,"1 week ago"
"2011-07-23",178.46,-25.09,5.3,"1 week ago"
"2011-07-23",71.41,40.08,6.1,"1 week ago"
"2011-07-23",-176.71,-29.47,5.2,"1 week ago"
"2011-07-23",-82.31,7.09,5.3,"1 week ago"
"2011-07-23",128.2,27.24,5.3,"1 week ago"
"2011-07-23",162.01,-10.34,6,"1 week ago"
"2011-07-23",143.47,39.63,5.1,"1 week ago"
"2011-07-23",25.98,-15.96,5,"1 week ago"
"2011-07-23",-176.36,-30.16,5,"1 week ago"
"2011-07-23",164.45,-62.5,6,"1 week ago"
"2011-07-23",-178.6,-20.32,5.9,"1 week ago"
"2011-07-23",-161.34,54.9,5.1,"1 week ago"
"2011-07-23",-93.04,14.38,5,"1 week ago"
"2011-07-23",-88.18,12.36,5.1,"1 week ago"
"2011-07-23",-83.7,-41.78,5,"1 week ago"
"2011-07-23",145.34,13.06,5.4,"1 week ago"
"2011-07-23",-69.7,-29.34,5.5,"this week"
"2011-07-23",141.82,38.9,6.3,"this week"
"2011-07-23",-178.88,-24.31,5.2,"this week"
"2011-07-23",-161.15,54.7,5.7,"this week"
"2011-07-23",-82.64,3.78,5,"this week"
"2011-07-23",-85.68,10.75,5.1,"this week"
"2011-07-23",145.25,13.11,5.5,"this week"
"2011-07-23",-70.68,-20.2,5,"this week"
"2011-07-23",-110.22,-9.2,5.4,"this week"
"2011-07-23",-70.47,-20.09,5,"this week"
"2011-07-23",106.46,-7.2,5,"this week"
"2011-07-23",141.99,38.85,5.1,"this week"
"2011-07-23",-74.31,-14.8,5,"this week"
"2011-07-23",141.39,37.73,6.3,"this week"
"2011-07-23",150.61,-3.18,6.3,"this week"
"2011-07-23",150.08,-3.27,5.1,"this week"
"2011-07-23",-174.45,-21.29,5.2,"this week"
"2011-07-23",150.8,-3.34,5,"this week"
"2011-07-23",141.03,35.21,5,"this week"
"2011-07-23",141.88,38.57,5.1,"this week"
"2011-07-23",-73.73,-37.71,5.2,"this week"
"2011-07-23",140.93,35.27,5.6,"this week"
"2011-07-23",120.04,14.95,5.9,"this week"
"2011-07-23",27.75,40.8,5.1,"this week"
"2011-07-23",-76.61,-5.35,5.2,"this week"
"2011-07-23",56.89,36.52,5,"this week"
"2011-07-23",159.93,52.96,5.4,"this week"
"2011-07-23",159.79,52.99,5.6,"this week"
"2011-07-23",-85.72,16.88,5.1,"this week"
"2011-07-23",126.78,7.56,5.1,"this week"
"2011-07-23",67.11,-9.23,5.8,"this week"
"2011-07-23",150.71,-3.29,5.3,"this week"
"2011-07-23",-109.53,25.1,6,"this week"
"2011-07-23",-109.53,24.96,5.1,"this week"
"2011-07-23",-76.61,-2.66,5,"this week"
"2011-07-23",152.52,14.92,5,"this week"
"2011-07-23",130.45,-7.57,5.2,"this week"
"2011-07-23",142.75,40.1,5,"this week"
"2011-07-23",170.04,-22.04,5.1,"this week"
"2011-07-23",-43.39,10.8,5.9,"this week"
"2011-07-23",-90.68,13.35,5,"this week"
"2011-07-23",-176.29,-29.22,5.1,"this week"
"2011-07-23",143.24,40.34,5.6,"this week"
"2011-07-23",-151.3,62.05,5.3,"this week"
"2011-07-23",-73.1,-35.76,5.2,"this week"
"2011-07-23",-32.91,4.14,5,"this week"
"2011-07-23",142.56,38.92,5.2,"this week"
"2011-07-23",-73.12,-35.77,5.7,"this week"
"2011-07-23",129.14,-6.5,5.1,"this week"
"2011-07-23",179.75,-23.8,6.7,"this week"
"2011-07-23",179.68,-23.75,5.2,"this week"
"2011-07-23",-179.94,-23.5,5,"this week"
"2011-07-23",141.87,36.69,5.4,"this week"
"2011-07-30",-176.69,-28.96,5.4,"3 weeks ago"
"2011-07-30",-176.9,-29.14,5.1,"3 weeks ago"
"2011-07-30",177.84,-16.59,5,"3 weeks ago"
"2011-07-30",129.4,-4.14,5.5,"3 weeks ago"
"2011-07-30",-174.54,-21.21,5.9,"3 weeks ago"
"2011-07-30",-174.64,-21.16,5.6,"3 weeks ago"
"2011-07-30",-96.06,16.06,5.1,"3 weeks ago"
"2011-07-30",-176.32,-29.32,5.1,"3 weeks ago"
"2011-07-30",-177.12,-29.39,5.9,"3 weeks ago"
"2011-07-30",-176.8,-29.19,5.3,"3 weeks ago"
"2011-07-30",-177.01,-29.41,5.2,"3 weeks ago"
"2011-07-30",178.12,-35.9,5.3,"3 weeks ago"
"2011-07-30",-177.05,-29.34,6,"3 weeks ago"
"2011-07-30",-176.84,-29.55,5.3,"3 weeks ago"
"2011-07-30",-177.01,-29.47,5.4,"3 weeks ago"
"2011-07-30",-176.68,-30.04,5.1,"3 weeks ago"
"2011-07-30",-176.93,-29.5,5.2,"3 weeks ago"
"2011-07-30",-67.44,-28.76,5,"3 weeks ago"
"2011-07-30",-177.01,-29.48,5,"3 weeks ago"
"2011-07-30",-177.01,-29.44,6,"3 weeks ago"
"2011-07-30",-177.03,-29.51,5.1,"3 weeks ago"
"2011-07-30",-176.82,-29.2,5.1,"3 weeks ago"
"2011-07-30",-177.01,-29.34,5.1,"3 weeks ago"
"2011-07-30",-13.3,-8.02,5,"3 weeks ago"
"2011-07-30",-13.59,-7.86,5.2,"3 weeks ago"
"2011-07-30",-13.48,-7.8,5.3,"3 weeks ago"
"2011-07-30",-178.84,-33.6,5.2,"3 weeks ago"
"2011-07-30",143.26,38.03,7,"3 weeks ago"
"2011-07-30",-178.35,-32.52,5.4,"3 weeks ago"
"2011-07-30",-177.98,-32.7,5,"3 weeks ago"
"2011-07-30",-176.74,-28.96,5.2,"3 weeks ago"
"2011-07-30",122.26,9.53,5,"3 weeks ago"
"2011-07-30",-176.61,-29,5,"3 weeks ago"
"2011-07-30",-176.08,-15.42,5.7,"3 weeks ago"
"2011-07-30",-175.84,-15.43,5.2,"3 weeks ago"
"2011-07-30",-176.01,-15.32,5.1,"3 weeks ago"
"2011-07-30",146.47,-3.31,5.3,"3 weeks ago"
"2011-07-30",-175.88,-15.51,5.2,"3 weeks ago"
"2011-07-30",141.86,39.35,5.2,"3 weeks ago"
"2011-07-30",-177.07,-29.27,5.4,"3 weeks ago"
"2011-07-30",-176.94,-29.3,5.2,"3 weeks ago"
"2011-07-30",-176.58,-29.49,5.9,"3 weeks ago"
"2011-07-30",-176.84,-29.28,5.1,"3 weeks ago"
"2011-07-30",121.69,-4.06,5.5,"3 weeks ago"
"2011-07-30",-174.75,-22.68,5.6,"3 weeks ago"
"2011-07-30",121.68,-4.15,5.2,"3 weeks ago"
"2011-07-30",-174.65,-22.71,5,"3 weeks ago"
"2011-07-30",-176.85,-28.51,5.1,"3 weeks ago"
"2011-07-30",-114.08,-49.93,5.7,"3 weeks ago"
"2011-07-30",-114.15,-49.88,5.3,"3 weeks ago"
"2011-07-30",176.66,-13.93,5,"3 weeks ago"
"2011-07-30",122.17,9.51,6.4,"3 weeks ago"
"2011-07-30",122.18,9.57,5.3,"3 weeks ago"
"2011-07-30",122.28,9.67,5.1,"3 weeks ago"
"2011-07-30",122.23,9.5,5.3,"3 weeks ago"
"2011-07-30",-176.61,-29.46,5.1,"3 weeks ago"
"2011-07-30",122.43,9.61,5,"3 weeks ago"
"2011-07-30",122.26,9.58,5.3,"3 weeks ago"
"2011-07-30",122.33,9.67,5.1,"3 weeks ago"
"2011-07-30",150.76,45.78,5.3,"3 weeks ago"
"2011-07-30",-26.87,-56.36,5.1,"3 weeks ago"
"2011-07-30",-176.22,-29.47,5,"3 weeks ago"
"2011-07-30",122.3,9.7,5.4,"3 weeks ago"
"2011-07-30",141.88,38.81,5,"3 weeks ago"
"2011-07-30",-173.21,-15.48,5.4,"3 weeks ago"
"2011-07-30",121.52,23.43,5,"3 weeks ago"
"2011-07-30",61.84,-28.87,5,"3 weeks ago"
"2011-07-30",-85.2,10.65,5.5,"3 weeks ago"
"2011-07-30",-85.2,10.74,5.3,"3 weeks ago"
"2011-07-30",141.01,37.35,5.1,"3 weeks ago"
"2011-07-30",-85.17,10.81,5.2,"3 weeks ago"
"2011-07-30",-176.29,-30.23,5,"3 weeks ago"
"2011-07-30",130.49,-6.06,5.6,"3 weeks ago"
"2011-07-30",-73.6,-36.34,5,"3 weeks ago"
"2011-07-30",-176.86,-29.12,5.4,"3 weeks ago"
"2011-07-30",123.7,25.08,5.2,"3 weeks ago"
"2011-07-30",-174.36,-21.51,5.2,"3 weeks ago"
"2011-07-30",-178.14,-32.76,5,"3 weeks ago"
"2011-07-30",141.14,36.93,5,"3 weeks ago"
"2011-07-30",-93.75,-38.22,5.3,"3 weeks ago"
"2011-07-30",-93.77,-38.24,5.5,"3 weeks ago"
"2011-07-30",-93.06,-38.19,5.2,"3 weeks ago"
"2011-07-30",-178.53,-33.24,5,"3 weeks ago"
"2011-07-30",122.3,9.7,5,"3 weeks ago"
"2011-07-30",-69.26,-18.61,5,"3 weeks ago"
"2011-07-30",-175.3,-24.19,5.3,"3 weeks ago"
"2011-07-30",155.31,-61.78,5,"3 weeks ago"
"2011-07-30",-176.91,-29.82,5.4,"3 weeks ago"
"2011-07-30",139.85,36.13,5.5,"3 weeks ago"
"2011-07-30",-23.52,-60.76,6.1,"3 weeks ago"
"2011-07-30",-68.78,-21.17,5.4,"3 weeks ago"
"2011-07-30",167.35,-17.26,5.3,"3 weeks ago"
"2011-07-30",140.13,27.02,5.4,"3 weeks ago"
"2011-07-30",-176.24,-29.52,5,"3 weeks ago"
"2011-07-30",-71.83,-33.82,6,"2 weeks ago"
"2011-07-30",-87.85,12.15,5.1,"2 weeks ago"
"2011-07-30",-175,-22.43,5.8,"2 weeks ago"
"2011-07-30",-26.66,-60.55,5.3,"2 weeks ago"
"2011-07-30",127.58,-7.09,5.9,"2 weeks ago"
"2011-07-30",169.36,-18.87,5.6,"2 weeks ago"
"2011-07-30",108.44,52.88,5.3,"2 weeks ago"
"2011-07-30",-161.29,54.79,6.1,"2 weeks ago"
"2011-07-30",-176.86,-29.8,5.2,"2 weeks ago"
"2011-07-30",106.49,-6.64,5,"2 weeks ago"
"2011-07-30",179.72,-35.25,5,"2 weeks ago"
"2011-07-30",122.38,23.59,5,"2 weeks ago"
"2011-07-30",-176.21,-29.17,5,"2 weeks ago"
"2011-07-30",152.94,52.8,5.5,"2 weeks ago"
"2011-07-30",178.94,51.28,5.8,"2 weeks ago"
"2011-07-30",179.05,51.27,5.4,"2 weeks ago"
"2011-07-30",141.57,37.39,5.2,"2 weeks ago"
"2011-07-30",-177.82,-30.72,5.3,"2 weeks ago"
"2011-07-30",137.82,-1.23,5,"2 weeks ago"
"2011-07-30",19.92,37.21,5.1,"2 weeks ago"
"2011-07-30",179.03,-23.72,5.5,"2 weeks ago"
"2011-07-30",-174.57,-16.7,5,"2 weeks ago"
"2011-07-30",178.46,-25.09,5.3,"2 weeks ago"
"2011-07-30",71.41,40.08,6.1,"2 weeks ago"
"2011-07-30",-176.71,-29.47,5.2,"2 weeks ago"
"2011-07-30",-82.31,7.09,5.3,"2 weeks ago"
"2011-07-30",128.2,27.24,5.3,"2 weeks ago"
"2011-07-30",162.01,-10.34,6,"2 weeks ago"
"2011-07-30",143.47,39.63,5.1,"2 weeks ago"
"2011-07-30",25.98,-15.96,5,"2 weeks ago"
"2011-07-30",-176.36,-30.16,5,"2 weeks ago"
"2011-07-30",164.45,-62.5,6,"2 weeks ago"
"2011-07-30",-178.6,-20.32,5.9,"2 weeks ago"
"2011-07-30",-161.34,54.9,5.1,"2 weeks ago"
"2011-07-30",-93.04,14.38,5,"2 weeks ago"
"2011-07-30",-88.18,12.36,5.1,"2 weeks ago"
"2011-07-30",-83.7,-41.78,5,"2 weeks ago"
"2011-07-30",145.34,13.06,5.4,"2 weeks ago"
"2011-07-30",-69.7,-29.34,5.5,"1 week ago"
"2011-07-30",141.82,38.9,6.3,"1 week ago"
"2011-07-30",-178.88,-24.31,5.2,"1 week ago"
"2011-07-30",-161.15,54.7,5.7,"1 week ago"
"2011-07-30",-82.64,3.78,5,"1 week ago"
"2011-07-30",-85.68,10.75,5.1,"1 week ago"
"2011-07-30",145.25,13.11,5.5,"1 week ago"
"2011-07-30",-70.68,-20.2,5,"1 week ago"
"2011-07-30",-110.22,-9.2,5.4,"1 week ago"
"2011-07-30",-70.47,-20.09,5,"1 week ago"
"2011-07-30",106.46,-7.2,5,"1 week ago"
"2011-07-30",141.99,38.85,5.1,"1 week ago"
"2011-07-30",-74.31,-14.8,5,"1 week ago"
"2011-07-30",141.39,37.73,6.3,"1 week ago"
"2011-07-30",150.61,-3.18,6.3,"1 week ago"
"2011-07-30",150.08,-3.27,5.1,"1 week ago"
"2011-07-30",-174.45,-21.29,5.2,"1 week ago"
"2011-07-30",150.8,-3.34,5,"1 week ago"
"2011-07-30",141.03,35.21,5,"1 week ago"
"2011-07-30",141.88,38.57,5.1,"1 week ago"
"2011-07-30",-73.73,-37.71,5.2,"1 week ago"
"2011-07-30",140.93,35.27,5.6,"1 week ago"
"2011-07-30",120.04,14.95,5.9,"1 week ago"
"2011-07-30",27.75,40.8,5.1,"1 week ago"
"2011-07-30",-76.61,-5.35,5.2,"1 week ago"
"2011-07-30",56.89,36.52,5,"1 week ago"
"2011-07-30",159.93,52.96,5.4,"1 week ago"
"2011-07-30",159.79,52.99,5.6,"1 week ago"
"2011-07-30",-85.72,16.88,5.1,"1 week ago"
"2011-07-30",126.78,7.56,5.1,"1 week ago"
"2011-07-30",67.11,-9.23,5.8,"1 week ago"
"2011-07-30",150.71,-3.29,5.3,"1 week ago"
"2011-07-30",-109.53,25.1,6,"1 week ago"
"2011-07-30",-109.53,24.96,5.1,"1 week ago"
"2011-07-30",-76.61,-2.66,5,"1 week ago"
"2011-07-30",152.52,14.92,5,"1 week ago"
"2011-07-30",130.45,-7.57,5.2,"1 week ago"
"2011-07-30",142.75,40.1,5,"1 week ago"
"2011-07-30",170.04,-22.04,5.1,"1 week ago"
"2011-07-30",-43.39,10.8,5.9,"1 week ago"
"2011-07-30",-90.68,13.35,5,"1 week ago"
"2011-07-30",-176.29,-29.22,5.1,"1 week ago"
"2011-07-30",143.24,40.34,5.6,"1 week ago"
"2011-07-30",-151.3,62.05,5.3,"1 week ago"
"2011-07-30",-73.1,-35.76,5.2,"1 week ago"
"2011-07-30",-32.91,4.14,5,"1 week ago"
"2011-07-30",142.56,38.92,5.2,"1 week ago"
"2011-07-30",-73.12,-35.77,5.7,"1 week ago"
"2011-07-30",129.14,-6.5,5.1,"1 week ago"
"2011-07-30",179.75,-23.8,6.7,"1 week ago"
"2011-07-30",179.68,-23.75,5.2,"1 week ago"
"2011-07-30",-179.94,-23.5,5,"1 week ago"
"2011-07-30",141.87,36.69,5.4,"1 week ago"
"2011-07-30",-174.99,-22.58,5,"this week"
"2011-07-30",141.6,34.83,5,"this week"
"2011-07-30",143.23,12.9,5.5,"this week"
"2011-07-30",140.96,36.94,6.3,"this week"
"2011-07-30",-178.29,-31.27,5.2,"this week"
"2011-07-30",171.58,-17.02,6.1,"this week"
"2011-07-30",142.83,41.8,5.5,"this week"
"2011-07-30",-66.57,-27.77,5.4,"this week"
"2011-07-30",144.83,-3.52,6.6,"this week"
"2011-07-30",99.22,0.03,5.1,"this week"
"2011-07-30",-178.97,-32.55,5.2,"this week"
"2011-07-30",126.37,2.91,5.1,"this week"
"2011-07-30",142.08,39.84,5.7,"this week"
"2011-07-30",141.2,27.28,5.4,"this week"
"2011-07-30",138.43,34.63,5.9,"this week"
"2011-07-30",-171.27,51.79,5.6,"this week"
"2011-07-30",87.57,33.74,5.3,"this week"
"2011-07-30",130.02,-6.87,5.1,"this week"
"2011-07-30",179.01,-23.98,5.7,"this week"
"2011-07-30",43.09,9.98,5,"this week"
"2011-07-30",-177.17,-16.76,5.3,"this week"
"2011-07-30",125.76,4.28,5,"this week"
"2011-07-30",100.19,-3.41,5.2,"this week"
"2011-07-30",-176.67,-30.04,5.3,"this week"
"2011-07-30",98.79,0.97,5.2,"this week"
"2011-07-30",167.88,-16.17,5.1,"this week"
"2011-07-30",148.16,-5.04,5.7,"this week"
"2011-07-30",148.21,-5.08,5.1,"this week"
"2011-07-30",125.08,-0.14,5.2,"this week"
"2011-07-30",101.09,-2.84,5.8,"this week"
"2011-07-30",-32.15,3.88,5.1,"this week"
"2011-07-30",-82.83,8.44,5,"this week"
"2011-07-30",154.77,48.83,6.1,"this week"
"2011-07-30",67.42,-20.2,5.1,"this week"
"2011-07-30",66.49,-14.62,5,"this week"
"2011-07-30",165,-10.71,5.2,"this week"
"2011-07-30",142.31,40.13,5,"this week"
"2011-07-30",-176.73,-29.99,5.7,"this week"
"2011-08-06",-71.83,-33.82,6,"3 weeks ago"
"2011-08-06",-87.85,12.15,5.1,"3 weeks ago"
"2011-08-06",-175,-22.43,5.8,"3 weeks ago"
"2011-08-06",-26.66,-60.55,5.3,"3 weeks ago"
"2011-08-06",127.58,-7.09,5.9,"3 weeks ago"
"2011-08-06",169.36,-18.87,5.6,"3 weeks ago"
"2011-08-06",108.44,52.88,5.3,"3 weeks ago"
"2011-08-06",-161.29,54.79,6.1,"3 weeks ago"
"2011-08-06",-176.86,-29.8,5.2,"3 weeks ago"
"2011-08-06",106.49,-6.64,5,"3 weeks ago"
"2011-08-06",179.72,-35.25,5,"3 weeks ago"
"2011-08-06",122.38,23.59,5,"3 weeks ago"
"2011-08-06",-176.21,-29.17,5,"3 weeks ago"
"2011-08-06",152.94,52.8,5.5,"3 weeks ago"
"2011-08-06",178.94,51.28,5.8,"3 weeks ago"
"2011-08-06",179.05,51.27,5.4,"3 weeks ago"
"2011-08-06",141.57,37.39,5.2,"3 weeks ago"
"2011-08-06",-177.82,-30.72,5.3,"3 weeks ago"
"2011-08-06",137.82,-1.23,5,"3 weeks ago"
"2011-08-06",19.92,37.21,5.1,"3 weeks ago"
"2011-08-06",179.03,-23.72,5.5,"3 weeks ago"
"2011-08-06",-174.57,-16.7,5,"3 weeks ago"
"2011-08-06",178.46,-25.09,5.3,"3 weeks ago"
"2011-08-06",71.41,40.08,6.1,"3 weeks ago"
"2011-08-06",-176.71,-29.47,5.2,"3 weeks ago"
"2011-08-06",-82.31,7.09,5.3,"3 weeks ago"
"2011-08-06",128.2,27.24,5.3,"3 weeks ago"
"2011-08-06",162.01,-10.34,6,"3 weeks ago"
"2011-08-06",143.47,39.63,5.1,"3 weeks ago"
"2011-08-06",25.98,-15.96,5,"3 weeks ago"
"2011-08-06",-176.36,-30.16,5,"3 weeks ago"
"2011-08-06",164.45,-62.5,6,"3 weeks ago"
"2011-08-06",-178.6,-20.32,5.9,"3 weeks ago"
"2011-08-06",-161.34,54.9,5.1,"3 weeks ago"
"2011-08-06",-93.04,14.38,5,"3 weeks ago"
"2011-08-06",-88.18,12.36,5.1,"3 weeks ago"
"2011-08-06",-83.7,-41.78,5,"3 weeks ago"
"2011-08-06",145.34,13.06,5.4,"3 weeks ago"
"2011-08-06",-69.7,-29.34,5.5,"2 weeks ago"
"2011-08-06",141.82,38.9,6.3,"2 weeks ago"
"2011-08-06",-178.88,-24.31,5.2,"2 weeks ago"
"2011-08-06",-161.15,54.7,5.7,"2 weeks ago"
"2011-08-06",-82.64,3.78,5,"2 weeks ago"
"2011-08-06",-85.68,10.75,5.1,"2 weeks ago"
"2011-08-06",145.25,13.11,5.5,"2 weeks ago"
"2011-08-06",-70.68,-20.2,5,"2 weeks ago"
"2011-08-06",-110.22,-9.2,5.4,"2 weeks ago"
"2011-08-06",-70.47,-20.09,5,"2 weeks ago"
"2011-08-06",106.46,-7.2,5,"2 weeks ago"
"2011-08-06",141.99,38.85,5.1,"2 weeks ago"
"2011-08-06",-74.31,-14.8,5,"2 weeks ago"
"2011-08-06",141.39,37.73,6.3,"2 weeks ago"
"2011-08-06",150.61,-3.18,6.3,"2 weeks ago"
"2011-08-06",150.08,-3.27,5.1,"2 weeks ago"
"2011-08-06",-174.45,-21.29,5.2,"2 weeks ago"
"2011-08-06",150.8,-3.34,5,"2 weeks ago"
"2011-08-06",141.03,35.21,5,"2 weeks ago"
"2011-08-06",141.88,38.57,5.1,"2 weeks ago"
"2011-08-06",-73.73,-37.71,5.2,"2 weeks ago"
"2011-08-06",140.93,35.27,5.6,"2 weeks ago"
"2011-08-06",120.04,14.95,5.9,"2 weeks ago"
"2011-08-06",27.75,40.8,5.1,"2 weeks ago"
"2011-08-06",-76.61,-5.35,5.2,"2 weeks ago"
"2011-08-06",56.89,36.52,5,"2 weeks ago"
"2011-08-06",159.93,52.96,5.4,"2 weeks ago"
"2011-08-06",159.79,52.99,5.6,"2 weeks ago"
"2011-08-06",-85.72,16.88,5.1,"2 weeks ago"
"2011-08-06",126.78,7.56,5.1,"2 weeks ago"
"2011-08-06",67.11,-9.23,5.8,"2 weeks ago"
"2011-08-06",150.71,-3.29,5.3,"2 weeks ago"
"2011-08-06",-109.53,25.1,6,"2 weeks ago"
"2011-08-06",-109.53,24.96,5.1,"2 weeks ago"
"2011-08-06",-76.61,-2.66,5,"2 weeks ago"
"2011-08-06",152.52,14.92,5,"2 weeks ago"
"2011-08-06",130.45,-7.57,5.2,"2 weeks ago"
"2011-08-06",142.75,40.1,5,"2 weeks ago"
"2011-08-06",170.04,-22.04,5.1,"2 weeks ago"
"2011-08-06",-43.39,10.8,5.9,"2 weeks ago"
"2011-08-06",-90.68,13.35,5,"2 weeks ago"
"2011-08-06",-176.29,-29.22,5.1,"2 weeks ago"
"2011-08-06",143.24,40.34,5.6,"2 weeks ago"
"2011-08-06",-151.3,62.05,5.3,"2 weeks ago"
"2011-08-06",-73.1,-35.76,5.2,"2 weeks ago"
"2011-08-06",-32.91,4.14,5,"2 weeks ago"
"2011-08-06",142.56,38.92,5.2,"2 weeks ago"
"2011-08-06",-73.12,-35.77,5.7,"2 weeks ago"
"2011-08-06",129.14,-6.5,5.1,"2 weeks ago"
"2011-08-06",179.75,-23.8,6.7,"2 weeks ago"
"2011-08-06",179.68,-23.75,5.2,"2 weeks ago"
"2011-08-06",-179.94,-23.5,5,"2 weeks ago"
"2011-08-06",141.87,36.69,5.4,"2 weeks ago"
"2011-08-06",-174.99,-22.58,5,"1 week ago"
"2011-08-06",141.6,34.83,5,"1 week ago"
"2011-08-06",143.23,12.9,5.5,"1 week ago"
"2011-08-06",140.96,36.94,6.3,"1 week ago"
"2011-08-06",-178.29,-31.27,5.2,"1 week ago"
"2011-08-06",171.58,-17.02,6.1,"1 week ago"
"2011-08-06",142.83,41.8,5.5,"1 week ago"
"2011-08-06",-66.57,-27.77,5.4,"1 week ago"
"2011-08-06",144.83,-3.52,6.6,"1 week ago"
"2011-08-06",99.22,0.03,5.1,"1 week ago"
"2011-08-06",-178.97,-32.55,5.2,"1 week ago"
"2011-08-06",126.37,2.91,5.1,"1 week ago"
"2011-08-06",142.08,39.84,5.7,"1 week ago"
"2011-08-06",141.2,27.28,5.4,"1 week ago"
"2011-08-06",138.43,34.63,5.9,"1 week ago"
"2011-08-06",-171.27,51.79,5.6,"1 week ago"
"2011-08-06",87.57,33.74,5.3,"1 week ago"
"2011-08-06",130.02,-6.87,5.1,"1 week ago"
"2011-08-06",179.01,-23.98,5.7,"1 week ago"
"2011-08-06",43.09,9.98,5,"1 week ago"
"2011-08-06",-177.17,-16.76,5.3,"1 week ago"
"2011-08-06",125.76,4.28,5,"1 week ago"
"2011-08-06",100.19,-3.41,5.2,"1 week ago"
"2011-08-06",-176.67,-30.04,5.3,"1 week ago"
"2011-08-06",98.79,0.97,5.2,"1 week ago"
"2011-08-06",167.88,-16.17,5.1,"1 week ago"
"2011-08-06",148.16,-5.04,5.7,"1 week ago"
"2011-08-06",148.21,-5.08,5.1,"1 week ago"
"2011-08-06",125.08,-0.14,5.2,"1 week ago"
"2011-08-06",101.09,-2.84,5.8,"1 week ago"
"2011-08-06",-32.15,3.88,5.1,"1 week ago"
"2011-08-06",-82.83,8.44,5,"1 week ago"
"2011-08-06",154.77,48.83,6.1,"1 week ago"
"2011-08-06",67.42,-20.2,5.1,"1 week ago"
"2011-08-06",66.49,-14.62,5,"1 week ago"
"2011-08-06",165,-10.71,5.2,"1 week ago"
"2011-08-06",142.31,40.13,5,"1 week ago"
"2011-08-06",-176.73,-29.99,5.7,"1 week ago"
"2011-08-06",101.09,-2.91,5.3,"this week"
"2011-08-06",140.99,35.24,5.3,"this week"
"2011-08-06",-73.33,-35.88,5.5,"this week"
"2011-08-06",152.88,-4.34,5,"this week"
"2011-08-06",-60.33,13.87,5.2,"this week"
"2011-08-06",168.31,-11.79,5.6,"this week"
"2011-08-06",179.56,-20.28,5.4,"this week"
"2011-08-06",-175.23,-17.6,5,"this week"
"2011-08-06",21.83,38.44,5,"this week"
"2011-08-06",133.88,-5.49,5,"this week"
"2011-08-06",111.29,-5.82,5,"this week"
"2011-08-06",149.19,-6.14,5,"this week"
"2011-08-06",162.34,-11.11,5.6,"this week"
"2011-08-06",-177.08,-29.42,5,"this week"
"2011-08-06",-178.46,-20.58,5.4,"this week"
"2011-08-06",98.73,24.93,5.1,"this week"
"2011-08-06",-27.11,-56.12,5,"this week"
"2011-08-06",-101.84,-36.08,5,"this week"
"2011-08-06",65.08,27.72,5.7,"this week"
"2011-08-06",-178.34,-30.54,5,"this week"
"2011-08-06",155.29,-7.11,5.3,"this week"
"2011-08-06",-173.8,-16.24,5.2,"this week"
"2011-08-06",-12.62,-7.04,6,"this week"
"2011-08-06",179.92,-24.8,5.7,"this week"
"2011-08-06",-12.56,-7.01,5.2,"this week"
"2011-08-06",121.23,19.1,5.4,"this week"
"2011-08-06",-12.8,-7.02,5.2,"this week"
"2011-08-06",77.03,39.95,5.6,"this week"
"2011-08-06",142.04,38.36,5.2,"this week"
"2011-08-06",95.69,37.66,5,"this week"
"2011-08-06",140.89,37.03,5.8,"this week"
"2011-08-06",137.96,34.4,5,"this week"
"2011-08-06",133.82,-4.77,5,"this week"
"2011-08-06",54.73,36.53,5,"this week"
"2011-08-06",-86.47,11.3,5,"this week"
"2011-08-06",120.96,13.34,5.3,"this week"
"2011-08-06",-177.02,-21.8,5.5,"this week"
"2011-08-06",-86.45,11.28,5,"this week"
"2011-08-06",147.21,-6.05,5,"this week"
"2011-08-06",148.69,-3.22,5.3,"this week"
"2011-08-06",-176.67,-24.34,5,"this week"
"2011-08-13",-69.7,-29.34,5.5,"3 weeks ago"
"2011-08-13",141.82,38.9,6.3,"3 weeks ago"
"2011-08-13",-178.88,-24.31,5.2,"3 weeks ago"
"2011-08-13",-161.15,54.7,5.7,"3 weeks ago"
"2011-08-13",-82.64,3.78,5,"3 weeks ago"
"2011-08-13",-85.68,10.75,5.1,"3 weeks ago"
"2011-08-13",145.25,13.11,5.5,"3 weeks ago"
"2011-08-13",-70.68,-20.2,5,"3 weeks ago"
"2011-08-13",-110.22,-9.2,5.4,"3 weeks ago"
"2011-08-13",-70.47,-20.09,5,"3 weeks ago"
"2011-08-13",106.46,-7.2,5,"3 weeks ago"
"2011-08-13",141.99,38.85,5.1,"3 weeks ago"
"2011-08-13",-74.31,-14.8,5,"3 weeks ago"
"2011-08-13",141.39,37.73,6.3,"3 weeks ago"
"2011-08-13",150.61,-3.18,6.3,"3 weeks ago"
"2011-08-13",150.08,-3.27,5.1,"3 weeks ago"
"2011-08-13",-174.45,-21.29,5.2,"3 weeks ago"
"2011-08-13",150.8,-3.34,5,"3 weeks ago"
"2011-08-13",141.03,35.21,5,"3 weeks ago"
"2011-08-13",141.88,38.57,5.1,"3 weeks ago"
"2011-08-13",-73.73,-37.71,5.2,"3 weeks ago"
"2011-08-13",140.93,35.27,5.6,"3 weeks ago"
"2011-08-13",120.04,14.95,5.9,"3 weeks ago"
"2011-08-13",27.75,40.8,5.1,"3 weeks ago"
"2011-08-13",-76.61,-5.35,5.2,"3 weeks ago"
"2011-08-13",56.89,36.52,5,"3 weeks ago"
"2011-08-13",159.93,52.96,5.4,"3 weeks ago"
"2011-08-13",159.79,52.99,5.6,"3 weeks ago"
"2011-08-13",-85.72,16.88,5.1,"3 weeks ago"
"2011-08-13",126.78,7.56,5.1,"3 weeks ago"
"2011-08-13",67.11,-9.23,5.8,"3 weeks ago"
"2011-08-13",150.71,-3.29,5.3,"3 weeks ago"
"2011-08-13",-109.53,25.1,6,"3 weeks ago"
"2011-08-13",-109.53,24.96,5.1,"3 weeks ago"
"2011-08-13",-76.61,-2.66,5,"3 weeks ago"
"2011-08-13",152.52,14.92,5,"3 weeks ago"
"2011-08-13",130.45,-7.57,5.2,"3 weeks ago"
"2011-08-13",142.75,40.1,5,"3 weeks ago"
"2011-08-13",170.04,-22.04,5.1,"3 weeks ago"
"2011-08-13",-43.39,10.8,5.9,"3 weeks ago"
"2011-08-13",-90.68,13.35,5,"3 weeks ago"
"2011-08-13",-176.29,-29.22,5.1,"3 weeks ago"
"2011-08-13",143.24,40.34,5.6,"3 weeks ago"
"2011-08-13",-151.3,62.05,5.3,"3 weeks ago"
"2011-08-13",-73.1,-35.76,5.2,"3 weeks ago"
"2011-08-13",-32.91,4.14,5,"3 weeks ago"
"2011-08-13",142.56,38.92,5.2,"3 weeks ago"
"2011-08-13",-73.12,-35.77,5.7,"3 weeks ago"
"2011-08-13",129.14,-6.5,5.1,"3 weeks ago"
"2011-08-13",179.75,-23.8,6.7,"3 weeks ago"
"2011-08-13",179.68,-23.75,5.2,"3 weeks ago"
"2011-08-13",-179.94,-23.5,5,"3 weeks ago"
"2011-08-13",141.87,36.69,5.4,"3 weeks ago"
"2011-08-13",-174.99,-22.58,5,"2 weeks ago"
"2011-08-13",141.6,34.83,5,"2 weeks ago"
"2011-08-13",143.23,12.9,5.5,"2 weeks ago"
"2011-08-13",140.96,36.94,6.3,"2 weeks ago"
"2011-08-13",-178.29,-31.27,5.2,"2 weeks ago"
"2011-08-13",171.58,-17.02,6.1,"2 weeks ago"
"2011-08-13",142.83,41.8,5.5,"2 weeks ago"
"2011-08-13",-66.57,-27.77,5.4,"2 weeks ago"
"2011-08-13",144.83,-3.52,6.6,"2 weeks ago"
"2011-08-13",99.22,0.03,5.1,"2 weeks ago"
"2011-08-13",-178.97,-32.55,5.2,"2 weeks ago"
"2011-08-13",126.37,2.91,5.1,"2 weeks ago"
"2011-08-13",142.08,39.84,5.7,"2 weeks ago"
"2011-08-13",141.2,27.28,5.4,"2 weeks ago"
"2011-08-13",138.43,34.63,5.9,"2 weeks ago"
"2011-08-13",-171.27,51.79,5.6,"2 weeks ago"
"2011-08-13",87.57,33.74,5.3,"2 weeks ago"
"2011-08-13",130.02,-6.87,5.1,"2 weeks ago"
"2011-08-13",179.01,-23.98,5.7,"2 weeks ago"
"2011-08-13",43.09,9.98,5,"2 weeks ago"
"2011-08-13",-177.17,-16.76,5.3,"2 weeks ago"
"2011-08-13",125.76,4.28,5,"2 weeks ago"
"2011-08-13",100.19,-3.41,5.2,"2 weeks ago"
"2011-08-13",-176.67,-30.04,5.3,"2 weeks ago"
"2011-08-13",98.79,0.97,5.2,"2 weeks ago"
"2011-08-13",167.88,-16.17,5.1,"2 weeks ago"
"2011-08-13",148.16,-5.04,5.7,"2 weeks ago"
"2011-08-13",148.21,-5.08,5.1,"2 weeks ago"
"2011-08-13",125.08,-0.14,5.2,"2 weeks ago"
"2011-08-13",101.09,-2.84,5.8,"2 weeks ago"
"2011-08-13",-32.15,3.88,5.1,"2 weeks ago"
"2011-08-13",-82.83,8.44,5,"2 weeks ago"
"2011-08-13",154.77,48.83,6.1,"2 weeks ago"
"2011-08-13",67.42,-20.2,5.1,"2 weeks ago"
"2011-08-13",66.49,-14.62,5,"2 weeks ago"
"2011-08-13",165,-10.71,5.2,"2 weeks ago"
"2011-08-13",142.31,40.13,5,"2 weeks ago"
"2011-08-13",-176.73,-29.99,5.7,"2 weeks ago"
"2011-08-13",101.09,-2.91,5.3,"1 week ago"
"2011-08-13",140.99,35.24,5.3,"1 week ago"
"2011-08-13",-73.33,-35.88,5.5,"1 week ago"
"2011-08-13",152.88,-4.34,5,"1 week ago"
"2011-08-13",-60.33,13.87,5.2,"1 week ago"
"2011-08-13",168.31,-11.79,5.6,"1 week ago"
"2011-08-13",179.56,-20.28,5.4,"1 week ago"
"2011-08-13",-175.23,-17.6,5,"1 week ago"
"2011-08-13",21.83,38.44,5,"1 week ago"
"2011-08-13",133.88,-5.49,5,"1 week ago"
"2011-08-13",111.29,-5.82,5,"1 week ago"
"2011-08-13",149.19,-6.14,5,"1 week ago"
"2011-08-13",162.34,-11.11,5.6,"1 week ago"
"2011-08-13",-177.08,-29.42,5,"1 week ago"
"2011-08-13",-178.46,-20.58,5.4,"1 week ago"
"2011-08-13",98.73,24.93,5.1,"1 week ago"
"2011-08-13",-27.11,-56.12,5,"1 week ago"
"2011-08-13",-101.84,-36.08,5,"1 week ago"
"2011-08-13",65.08,27.72,5.7,"1 week ago"
"2011-08-13",-178.34,-30.54,5,"1 week ago"
"2011-08-13",155.29,-7.11,5.3,"1 week ago"
"2011-08-13",-173.8,-16.24,5.2,"1 week ago"
"2011-08-13",-12.62,-7.04,6,"1 week ago"
"2011-08-13",179.92,-24.8,5.7,"1 week ago"
"2011-08-13",-12.56,-7.01,5.2,"1 week ago"
"2011-08-13",121.23,19.1,5.4,"1 week ago"
"2011-08-13",-12.8,-7.02,5.2,"1 week ago"
"2011-08-13",77.03,39.95,5.6,"1 week ago"
"2011-08-13",142.04,38.36,5.2,"1 week ago"
"2011-08-13",95.69,37.66,5,"1 week ago"
"2011-08-13",140.89,37.03,5.8,"1 week ago"
"2011-08-13",137.96,34.4,5,"1 week ago"
"2011-08-13",133.82,-4.77,5,"1 week ago"
"2011-08-13",54.73,36.53,5,"1 week ago"
"2011-08-13",-86.47,11.3,5,"1 week ago"
"2011-08-13",120.96,13.34,5.3,"1 week ago"
"2011-08-13",-177.02,-21.8,5.5,"1 week ago"
"2011-08-13",-86.45,11.28,5,"1 week ago"
"2011-08-13",147.21,-6.05,5,"1 week ago"
"2011-08-13",148.69,-3.22,5.3,"1 week ago"
"2011-08-13",-176.67,-24.34,5,"1 week ago"
"2011-08-13",-177.93,-30.55,5.5,"this week"
"2011-08-13",-94.67,14.39,5.8,"this week"
"2011-08-13",142.72,11.57,5,"this week"
"2011-08-13",102.79,-4.84,5,"this week"
"2011-08-13",129.79,-6.72,5.2,"this week"
"2011-08-13",-14.65,-1.34,5.6,"this week"
"2011-08-13",-179.61,-22.88,5.3,"this week"
"2011-08-13",-91.57,14.3,5,"this week"
"2011-08-13",166.26,-12.47,5,"this week"
"2011-08-13",-76.91,-1.81,5.7,"this week"
"2011-08-13",153.24,-5.92,5.2,"this week"
"2011-08-13",140.67,12.16,5.2,"this week"
"2011-08-13",143.04,22.65,5.4,"this week"
"2011-08-13",171.65,-17.04,5,"this week"
"2011-08-13",143.67,28.76,5.2,"this week"
"2011-08-13",128.01,-2.32,6.1,"this week"
"2011-08-13",143.49,38.07,5,"this week"
"2011-08-13",147.14,-5.56,5.6,"this week"
"2011-08-13",142.31,40.14,5.3,"this week"
"2011-08-13",174.97,51.95,5.3,"this week"
"2011-08-13",-25.45,-57.23,5.7,"this week"
"2011-08-13",142.09,38.4,5,"this week"
"2011-08-13",-77.53,5.65,5,"this week"
"2011-08-13",166.6,-12.24,5.2,"this week"
"2011-08-13",143.77,36.76,6.1,"this week"
"2011-08-13",147.56,-6.27,5,"this week"
"2011-08-13",-130.72,51.75,5.1,"this week"
"2011-08-13",-177,-16.52,6.2,"this week"
"2011-08-13",141.65,37.67,6.2,"this week"
"2011-08-13",123.28,-7.82,5.3,"this week"
"2011-08-13",153.28,46.52,5.2,"this week"
"2011-08-13",142.47,45.88,5.1,"this week"
"2011-08-20",-174.99,-22.58,5,"3 weeks ago"
"2011-08-20",141.6,34.83,5,"3 weeks ago"
"2011-08-20",143.23,12.9,5.5,"3 weeks ago"
"2011-08-20",140.96,36.94,6.3,"3 weeks ago"
"2011-08-20",-178.29,-31.27,5.2,"3 weeks ago"
"2011-08-20",171.58,-17.02,6.1,"3 weeks ago"
"2011-08-20",142.83,41.8,5.5,"3 weeks ago"
"2011-08-20",-66.57,-27.77,5.4,"3 weeks ago"
"2011-08-20",144.83,-3.52,6.6,"3 weeks ago"
"2011-08-20",99.22,0.03,5.1,"3 weeks ago"
"2011-08-20",-178.97,-32.55,5.2,"3 weeks ago"
"2011-08-20",126.37,2.91,5.1,"3 weeks ago"
"2011-08-20",142.08,39.84,5.7,"3 weeks ago"
"2011-08-20",141.2,27.28,5.4,"3 weeks ago"
"2011-08-20",138.43,34.63,5.9,"3 weeks ago"
"2011-08-20",-171.27,51.79,5.6,"3 weeks ago"
"2011-08-20",87.57,33.74,5.3,"3 weeks ago"
"2011-08-20",130.02,-6.87,5.1,"3 weeks ago"
"2011-08-20",179.01,-23.98,5.7,"3 weeks ago"
"2011-08-20",43.09,9.98,5,"3 weeks ago"
"2011-08-20",-177.17,-16.76,5.3,"3 weeks ago"
"2011-08-20",125.76,4.28,5,"3 weeks ago"
"2011-08-20",100.19,-3.41,5.2,"3 weeks ago"
"2011-08-20",-176.67,-30.04,5.3,"3 weeks ago"
"2011-08-20",98.79,0.97,5.2,"3 weeks ago"
"2011-08-20",167.88,-16.17,5.1,"3 weeks ago"
"2011-08-20",148.16,-5.04,5.7,"3 weeks ago"
"2011-08-20",148.21,-5.08,5.1,"3 weeks ago"
"2011-08-20",125.08,-0.14,5.2,"3 weeks ago"
"2011-08-20",101.09,-2.84,5.8,"3 weeks ago"
"2011-08-20",-32.15,3.88,5.1,"3 weeks ago"
"2011-08-20",-82.83,8.44,5,"3 weeks ago"
"2011-08-20",154.77,48.83,6.1,"3 weeks ago"
"2011-08-20",67.42,-20.2,5.1,"3 weeks ago"
"2011-08-20",66.49,-14.62,5,"3 weeks ago"
"2011-08-20",165,-10.71,5.2,"3 weeks ago"
"2011-08-20",142.31,40.13,5,"3 weeks ago"
"2011-08-20",-176.73,-29.99,5.7,"3 weeks ago"
"2011-08-20",101.09,-2.91,5.3,"2 weeks ago"
"2011-08-20",140.99,35.24,5.3,"2 weeks ago"
"2011-08-20",-73.33,-35.88,5.5,"2 weeks ago"
"2011-08-20",152.88,-4.34,5,"2 weeks ago"
"2011-08-20",-60.33,13.87,5.2,"2 weeks ago"
"2011-08-20",168.31,-11.79,5.6,"2 weeks ago"
"2011-08-20",179.56,-20.28,5.4,"2 weeks ago"
"2011-08-20",-175.23,-17.6,5,"2 weeks ago"
"2011-08-20",21.83,38.44,5,"2 weeks ago"
"2011-08-20",133.88,-5.49,5,"2 weeks ago"
"2011-08-20",111.29,-5.82,5,"2 weeks ago"
"2011-08-20",149.19,-6.14,5,"2 weeks ago"
"2011-08-20",162.34,-11.11,5.6,"2 weeks ago"
"2011-08-20",-177.08,-29.42,5,"2 weeks ago"
"2011-08-20",-178.46,-20.58,5.4,"2 weeks ago"
"2011-08-20",98.73,24.93,5.1,"2 weeks ago"
"2011-08-20",-27.11,-56.12,5,"2 weeks ago"
"2011-08-20",-101.84,-36.08,5,"2 weeks ago"
"2011-08-20",65.08,27.72,5.7,"2 weeks ago"
"2011-08-20",-178.34,-30.54,5,"2 weeks ago"
"2011-08-20",155.29,-7.11,5.3,"2 weeks ago"
"2011-08-20",-173.8,-16.24,5.2,"2 weeks ago"
"2011-08-20",-12.62,-7.04,6,"2 weeks ago"
"2011-08-20",179.92,-24.8,5.7,"2 weeks ago"
"2011-08-20",-12.56,-7.01,5.2,"2 weeks ago"
"2011-08-20",121.23,19.1,5.4,"2 weeks ago"
"2011-08-20",-12.8,-7.02,5.2,"2 weeks ago"
"2011-08-20",77.03,39.95,5.6,"2 weeks ago"
"2011-08-20",142.04,38.36,5.2,"2 weeks ago"
"2011-08-20",95.69,37.66,5,"2 weeks ago"
"2011-08-20",140.89,37.03,5.8,"2 weeks ago"
"2011-08-20",137.96,34.4,5,"2 weeks ago"
"2011-08-20",133.82,-4.77,5,"2 weeks ago"
"2011-08-20",54.73,36.53,5,"2 weeks ago"
"2011-08-20",-86.47,11.3,5,"2 weeks ago"
"2011-08-20",120.96,13.34,5.3,"2 weeks ago"
"2011-08-20",-177.02,-21.8,5.5,"2 weeks ago"
"2011-08-20",-86.45,11.28,5,"2 weeks ago"
"2011-08-20",147.21,-6.05,5,"2 weeks ago"
"2011-08-20",148.69,-3.22,5.3,"2 weeks ago"
"2011-08-20",-176.67,-24.34,5,"2 weeks ago"
"2011-08-20",-177.93,-30.55,5.5,"1 week ago"
"2011-08-20",-94.67,14.39,5.8,"1 week ago"
"2011-08-20",142.72,11.57,5,"1 week ago"
"2011-08-20",102.79,-4.84,5,"1 week ago"
"2011-08-20",129.79,-6.72,5.2,"1 week ago"
"2011-08-20",-14.65,-1.34,5.6,"1 week ago"
"2011-08-20",-179.61,-22.88,5.3,"1 week ago"
"2011-08-20",-91.57,14.3,5,"1 week ago"
"2011-08-20",166.26,-12.47,5,"1 week ago"
"2011-08-20",-76.91,-1.81,5.7,"1 week ago"
"2011-08-20",153.24,-5.92,5.2,"1 week ago"
"2011-08-20",140.67,12.16,5.2,"1 week ago"
"2011-08-20",143.04,22.65,5.4,"1 week ago"
"2011-08-20",171.65,-17.04,5,"1 week ago"
"2011-08-20",143.67,28.76,5.2,"1 week ago"
"2011-08-20",128.01,-2.32,6.1,"1 week ago"
"2011-08-20",143.49,38.07,5,"1 week ago"
"2011-08-20",147.14,-5.56,5.6,"1 week ago"
"2011-08-20",142.31,40.14,5.3,"1 week ago"
"2011-08-20",174.97,51.95,5.3,"1 week ago"
"2011-08-20",-25.45,-57.23,5.7,"1 week ago"
"2011-08-20",142.09,38.4,5,"1 week ago"
"2011-08-20",-77.53,5.65,5,"1 week ago"
"2011-08-20",166.6,-12.24,5.2,"1 week ago"
"2011-08-20",143.77,36.76,6.1,"1 week ago"
"2011-08-20",147.56,-6.27,5,"1 week ago"
"2011-08-20",-130.72,51.75,5.1,"1 week ago"
"2011-08-20",-177,-16.52,6.2,"1 week ago"
"2011-08-20",141.65,37.67,6.2,"1 week ago"
"2011-08-20",123.28,-7.82,5.3,"1 week ago"
"2011-08-20",153.28,46.52,5.2,"1 week ago"
"2011-08-20",142.47,45.88,5.1,"1 week ago"
"2011-08-20",-174.94,-22.5,5.6,"this week"
"2011-08-20",21.71,37.92,5.1,"this week"
"2011-08-20",71.32,42.34,5,"this week"
"2011-08-20",168.12,-18.53,5.3,"this week"
"2011-08-20",-179.45,-15.88,5.5,"this week"
"2011-08-20",168.14,-18.36,7.2,"this week"
"2011-08-20",168.21,-18.63,5.3,"this week"
"2011-08-20",167.81,-18.34,5.4,"this week"
"2011-08-20",168.16,-18.31,6.5,"this week"
"2011-08-20",168,-18.7,5,"this week"
"2011-08-20",167.93,-18.6,5.2,"this week"
"2011-08-20",168.22,-18.31,7.1,"this week"
"2011-08-20",167.85,-18.21,5.1,"this week"
"2011-08-20",168.15,-18.18,5,"this week"
"2011-08-20",168.15,-18.18,5.1,"this week"
"2011-08-20",167.58,-18.26,5,"this week"
"2011-08-20",167.87,-18.24,5.6,"this week"
"2011-08-20",168.11,-18.58,5.4,"this week"
"2011-08-20",168.16,-18.6,5.5,"this week"
"2011-08-20",168.17,-18.59,5.2,"this week"
"2011-08-20",-27.49,-56.43,5.6,"this week"
"2011-08-20",151.02,-5.57,5.8,"this week"
"2011-08-20",167.79,-18.19,5,"this week"
"2011-08-20",167.27,-17.43,5.7,"this week"
"2011-08-20",-176.68,-29.03,5.7,"this week"
"2011-08-20",141.69,36.08,5.9,"this week"
"2011-08-20",168.08,-18.34,5,"this week"
"2011-08-20",-176.56,-28.8,5.2,"this week"
"2011-08-20",104.05,-6.28,6.1,"this week"
"2011-08-20",-178.01,-18.34,5,"this week"
"2011-08-20",76.86,33.09,5.1,"this week"
"2011-08-20",-104.7,37.06,5.3,"this week"
"2011-08-20",167.65,-18.8,5.1,"this week"
"2011-08-20",-77.94,37.91,5.8,"this week"
"2011-08-20",147.53,-5.9,5,"this week"
"2011-08-20",-176.88,-21.76,5,"this week"
"2011-08-20",3.67,72.59,5.4,"this week"
"2011-08-20",157.84,-8.99,5,"this week"
"2011-08-20",-74.53,-7.64,7,"this week"
"2011-08-20",-74.53,-7.77,5.4,"this week"
"2011-08-20",-173.5,-15.42,5.2,"this week"
"2011-08-20",167.73,-18.16,6.2,"this week"
"2011-08-20",-25.5,-58.31,5.4,"this week"
"2011-08-20",143.45,36.11,5,"this week"
"2011-08-20",132.88,3.19,5.1,"this week"
"2011-08-20",167,-13.6,5.9,"this week"
"2011-08-20",167.62,-18.27,5.5,"this week"
"2011-08-20",167.4,-18.54,5.1,"this week"
"2011-08-20",167.59,-18.75,5,"this week"
"2011-08-20",152.33,47.34,5.3,"this week"
"2011-08-20",167.54,-18.68,5,"this week"
"2011-08-20",-27.18,-56.21,5.2,"this week"
"2011-08-20",144.55,13.7,5,"this week"
"2011-08-20",167.39,-18.55,5,"this week"
"2011-08-20",70.73,36.44,5.3,"this week"
"2011-08-20",143.08,21.73,5.3,"this week"
"2011-08-27",101.09,-2.91,5.3,"3 weeks ago"
"2011-08-27",140.99,35.24,5.3,"3 weeks ago"
"2011-08-27",-73.33,-35.88,5.5,"3 weeks ago"
"2011-08-27",152.88,-4.34,5,"3 weeks ago"
"2011-08-27",-60.33,13.87,5.2,"3 weeks ago"
"2011-08-27",168.31,-11.79,5.6,"3 weeks ago"
"2011-08-27",179.56,-20.28,5.4,"3 weeks ago"
"2011-08-27",-175.23,-17.6,5,"3 weeks ago"
"2011-08-27",21.83,38.44,5,"3 weeks ago"
"2011-08-27",133.88,-5.49,5,"3 weeks ago"
"2011-08-27",111.29,-5.82,5,"3 weeks ago"
"2011-08-27",149.19,-6.14,5,"3 weeks ago"
"2011-08-27",162.34,-11.11,5.6,"3 weeks ago"
"2011-08-27",-177.08,-29.42,5,"3 weeks ago"
"2011-08-27",-178.46,-20.58,5.4,"3 weeks ago"
"2011-08-27",98.73,24.93,5.1,"3 weeks ago"
"2011-08-27",-27.11,-56.12,5,"3 weeks ago"
"2011-08-27",-101.84,-36.08,5,"3 weeks ago"
"2011-08-27",65.08,27.72,5.7,"3 weeks ago"
"2011-08-27",-178.34,-30.54,5,"3 weeks ago"
"2011-08-27",155.29,-7.11,5.3,"3 weeks ago"
"2011-08-27",-173.8,-16.24,5.2,"3 weeks ago"
"2011-08-27",-12.62,-7.04,6,"3 weeks ago"
"2011-08-27",179.92,-24.8,5.7,"3 weeks ago"
"2011-08-27",-12.56,-7.01,5.2,"3 weeks ago"
"2011-08-27",121.23,19.1,5.4,"3 weeks ago"
"2011-08-27",-12.8,-7.02,5.2,"3 weeks ago"
"2011-08-27",77.03,39.95,5.6,"3 weeks ago"
"2011-08-27",142.04,38.36,5.2,"3 weeks ago"
"2011-08-27",95.69,37.66,5,"3 weeks ago"
"2011-08-27",140.89,37.03,5.8,"3 weeks ago"
"2011-08-27",137.96,34.4,5,"3 weeks ago"
"2011-08-27",133.82,-4.77,5,"3 weeks ago"
"2011-08-27",54.73,36.53,5,"3 weeks ago"
"2011-08-27",-86.47,11.3,5,"3 weeks ago"
"2011-08-27",120.96,13.34,5.3,"3 weeks ago"
"2011-08-27",-177.02,-21.8,5.5,"3 weeks ago"
"2011-08-27",-86.45,11.28,5,"3 weeks ago"
"2011-08-27",147.21,-6.05,5,"3 weeks ago"
"2011-08-27",148.69,-3.22,5.3,"3 weeks ago"
"2011-08-27",-176.67,-24.34,5,"3 weeks ago"
"2011-08-27",-177.93,-30.55,5.5,"2 weeks ago"
"2011-08-27",-94.67,14.39,5.8,"2 weeks ago"
"2011-08-27",142.72,11.57,5,"2 weeks ago"
"2011-08-27",102.79,-4.84,5,"2 weeks ago"
"2011-08-27",129.79,-6.72,5.2,"2 weeks ago"
"2011-08-27",-14.65,-1.34,5.6,"2 weeks ago"
"2011-08-27",-179.61,-22.88,5.3,"2 weeks ago"
"2011-08-27",-91.57,14.3,5,"2 weeks ago"
"2011-08-27",166.26,-12.47,5,"2 weeks ago"
"2011-08-27",-76.91,-1.81,5.7,"2 weeks ago"
"2011-08-27",153.24,-5.92,5.2,"2 weeks ago"
"2011-08-27",140.67,12.16,5.2,"2 weeks ago"
"2011-08-27",143.04,22.65,5.4,"2 weeks ago"
"2011-08-27",171.65,-17.04,5,"2 weeks ago"
"2011-08-27",143.67,28.76,5.2,"2 weeks ago"
"2011-08-27",128.01,-2.32,6.1,"2 weeks ago"
"2011-08-27",143.49,38.07,5,"2 weeks ago"
"2011-08-27",147.14,-5.56,5.6,"2 weeks ago"
"2011-08-27",142.31,40.14,5.3,"2 weeks ago"
"2011-08-27",174.97,51.95,5.3,"2 weeks ago"
"2011-08-27",-25.45,-57.23,5.7,"2 weeks ago"
"2011-08-27",142.09,38.4,5,"2 weeks ago"
"2011-08-27",-77.53,5.65,5,"2 weeks ago"
"2011-08-27",166.6,-12.24,5.2,"2 weeks ago"
"2011-08-27",143.77,36.76,6.1,"2 weeks ago"
"2011-08-27",147.56,-6.27,5,"2 weeks ago"
"2011-08-27",-130.72,51.75,5.1,"2 weeks ago"
"2011-08-27",-177,-16.52,6.2,"2 weeks ago"
"2011-08-27",141.65,37.67,6.2,"2 weeks ago"
"2011-08-27",123.28,-7.82,5.3,"2 weeks ago"
"2011-08-27",153.28,46.52,5.2,"2 weeks ago"
"2011-08-27",142.47,45.88,5.1,"2 weeks ago"
"2011-08-27",-174.94,-22.5,5.6,"1 week ago"
"2011-08-27",21.71,37.92,5.1,"1 week ago"
"2011-08-27",71.32,42.34,5,"1 week ago"
"2011-08-27",168.12,-18.53,5.3,"1 week ago"
"2011-08-27",-179.45,-15.88,5.5,"1 week ago"
"2011-08-27",168.14,-18.36,7.2,"1 week ago"
"2011-08-27",168.21,-18.63,5.3,"1 week ago"
"2011-08-27",167.81,-18.34,5.4,"1 week ago"
"2011-08-27",168.16,-18.31,6.5,"1 week ago"
"2011-08-27",168,-18.7,5,"1 week ago"
"2011-08-27",167.93,-18.6,5.2,"1 week ago"
"2011-08-27",168.22,-18.31,7.1,"1 week ago"
"2011-08-27",167.85,-18.21,5.1,"1 week ago"
"2011-08-27",168.15,-18.18,5,"1 week ago"
"2011-08-27",168.15,-18.18,5.1,"1 week ago"
"2011-08-27",167.58,-18.26,5,"1 week ago"
"2011-08-27",167.87,-18.24,5.6,"1 week ago"
"2011-08-27",168.11,-18.58,5.4,"1 week ago"
"2011-08-27",168.16,-18.6,5.5,"1 week ago"
"2011-08-27",168.17,-18.59,5.2,"1 week ago"
"2011-08-27",-27.49,-56.43,5.6,"1 week ago"
"2011-08-27",151.02,-5.57,5.8,"1 week ago"
"2011-08-27",167.79,-18.19,5,"1 week ago"
"2011-08-27",167.27,-17.43,5.7,"1 week ago"
"2011-08-27",-176.68,-29.03,5.7,"1 week ago"
"2011-08-27",141.69,36.08,5.9,"1 week ago"
"2011-08-27",168.08,-18.34,5,"1 week ago"
"2011-08-27",-176.56,-28.8,5.2,"1 week ago"
"2011-08-27",104.05,-6.28,6.1,"1 week ago"
"2011-08-27",-178.01,-18.34,5,"1 week ago"
"2011-08-27",76.86,33.09,5.1,"1 week ago"
"2011-08-27",-104.7,37.06,5.3,"1 week ago"
"2011-08-27",167.65,-18.8,5.1,"1 week ago"
"2011-08-27",-77.94,37.91,5.8,"1 week ago"
"2011-08-27",147.53,-5.9,5,"1 week ago"
"2011-08-27",-176.88,-21.76,5,"1 week ago"
"2011-08-27",3.67,72.59,5.4,"1 week ago"
"2011-08-27",157.84,-8.99,5,"1 week ago"
"2011-08-27",-74.53,-7.64,7,"1 week ago"
"2011-08-27",-74.53,-7.77,5.4,"1 week ago"
"2011-08-27",-173.5,-15.42,5.2,"1 week ago"
"2011-08-27",167.73,-18.16,6.2,"1 week ago"
"2011-08-27",-25.5,-58.31,5.4,"1 week ago"
"2011-08-27",143.45,36.11,5,"1 week ago"
"2011-08-27",132.88,3.19,5.1,"1 week ago"
"2011-08-27",167,-13.6,5.9,"1 week ago"
"2011-08-27",167.62,-18.27,5.5,"1 week ago"
"2011-08-27",167.4,-18.54,5.1,"1 week ago"
"2011-08-27",167.59,-18.75,5,"1 week ago"
"2011-08-27",152.33,47.34,5.3,"1 week ago"
"2011-08-27",167.54,-18.68,5,"1 week ago"
"2011-08-27",-27.18,-56.21,5.2,"1 week ago"
"2011-08-27",144.55,13.7,5,"1 week ago"
"2011-08-27",167.39,-18.55,5,"1 week ago"
"2011-08-27",70.73,36.44,5.3,"1 week ago"
"2011-08-27",143.08,21.73,5.3,"1 week ago"
"2011-08-27",176.01,-17.37,5.2,"this week"
"2011-08-27",104.51,43.94,5.4,"this week"
"2011-08-27",-90.15,14.24,5,"this week"
"2011-08-27",168.24,-18.18,5.1,"this week"
"2011-08-27",179.92,-24.59,5.7,"this week"
"2011-08-27",166.87,-12.39,5.1,"this week"
"2011-08-27",-72.3,-33.27,5.3,"this week"
"2011-08-27",-115.94,-24.54,5.6,"this week"
"2011-08-27",-116.14,-24.37,5.4,"this week"
"2011-08-27",147.76,-3.01,5,"this week"
"2011-08-27",167.94,-16.35,5.6,"this week"
"2011-08-27",126.75,-6.36,6.9,"this week"
"2011-08-27",167.92,-18.15,5.2,"this week"
"2011-08-27",167.97,-18.18,5.3,"this week"
"2011-08-27",168.02,-18.14,5.1,"this week"
"2011-08-27",161.27,-49.69,5.3,"this week"
"2011-08-27",147.15,-6.03,5.1,"this week"
"2011-08-27",168.13,-18.32,5,"this week"
"2011-08-27",-85.05,-41.34,5.3,"this week"
"2011-08-27",153.28,-5.91,5.6,"this week"
"2011-08-27",-28.9,43.59,5.5,"this week"
"2011-08-27",78.32,-40.19,5.2,"this week"
"2011-08-27",78.24,-40.2,5.1,"this week"
"2011-08-27",166,-10.65,5,"this week"
"2011-08-27",-179.79,-23.84,5,"this week"
"2011-08-27",166.66,-12.36,6,"this week"
"2011-08-27",-49.88,-60.34,5,"this week"
"2011-08-27",-82.9,-42.64,5.4,"this week"
"2011-08-27",179.77,-37.5,5,"this week"
"2011-08-27",168.4,-18.35,5.3,"this week"
"2011-08-27",-171.71,52.17,6.9,"this week"
"2011-08-27",-63.03,-28.4,6.7,"this week"
"2011-08-27",-171.43,51.95,5.1,"this week"
"2011-08-27",128.55,2.71,5.2,"this week"
"2011-09-03",-177.93,-30.55,5.5,"3 weeks ago"
"2011-09-03",-94.67,14.39,5.8,"3 weeks ago"
"2011-09-03",142.72,11.57,5,"3 weeks ago"
"2011-09-03",102.79,-4.84,5,"3 weeks ago"
"2011-09-03",129.79,-6.72,5.2,"3 weeks ago"
"2011-09-03",-14.65,-1.34,5.6,"3 weeks ago"
"2011-09-03",-179.61,-22.88,5.3,"3 weeks ago"
"2011-09-03",-91.57,14.3,5,"3 weeks ago"
"2011-09-03",166.26,-12.47,5,"3 weeks ago"
"2011-09-03",-76.91,-1.81,5.7,"3 weeks ago"
"2011-09-03",153.24,-5.92,5.2,"3 weeks ago"
"2011-09-03",140.67,12.16,5.2,"3 weeks ago"
"2011-09-03",143.04,22.65,5.4,"3 weeks ago"
"2011-09-03",171.65,-17.04,5,"3 weeks ago"
"2011-09-03",143.67,28.76,5.2,"3 weeks ago"
"2011-09-03",128.01,-2.32,6.1,"3 weeks ago"
"2011-09-03",143.49,38.07,5,"3 weeks ago"
"2011-09-03",147.14,-5.56,5.6,"3 weeks ago"
"2011-09-03",142.31,40.14,5.3,"3 weeks ago"
"2011-09-03",174.97,51.95,5.3,"3 weeks ago"
"2011-09-03",-25.45,-57.23,5.7,"3 weeks ago"
"2011-09-03",142.09,38.4,5,"3 weeks ago"
"2011-09-03",-77.53,5.65,5,"3 weeks ago"
"2011-09-03",166.6,-12.24,5.2,"3 weeks ago"
"2011-09-03",143.77,36.76,6.1,"3 weeks ago"
"2011-09-03",147.56,-6.27,5,"3 weeks ago"
"2011-09-03",-130.72,51.75,5.1,"3 weeks ago"
"2011-09-03",-177,-16.52,6.2,"3 weeks ago"
"2011-09-03",141.65,37.67,6.2,"3 weeks ago"
"2011-09-03",123.28,-7.82,5.3,"3 weeks ago"
"2011-09-03",153.28,46.52,5.2,"3 weeks ago"
"2011-09-03",142.47,45.88,5.1,"3 weeks ago"
"2011-09-03",-174.94,-22.5,5.6,"2 weeks ago"
"2011-09-03",21.71,37.92,5.1,"2 weeks ago"
"2011-09-03",71.32,42.34,5,"2 weeks ago"
"2011-09-03",168.12,-18.53,5.3,"2 weeks ago"
"2011-09-03",-179.45,-15.88,5.5,"2 weeks ago"
"2011-09-03",168.14,-18.36,7.2,"2 weeks ago"
"2011-09-03",168.21,-18.63,5.3,"2 weeks ago"
"2011-09-03",167.81,-18.34,5.4,"2 weeks ago"
"2011-09-03",168.16,-18.31,6.5,"2 weeks ago"
"2011-09-03",168,-18.7,5,"2 weeks ago"
"2011-09-03",167.93,-18.6,5.2,"2 weeks ago"
"2011-09-03",168.22,-18.31,7.1,"2 weeks ago"
"2011-09-03",167.85,-18.21,5.1,"2 weeks ago"
"2011-09-03",168.15,-18.18,5,"2 weeks ago"
"2011-09-03",168.15,-18.18,5.1,"2 weeks ago"
"2011-09-03",167.58,-18.26,5,"2 weeks ago"
"2011-09-03",167.87,-18.24,5.6,"2 weeks ago"
"2011-09-03",168.11,-18.58,5.4,"2 weeks ago"
"2011-09-03",168.16,-18.6,5.5,"2 weeks ago"
"2011-09-03",168.17,-18.59,5.2,"2 weeks ago"
"2011-09-03",-27.49,-56.43,5.6,"2 weeks ago"
"2011-09-03",151.02,-5.57,5.8,"2 weeks ago"
"2011-09-03",167.79,-18.19,5,"2 weeks ago"
"2011-09-03",167.27,-17.43,5.7,"2 weeks ago"
"2011-09-03",-176.68,-29.03,5.7,"2 weeks ago"
"2011-09-03",141.69,36.08,5.9,"2 weeks ago"
"2011-09-03",168.08,-18.34,5,"2 weeks ago"
"2011-09-03",-176.56,-28.8,5.2,"2 weeks ago"
"2011-09-03",104.05,-6.28,6.1,"2 weeks ago"
"2011-09-03",-178.01,-18.34,5,"2 weeks ago"
"2011-09-03",76.86,33.09,5.1,"2 weeks ago"
"2011-09-03",-104.7,37.06,5.3,"2 weeks ago"
"2011-09-03",167.65,-18.8,5.1,"2 weeks ago"
"2011-09-03",-77.94,37.91,5.8,"2 weeks ago"
"2011-09-03",147.53,-5.9,5,"2 weeks ago"
"2011-09-03",-176.88,-21.76,5,"2 weeks ago"
"2011-09-03",3.67,72.59,5.4,"2 weeks ago"
"2011-09-03",157.84,-8.99,5,"2 weeks ago"
"2011-09-03",-74.53,-7.64,7,"2 weeks ago"
"2011-09-03",-74.53,-7.77,5.4,"2 weeks ago"
"2011-09-03",-173.5,-15.42,5.2,"2 weeks ago"
"2011-09-03",167.73,-18.16,6.2,"2 weeks ago"
"2011-09-03",-25.5,-58.31,5.4,"2 weeks ago"
"2011-09-03",143.45,36.11,5,"2 weeks ago"
"2011-09-03",132.88,3.19,5.1,"2 weeks ago"
"2011-09-03",167,-13.6,5.9,"2 weeks ago"
"2011-09-03",167.62,-18.27,5.5,"2 weeks ago"
"2011-09-03",167.4,-18.54,5.1,"2 weeks ago"
"2011-09-03",167.59,-18.75,5,"2 weeks ago"
"2011-09-03",152.33,47.34,5.3,"2 weeks ago"
"2011-09-03",167.54,-18.68,5,"2 weeks ago"
"2011-09-03",-27.18,-56.21,5.2,"2 weeks ago"
"2011-09-03",144.55,13.7,5,"2 weeks ago"
"2011-09-03",167.39,-18.55,5,"2 weeks ago"
"2011-09-03",70.73,36.44,5.3,"2 weeks ago"
"2011-09-03",143.08,21.73,5.3,"2 weeks ago"
"2011-09-03",176.01,-17.37,5.2,"1 week ago"
"2011-09-03",104.51,43.94,5.4,"1 week ago"
"2011-09-03",-90.15,14.24,5,"1 week ago"
"2011-09-03",168.24,-18.18,5.1,"1 week ago"
"2011-09-03",179.92,-24.59,5.7,"1 week ago"
"2011-09-03",166.87,-12.39,5.1,"1 week ago"
"2011-09-03",-72.3,-33.27,5.3,"1 week ago"
"2011-09-03",-115.94,-24.54,5.6,"1 week ago"
"2011-09-03",-116.14,-24.37,5.4,"1 week ago"
"2011-09-03",147.76,-3.01,5,"1 week ago"
"2011-09-03",167.94,-16.35,5.6,"1 week ago"
"2011-09-03",126.75,-6.36,6.9,"1 week ago"
"2011-09-03",167.92,-18.15,5.2,"1 week ago"
"2011-09-03",167.97,-18.18,5.3,"1 week ago"
"2011-09-03",168.02,-18.14,5.1,"1 week ago"
"2011-09-03",161.27,-49.69,5.3,"1 week ago"
"2011-09-03",147.15,-6.03,5.1,"1 week ago"
"2011-09-03",168.13,-18.32,5,"1 week ago"
"2011-09-03",-85.05,-41.34,5.3,"1 week ago"
"2011-09-03",153.28,-5.91,5.6,"1 week ago"
"2011-09-03",-28.9,43.59,5.5,"1 week ago"
"2011-09-03",78.32,-40.19,5.2,"1 week ago"
"2011-09-03",78.24,-40.2,5.1,"1 week ago"
"2011-09-03",166,-10.65,5,"1 week ago"
"2011-09-03",-179.79,-23.84,5,"1 week ago"
"2011-09-03",166.66,-12.36,6,"1 week ago"
"2011-09-03",-49.88,-60.34,5,"1 week ago"
"2011-09-03",-82.9,-42.64,5.4,"1 week ago"
"2011-09-03",179.77,-37.5,5,"1 week ago"
"2011-09-03",168.4,-18.35,5.3,"1 week ago"
"2011-09-03",-171.71,52.17,6.9,"1 week ago"
"2011-09-03",-63.03,-28.4,6.7,"1 week ago"
"2011-09-03",-171.43,51.95,5.1,"1 week ago"
"2011-09-03",128.55,2.71,5.2,"1 week ago"
"2011-09-03",166.79,-12.78,5.8,"this week"
"2011-09-03",-171.58,51.93,5.2,"this week"
"2011-09-03",-26.85,-56.45,6.4,"this week"
"2011-09-03",-25.63,-56.23,5,"this week"
"2011-09-03",-73.65,-38.17,5.81,"this week"
"2011-09-03",139.36,35.79,5,"this week"
"2011-09-03",169.72,-20.67,7,"this week"
"2011-09-03",147.87,44.05,5.2,"this week"
"2011-09-03",168.71,-19.18,5.8,"this week"
"2011-09-03",-30.82,59.14,5,"this week"
"2011-09-03",31.95,-47.92,5.1,"this week"
"2011-09-03",-30.54,58.93,5.1,"this week"
"2011-09-03",-30.7,59.04,5.1,"this week"
"2011-09-03",-30.79,59.01,5.1,"this week"
"2011-09-03",-173.62,-15.3,6.2,"this week"
"2011-09-03",-82.36,6.56,5.8,"this week"
"2011-09-03",-82.28,6.63,5.1,"this week"
"2011-09-03",97.89,2.96,6.7,"this week"
"2011-09-03",142.62,36.51,5.1,"this week"
"2011-09-03",-27.44,-56.06,5,"this week"
"2011-09-03",-60.28,21.94,5.3,"this week"
"2011-09-03",179.19,-34.02,5.08,"this week"
"2011-09-03",179.54,-34.21,5.4,"this week"
"2011-09-03",179.5,-34.13,5,"this week"
"2011-09-03",163.83,-10.92,5.1,"this week"
"2011-09-03",-93.48,16.5,5,"this week"
"2011-09-03",141.59,36.66,5.2,"this week"
"2011-09-03",143.48,39.96,5,"this week"
"2011-09-03",162.82,55.69,5.4,"this week"
"2011-09-03",125.95,9.98,5.2,"this week"
"2011-09-03",-178.46,-27.77,5.5,"this week"
"2011-09-03",-72.17,-33.3,5.2,"this week"
"2011-09-03",142.42,42.24,5.1,"this week"
"2011-09-03",177.85,-16.36,5.2,"this week"
"2011-09-03",141.84,37.24,5.1,"this week"
"2011-09-03",143.67,11.49,5,"this week"
"2011-09-03",-68.91,-22.42,5.4,"this week"
"2011-09-03",-174.58,-17.21,5.1,"this week"
"2011-09-03",-21,-59.33,5.1,"this week"
"2011-09-03",-61.05,15.04,5,"this week"
"2011-09-03",44.9,-12.62,5,"this week"
"2011-09-03",70.08,-25.42,5,"this week"
"2011-09-03",164.01,-49.59,5.9,"this week"
"2011-09-03",-126.89,49.53,6.4,"this week"
"2011-09-03",143.72,12.37,5.1,"this week"
"2011-09-10",-174.94,-22.5,5.6,"3 weeks ago"
"2011-09-10",21.71,37.92,5.1,"3 weeks ago"
"2011-09-10",71.32,42.34,5,"3 weeks ago"
"2011-09-10",168.12,-18.53,5.3,"3 weeks ago"
"2011-09-10",-179.45,-15.88,5.5,"3 weeks ago"
"2011-09-10",168.14,-18.36,7.2,"3 weeks ago"
"2011-09-10",168.21,-18.63,5.3,"3 weeks ago"
"2011-09-10",167.81,-18.34,5.4,"3 weeks ago"
"2011-09-10",168.16,-18.31,6.5,"3 weeks ago"
"2011-09-10",168,-18.7,5,"3 weeks ago"
"2011-09-10",167.93,-18.6,5.2,"3 weeks ago"
"2011-09-10",168.22,-18.31,7.1,"3 weeks ago"
"2011-09-10",167.85,-18.21,5.1,"3 weeks ago"
"2011-09-10",168.15,-18.18,5,"3 weeks ago"
"2011-09-10",168.15,-18.18,5.1,"3 weeks ago"
"2011-09-10",167.58,-18.26,5,"3 weeks ago"
"2011-09-10",167.87,-18.24,5.6,"3 weeks ago"
"2011-09-10",168.11,-18.58,5.4,"3 weeks ago"
"2011-09-10",168.16,-18.6,5.5,"3 weeks ago"
"2011-09-10",168.17,-18.59,5.2,"3 weeks ago"
"2011-09-10",-27.49,-56.43,5.6,"3 weeks ago"
"2011-09-10",151.02,-5.57,5.8,"3 weeks ago"
"2011-09-10",167.79,-18.19,5,"3 weeks ago"
"2011-09-10",167.27,-17.43,5.7,"3 weeks ago"
"2011-09-10",-176.68,-29.03,5.7,"3 weeks ago"
"2011-09-10",141.69,36.08,5.9,"3 weeks ago"
"2011-09-10",168.08,-18.34,5,"3 weeks ago"
"2011-09-10",-176.56,-28.8,5.2,"3 weeks ago"
"2011-09-10",104.05,-6.28,6.1,"3 weeks ago"
"2011-09-10",-178.01,-18.34,5,"3 weeks ago"
"2011-09-10",76.86,33.09,5.1,"3 weeks ago"
"2011-09-10",-104.7,37.06,5.3,"3 weeks ago"
"2011-09-10",167.65,-18.8,5.1,"3 weeks ago"
"2011-09-10",-77.94,37.91,5.8,"3 weeks ago"
"2011-09-10",147.53,-5.9,5,"3 weeks ago"
"2011-09-10",-176.88,-21.76,5,"3 weeks ago"
"2011-09-10",3.67,72.59,5.4,"3 weeks ago"
"2011-09-10",157.84,-8.99,5,"3 weeks ago"
"2011-09-10",-74.53,-7.64,7,"3 weeks ago"
"2011-09-10",-74.53,-7.77,5.4,"3 weeks ago"
"2011-09-10",-173.5,-15.42,5.2,"3 weeks ago"
"2011-09-10",167.73,-18.16,6.2,"3 weeks ago"
"2011-09-10",-25.5,-58.31,5.4,"3 weeks ago"
"2011-09-10",143.45,36.11,5,"3 weeks ago"
"2011-09-10",132.88,3.19,5.1,"3 weeks ago"
"2011-09-10",167,-13.6,5.9,"3 weeks ago"
"2011-09-10",167.62,-18.27,5.5,"3 weeks ago"
"2011-09-10",167.4,-18.54,5.1,"3 weeks ago"
"2011-09-10",167.59,-18.75,5,"3 weeks ago"
"2011-09-10",152.33,47.34,5.3,"3 weeks ago"
"2011-09-10",167.54,-18.68,5,"3 weeks ago"
"2011-09-10",-27.18,-56.21,5.2,"3 weeks ago"
"2011-09-10",144.55,13.7,5,"3 weeks ago"
"2011-09-10",167.39,-18.55,5,"3 weeks ago"
"2011-09-10",70.73,36.44,5.3,"3 weeks ago"
"2011-09-10",143.08,21.73,5.3,"3 weeks ago"
"2011-09-10",176.01,-17.37,5.2,"2 weeks ago"
"2011-09-10",104.51,43.94,5.4,"2 weeks ago"
"2011-09-10",-90.15,14.24,5,"2 weeks ago"
"2011-09-10",168.24,-18.18,5.1,"2 weeks ago"
"2011-09-10",179.92,-24.59,5.7,"2 weeks ago"
"2011-09-10",166.87,-12.39,5.1,"2 weeks ago"
"2011-09-10",-72.3,-33.27,5.3,"2 weeks ago"
"2011-09-10",-115.94,-24.54,5.6,"2 weeks ago"
"2011-09-10",-116.14,-24.37,5.4,"2 weeks ago"
"2011-09-10",147.76,-3.01,5,"2 weeks ago"
"2011-09-10",167.94,-16.35,5.6,"2 weeks ago"
"2011-09-10",126.75,-6.36,6.9,"2 weeks ago"
"2011-09-10",167.92,-18.15,5.2,"2 weeks ago"
"2011-09-10",167.97,-18.18,5.3,"2 weeks ago"
"2011-09-10",168.02,-18.14,5.1,"2 weeks ago"
"2011-09-10",161.27,-49.69,5.3,"2 weeks ago"
"2011-09-10",147.15,-6.03,5.1,"2 weeks ago"
"2011-09-10",168.13,-18.32,5,"2 weeks ago"
"2011-09-10",-85.05,-41.34,5.3,"2 weeks ago"
"2011-09-10",153.28,-5.91,5.6,"2 weeks ago"
"2011-09-10",-28.9,43.59,5.5,"2 weeks ago"
"2011-09-10",78.32,-40.19,5.2,"2 weeks ago"
"2011-09-10",78.24,-40.2,5.1,"2 weeks ago"
"2011-09-10",166,-10.65,5,"2 weeks ago"
"2011-09-10",-179.79,-23.84,5,"2 weeks ago"
"2011-09-10",166.66,-12.36,6,"2 weeks ago"
"2011-09-10",-49.88,-60.34,5,"2 weeks ago"
"2011-09-10",-82.9,-42.64,5.4,"2 weeks ago"
"2011-09-10",179.77,-37.5,5,"2 weeks ago"
"2011-09-10",168.4,-18.35,5.3,"2 weeks ago"
"2011-09-10",-171.71,52.17,6.9,"2 weeks ago"
"2011-09-10",-63.03,-28.4,6.7,"2 weeks ago"
"2011-09-10",-171.43,51.95,5.1,"2 weeks ago"
"2011-09-10",128.55,2.71,5.2,"2 weeks ago"
"2011-09-10",166.79,-12.78,5.8,"1 week ago"
"2011-09-10",-171.58,51.93,5.2,"1 week ago"
"2011-09-10",-26.85,-56.45,6.4,"1 week ago"
"2011-09-10",-25.63,-56.23,5,"1 week ago"
"2011-09-10",-73.65,-38.17,5.81,"1 week ago"
"2011-09-10",139.36,35.79,5,"1 week ago"
"2011-09-10",169.72,-20.67,7,"1 week ago"
"2011-09-10",147.87,44.05,5.2,"1 week ago"
"2011-09-10",168.71,-19.18,5.8,"1 week ago"
"2011-09-10",-30.82,59.14,5,"1 week ago"
"2011-09-10",31.95,-47.92,5.1,"1 week ago"
"2011-09-10",-30.54,58.93,5.1,"1 week ago"
"2011-09-10",-30.7,59.04,5.1,"1 week ago"
"2011-09-10",-30.79,59.01,5.1,"1 week ago"
"2011-09-10",-173.62,-15.3,6.2,"1 week ago"
"2011-09-10",-82.36,6.56,5.8,"1 week ago"
"2011-09-10",-82.28,6.63,5.1,"1 week ago"
"2011-09-10",97.89,2.96,6.7,"1 week ago"
"2011-09-10",142.62,36.51,5.1,"1 week ago"
"2011-09-10",-27.44,-56.06,5,"1 week ago"
"2011-09-10",-60.28,21.94,5.3,"1 week ago"
"2011-09-10",179.19,-34.02,5.08,"1 week ago"
"2011-09-10",179.54,-34.21,5.4,"1 week ago"
"2011-09-10",179.5,-34.13,5,"1 week ago"
"2011-09-10",163.83,-10.92,5.1,"1 week ago"
"2011-09-10",-93.48,16.5,5,"1 week ago"
"2011-09-10",141.59,36.66,5.2,"1 week ago"
"2011-09-10",143.48,39.96,5,"1 week ago"
"2011-09-10",162.82,55.69,5.4,"1 week ago"
"2011-09-10",125.95,9.98,5.2,"1 week ago"
"2011-09-10",-178.46,-27.77,5.5,"1 week ago"
"2011-09-10",-72.17,-33.3,5.2,"1 week ago"
"2011-09-10",142.42,42.24,5.1,"1 week ago"
"2011-09-10",177.85,-16.36,5.2,"1 week ago"
"2011-09-10",141.84,37.24,5.1,"1 week ago"
"2011-09-10",143.67,11.49,5,"1 week ago"
"2011-09-10",-68.91,-22.42,5.4,"1 week ago"
"2011-09-10",-174.58,-17.21,5.1,"1 week ago"
"2011-09-10",-21,-59.33,5.1,"1 week ago"
"2011-09-10",-61.05,15.04,5,"1 week ago"
"2011-09-10",44.9,-12.62,5,"1 week ago"
"2011-09-10",70.08,-25.42,5,"1 week ago"
"2011-09-10",164.01,-49.59,5.9,"1 week ago"
"2011-09-10",-126.89,49.53,6.4,"1 week ago"
"2011-09-10",143.72,12.37,5.1,"1 week ago"
"2011-09-10",31.71,-48.3,5,"this week"
"2011-09-10",-72.32,-34.16,5,"this week"
"2011-09-10",67.56,-8.83,5.3,"this week"
"2011-09-10",-176.74,-29.44,5.2,"this week"
"2011-09-10",167.6,-18.94,5.1,"this week"
"2011-09-10",167.73,-18.19,5.8,"this week"
"2011-09-10",122.83,23.74,5,"this week"
"2011-09-10",103.84,-6.27,5,"this week"
"2011-09-10",144.18,-3.63,5.9,"this week"
"2011-09-10",143.33,35.69,5,"this week"
"2011-09-10",-77.53,5.6,5.2,"this week"
"2011-09-10",-77.47,5.62,5.7,"this week"
"2011-09-10",143.92,-6.89,5.1,"this week"
"2011-09-10",23.72,34.41,5.2,"this week"
"2011-09-10",22.05,37.19,5,"this week"
"2011-09-10",-71.8,-32.7,5.8,"this week"
"2011-09-10",-178.99,-35.11,5.7,"this week"
"2011-09-10",103.71,-6.14,5.2,"this week"
"2011-09-10",172.98,53.11,6,"this week"
"2011-09-10",-173.66,-18.86,5.1,"this week"
"2011-09-10",-179.04,-35.37,6.1,"this week"
"2011-09-10",141.34,36.26,6.1,"this week"
"2011-09-10",-77.94,19.57,5.2,"this week"
"2011-09-10",-177.96,-14.96,5.5,"this week"
"2011-09-10",82.51,36.36,5.3,"this week"
"2011-09-10",-1.85,-54.01,5.1,"this week"
"2011-09-10",-1.56,-54.07,5.3,"this week"
"2011-09-10",-179.53,-21.61,7.3,"this week"
"2011-09-10",-26.74,-56.28,5.1,"this week"
"2011-09-10",119.37,18.22,5,"this week"
"2011-09-10",169.79,-20.68,5.5,"this week"
"2011-09-10",142.78,40.27,6.7,"this week"
"2011-09-10",167.45,-16.72,5,"this week"
"2011-09-10",143.4,40.16,5.1,"this week"
"2011-09-10",143.24,40.24,5.7,"this week"
"2011-09-10",143.01,40.24,5.9,"this week"
"2011-09-10",143.15,40.08,5.8,"this week"
"2011-09-10",143.15,40.24,5.7,"this week"
"2011-09-17",176.01,-17.37,5.2,"3 weeks ago"
"2011-09-17",104.51,43.94,5.4,"3 weeks ago"
"2011-09-17",-90.15,14.24,5,"3 weeks ago"
"2011-09-17",168.24,-18.18,5.1,"3 weeks ago"
"2011-09-17",179.92,-24.59,5.7,"3 weeks ago"
"2011-09-17",166.87,-12.39,5.1,"3 weeks ago"
"2011-09-17",-72.3,-33.27,5.3,"3 weeks ago"
"2011-09-17",-115.94,-24.54,5.6,"3 weeks ago"
"2011-09-17",-116.14,-24.37,5.4,"3 weeks ago"
"2011-09-17",147.76,-3.01,5,"3 weeks ago"
"2011-09-17",167.94,-16.35,5.6,"3 weeks ago"
"2011-09-17",126.75,-6.36,6.9,"3 weeks ago"
"2011-09-17",167.92,-18.15,5.2,"3 weeks ago"
"2011-09-17",167.97,-18.18,5.3,"3 weeks ago"
"2011-09-17",168.02,-18.14,5.1,"3 weeks ago"
"2011-09-17",161.27,-49.69,5.3,"3 weeks ago"
"2011-09-17",147.15,-6.03,5.1,"3 weeks ago"
"2011-09-17",168.13,-18.32,5,"3 weeks ago"
"2011-09-17",-85.05,-41.34,5.3,"3 weeks ago"
"2011-09-17",153.28,-5.91,5.6,"3 weeks ago"
"2011-09-17",-28.9,43.59,5.5,"3 weeks ago"
"2011-09-17",78.32,-40.19,5.2,"3 weeks ago"
"2011-09-17",78.24,-40.2,5.1,"3 weeks ago"
"2011-09-17",166,-10.65,5,"3 weeks ago"
"2011-09-17",-179.79,-23.84,5,"3 weeks ago"
"2011-09-17",166.66,-12.36,6,"3 weeks ago"
"2011-09-17",-49.88,-60.34,5,"3 weeks ago"
"2011-09-17",-82.9,-42.64,5.4,"3 weeks ago"
"2011-09-17",179.77,-37.5,5,"3 weeks ago"
"2011-09-17",168.4,-18.35,5.3,"3 weeks ago"
"2011-09-17",-171.71,52.17,6.9,"3 weeks ago"
"2011-09-17",-63.03,-28.4,6.7,"3 weeks ago"
"2011-09-17",-171.43,51.95,5.1,"3 weeks ago"
"2011-09-17",128.55,2.71,5.2,"3 weeks ago"
"2011-09-17",166.79,-12.78,5.8,"2 weeks ago"
"2011-09-17",-171.58,51.93,5.2,"2 weeks ago"
"2011-09-17",-26.85,-56.45,6.4,"2 weeks ago"
"2011-09-17",-25.63,-56.23,5,"2 weeks ago"
"2011-09-17",-73.65,-38.17,5.81,"2 weeks ago"
"2011-09-17",139.36,35.79,5,"2 weeks ago"
"2011-09-17",169.72,-20.67,7,"2 weeks ago"
"2011-09-17",147.87,44.05,5.2,"2 weeks ago"
"2011-09-17",168.71,-19.18,5.8,"2 weeks ago"
"2011-09-17",-30.82,59.14,5,"2 weeks ago"
"2011-09-17",31.95,-47.92,5.1,"2 weeks ago"
"2011-09-17",-30.54,58.93,5.1,"2 weeks ago"
"2011-09-17",-30.7,59.04,5.1,"2 weeks ago"
"2011-09-17",-30.79,59.01,5.1,"2 weeks ago"
"2011-09-17",-173.62,-15.3,6.2,"2 weeks ago"
"2011-09-17",-82.36,6.56,5.8,"2 weeks ago"
"2011-09-17",-82.28,6.63,5.1,"2 weeks ago"
"2011-09-17",97.89,2.96,6.7,"2 weeks ago"
"2011-09-17",142.62,36.51,5.1,"2 weeks ago"
"2011-09-17",-27.44,-56.06,5,"2 weeks ago"
"2011-09-17",-60.28,21.94,5.3,"2 weeks ago"
"2011-09-17",179.19,-34.02,5.08,"2 weeks ago"
"2011-09-17",179.54,-34.21,5.4,"2 weeks ago"
"2011-09-17",179.5,-34.13,5,"2 weeks ago"
"2011-09-17",163.83,-10.92,5.1,"2 weeks ago"
"2011-09-17",-93.48,16.5,5,"2 weeks ago"
"2011-09-17",141.59,36.66,5.2,"2 weeks ago"
"2011-09-17",143.48,39.96,5,"2 weeks ago"
"2011-09-17",162.82,55.69,5.4,"2 weeks ago"
"2011-09-17",125.95,9.98,5.2,"2 weeks ago"
"2011-09-17",-178.46,-27.77,5.5,"2 weeks ago"
"2011-09-17",-72.17,-33.3,5.2,"2 weeks ago"
"2011-09-17",142.42,42.24,5.1,"2 weeks ago"
"2011-09-17",177.85,-16.36,5.2,"2 weeks ago"
"2011-09-17",141.84,37.24,5.1,"2 weeks ago"
"2011-09-17",143.67,11.49,5,"2 weeks ago"
"2011-09-17",-68.91,-22.42,5.4,"2 weeks ago"
"2011-09-17",-174.58,-17.21,5.1,"2 weeks ago"
"2011-09-17",-21,-59.33,5.1,"2 weeks ago"
"2011-09-17",-61.05,15.04,5,"2 weeks ago"
"2011-09-17",44.9,-12.62,5,"2 weeks ago"
"2011-09-17",70.08,-25.42,5,"2 weeks ago"
"2011-09-17",164.01,-49.59,5.9,"2 weeks ago"
"2011-09-17",-126.89,49.53,6.4,"2 weeks ago"
"2011-09-17",143.72,12.37,5.1,"2 weeks ago"
"2011-09-17",31.71,-48.3,5,"1 week ago"
"2011-09-17",-72.32,-34.16,5,"1 week ago"
"2011-09-17",67.56,-8.83,5.3,"1 week ago"
"2011-09-17",-176.74,-29.44,5.2,"1 week ago"
"2011-09-17",167.6,-18.94,5.1,"1 week ago"
"2011-09-17",167.73,-18.19,5.8,"1 week ago"
"2011-09-17",122.83,23.74,5,"1 week ago"
"2011-09-17",103.84,-6.27,5,"1 week ago"
"2011-09-17",144.18,-3.63,5.9,"1 week ago"
"2011-09-17",143.33,35.69,5,"1 week ago"
"2011-09-17",-77.53,5.6,5.2,"1 week ago"
"2011-09-17",-77.47,5.62,5.7,"1 week ago"
"2011-09-17",143.92,-6.89,5.1,"1 week ago"
"2011-09-17",23.72,34.41,5.2,"1 week ago"
"2011-09-17",22.05,37.19,5,"1 week ago"
"2011-09-17",-71.8,-32.7,5.8,"1 week ago"
"2011-09-17",-178.99,-35.11,5.7,"1 week ago"
"2011-09-17",103.71,-6.14,5.2,"1 week ago"
"2011-09-17",172.98,53.11,6,"1 week ago"
"2011-09-17",-173.66,-18.86,5.1,"1 week ago"
"2011-09-17",-179.04,-35.37,6.1,"1 week ago"
"2011-09-17",141.34,36.26,6.1,"1 week ago"
"2011-09-17",-77.94,19.57,5.2,"1 week ago"
"2011-09-17",-177.96,-14.96,5.5,"1 week ago"
"2011-09-17",82.51,36.36,5.3,"1 week ago"
"2011-09-17",-1.85,-54.01,5.1,"1 week ago"
"2011-09-17",-1.56,-54.07,5.3,"1 week ago"
"2011-09-17",-179.53,-21.61,7.3,"1 week ago"
"2011-09-17",-26.74,-56.28,5.1,"1 week ago"
"2011-09-17",119.37,18.22,5,"1 week ago"
"2011-09-17",169.79,-20.68,5.5,"1 week ago"
"2011-09-17",142.78,40.27,6.7,"1 week ago"
"2011-09-17",167.45,-16.72,5,"1 week ago"
"2011-09-17",143.4,40.16,5.1,"1 week ago"
"2011-09-17",143.24,40.24,5.7,"1 week ago"
"2011-09-17",143.01,40.24,5.9,"1 week ago"
"2011-09-17",143.15,40.08,5.8,"1 week ago"
"2011-09-17",143.15,40.24,5.7,"1 week ago"
"2011-09-17",142.86,40.29,5.3,"this week"
"2011-09-17",142.66,40.26,5.7,"this week"
"2011-09-17",154.74,48.91,5.2,"this week"
"2011-09-17",143.23,40.25,5.2,"this week"
"2011-09-17",42.16,-16.17,5.1,"this week"
"2011-09-17",143.05,39.84,5.6,"this week"
"2011-09-17",142.32,42.04,5.1,"this week"
"2011-09-17",88.16,27.73,6.9,"this week"
"2011-09-17",141.4,37.84,5.4,"this week"
"2011-09-17",161.41,-10.58,5.2,"this week"
"2011-09-17",125.14,-2.12,5.1,"this week"
"2011-09-17",-170.07,53.54,5.4,"this week"
"2011-09-17",-171.98,52.04,5.6,"this week"
"2011-09-17",147.31,47.86,5.2,"this week"
"2011-09-17",-90.21,14.24,5.2,"this week"
"2011-09-17",-90.24,14.19,5.6,"this week"
"2011-09-17",-105.21,-4.53,5.7,"this week"
"2011-09-17",-17.08,-38.19,5.2,"this week"
"2011-09-17",169.1,-18.79,5.2,"this week"
"2011-09-17",-17.01,-38.35,5,"this week"
"2011-09-17",140.32,36.77,5.1,"this week"
"2011-09-17",117.82,-9.59,5.2,"this week"
"2011-09-17",-172.49,-17.32,5,"this week"
"2011-09-17",38.84,39.78,5.5,"this week"
"2011-09-17",103.05,-4.07,5.1,"this week"
"2011-09-17",-175.31,-15.44,6.4,"this week"
"2011-09-17",140.44,36.76,5,"this week"
"2011-09-17",175.64,-19.2,5,"this week"
"2011-09-17",141.85,39.35,5.2,"this week"
"2011-09-17",-16.03,-38.5,5.2,"this week"
"2011-09-17",-109.44,-9.05,5.9,"this week"
"2011-09-17",-109.57,-9.15,5.4,"this week"
"2011-09-24",166.79,-12.78,5.8,"3 weeks ago"
"2011-09-24",-171.58,51.93,5.2,"3 weeks ago"
"2011-09-24",-26.85,-56.45,6.4,"3 weeks ago"
"2011-09-24",-25.63,-56.23,5,"3 weeks ago"
"2011-09-24",-73.65,-38.17,5.81,"3 weeks ago"
"2011-09-24",139.36,35.79,5,"3 weeks ago"
"2011-09-24",169.72,-20.67,7,"3 weeks ago"
"2011-09-24",147.87,44.05,5.2,"3 weeks ago"
"2011-09-24",168.71,-19.18,5.8,"3 weeks ago"
"2011-09-24",-30.82,59.14,5,"3 weeks ago"
"2011-09-24",31.95,-47.92,5.1,"3 weeks ago"
"2011-09-24",-30.54,58.93,5.1,"3 weeks ago"
"2011-09-24",-30.7,59.04,5.1,"3 weeks ago"
"2011-09-24",-30.79,59.01,5.1,"3 weeks ago"
"2011-09-24",-173.62,-15.3,6.2,"3 weeks ago"
"2011-09-24",-82.36,6.56,5.8,"3 weeks ago"
"2011-09-24",-82.28,6.63,5.1,"3 weeks ago"
"2011-09-24",97.89,2.96,6.7,"3 weeks ago"
"2011-09-24",142.62,36.51,5.1,"3 weeks ago"
"2011-09-24",-27.44,-56.06,5,"3 weeks ago"
"2011-09-24",-60.28,21.94,5.3,"3 weeks ago"
"2011-09-24",179.19,-34.02,5.08,"3 weeks ago"
"2011-09-24",179.54,-34.21,5.4,"3 weeks ago"
"2011-09-24",179.5,-34.13,5,"3 weeks ago"
"2011-09-24",163.83,-10.92,5.1,"3 weeks ago"
"2011-09-24",-93.48,16.5,5,"3 weeks ago"
"2011-09-24",141.59,36.66,5.2,"3 weeks ago"
"2011-09-24",143.48,39.96,5,"3 weeks ago"
"2011-09-24",162.82,55.69,5.4,"3 weeks ago"
"2011-09-24",125.95,9.98,5.2,"3 weeks ago"
"2011-09-24",-178.46,-27.77,5.5,"3 weeks ago"
"2011-09-24",-72.17,-33.3,5.2,"3 weeks ago"
"2011-09-24",142.42,42.24,5.1,"3 weeks ago"
"2011-09-24",177.85,-16.36,5.2,"3 weeks ago"
"2011-09-24",141.84,37.24,5.1,"3 weeks ago"
"2011-09-24",143.67,11.49,5,"3 weeks ago"
"2011-09-24",-68.91,-22.42,5.4,"3 weeks ago"
"2011-09-24",-174.58,-17.21,5.1,"3 weeks ago"
"2011-09-24",-21,-59.33,5.1,"3 weeks ago"
"2011-09-24",-61.05,15.04,5,"3 weeks ago"
"2011-09-24",44.9,-12.62,5,"3 weeks ago"
"2011-09-24",70.08,-25.42,5,"3 weeks ago"
"2011-09-24",164.01,-49.59,5.9,"3 weeks ago"
"2011-09-24",-126.89,49.53,6.4,"3 weeks ago"
"2011-09-24",143.72,12.37,5.1,"3 weeks ago"
"2011-09-24",31.71,-48.3,5,"2 weeks ago"
"2011-09-24",-72.32,-34.16,5,"2 weeks ago"
"2011-09-24",67.56,-8.83,5.3,"2 weeks ago"
"2011-09-24",-176.74,-29.44,5.2,"2 weeks ago"
"2011-09-24",167.6,-18.94,5.1,"2 weeks ago"
"2011-09-24",167.73,-18.19,5.8,"2 weeks ago"
"2011-09-24",122.83,23.74,5,"2 weeks ago"
"2011-09-24",103.84,-6.27,5,"2 weeks ago"
"2011-09-24",144.18,-3.63,5.9,"2 weeks ago"
"2011-09-24",143.33,35.69,5,"2 weeks ago"
"2011-09-24",-77.53,5.6,5.2,"2 weeks ago"
"2011-09-24",-77.47,5.62,5.7,"2 weeks ago"
"2011-09-24",143.92,-6.89,5.1,"2 weeks ago"
"2011-09-24",23.72,34.41,5.2,"2 weeks ago"
"2011-09-24",22.05,37.19,5,"2 weeks ago"
"2011-09-24",-71.8,-32.7,5.8,"2 weeks ago"
"2011-09-24",-178.99,-35.11,5.7,"2 weeks ago"
"2011-09-24",103.71,-6.14,5.2,"2 weeks ago"
"2011-09-24",172.98,53.11,6,"2 weeks ago"
"2011-09-24",-173.66,-18.86,5.1,"2 weeks ago"
"2011-09-24",-179.04,-35.37,6.1,"2 weeks ago"
"2011-09-24",141.34,36.26,6.1,"2 weeks ago"
"2011-09-24",-77.94,19.57,5.2,"2 weeks ago"
"2011-09-24",-177.96,-14.96,5.5,"2 weeks ago"
"2011-09-24",82.51,36.36,5.3,"2 weeks ago"
"2011-09-24",-1.85,-54.01,5.1,"2 weeks ago"
"2011-09-24",-1.56,-54.07,5.3,"2 weeks ago"
"2011-09-24",-179.53,-21.61,7.3,"2 weeks ago"
"2011-09-24",-26.74,-56.28,5.1,"2 weeks ago"
"2011-09-24",119.37,18.22,5,"2 weeks ago"
"2011-09-24",169.79,-20.68,5.5,"2 weeks ago"
"2011-09-24",142.78,40.27,6.7,"2 weeks ago"
"2011-09-24",167.45,-16.72,5,"2 weeks ago"
"2011-09-24",143.4,40.16,5.1,"2 weeks ago"
"2011-09-24",143.24,40.24,5.7,"2 weeks ago"
"2011-09-24",143.01,40.24,5.9,"2 weeks ago"
"2011-09-24",143.15,40.08,5.8,"2 weeks ago"
"2011-09-24",143.15,40.24,5.7,"2 weeks ago"
"2011-09-24",142.86,40.29,5.3,"1 week ago"
"2011-09-24",142.66,40.26,5.7,"1 week ago"
"2011-09-24",154.74,48.91,5.2,"1 week ago"
"2011-09-24",143.23,40.25,5.2,"1 week ago"
"2011-09-24",42.16,-16.17,5.1,"1 week ago"
"2011-09-24",143.05,39.84,5.6,"1 week ago"
"2011-09-24",142.32,42.04,5.1,"1 week ago"
"2011-09-24",88.16,27.73,6.9,"1 week ago"
"2011-09-24",141.4,37.84,5.4,"1 week ago"
"2011-09-24",161.41,-10.58,5.2,"1 week ago"
"2011-09-24",125.14,-2.12,5.1,"1 week ago"
"2011-09-24",-170.07,53.54,5.4,"1 week ago"
"2011-09-24",-171.98,52.04,5.6,"1 week ago"
"2011-09-24",147.31,47.86,5.2,"1 week ago"
"2011-09-24",-90.21,14.24,5.2,"1 week ago"
"2011-09-24",-90.24,14.19,5.6,"1 week ago"
"2011-09-24",-105.21,-4.53,5.7,"1 week ago"
"2011-09-24",-17.08,-38.19,5.2,"1 week ago"
"2011-09-24",169.1,-18.79,5.2,"1 week ago"
"2011-09-24",-17.01,-38.35,5,"1 week ago"
"2011-09-24",140.32,36.77,5.1,"1 week ago"
"2011-09-24",117.82,-9.59,5.2,"1 week ago"
"2011-09-24",-172.49,-17.32,5,"1 week ago"
"2011-09-24",38.84,39.78,5.5,"1 week ago"
"2011-09-24",103.05,-4.07,5.1,"1 week ago"
"2011-09-24",-175.31,-15.44,6.4,"1 week ago"
"2011-09-24",140.44,36.76,5,"1 week ago"
"2011-09-24",175.64,-19.2,5,"1 week ago"
"2011-09-24",141.85,39.35,5.2,"1 week ago"
"2011-09-24",-16.03,-38.5,5.2,"1 week ago"
"2011-09-24",-109.44,-9.05,5.9,"1 week ago"
"2011-09-24",-109.57,-9.15,5.4,"1 week ago"
"2011-09-24",151.56,-6.34,5.2,"this week"
"2011-09-24",-177.84,-17.31,5.3,"this week"
"2011-09-24",65.47,-18.61,5.1,"this week"
"2011-09-24",-81.77,-5.96,5.1,"this week"
"2011-09-24",92.42,12.74,5.1,"this week"
"2011-09-24",-111.03,-36.52,5.3,"this week"
"2011-09-24",-126.28,63.43,5.3,"this week"
"2011-09-24",123.1,-7.36,5.2,"this week"
"2011-09-24",-173.32,-16.71,5.4,"this week"
"2011-09-24",-16.99,-38.42,5.1,"this week"
"2011-09-24",-178.34,-17.76,5.3,"this week"
"2011-09-24",178.76,50.28,5.1,"this week"
"2011-09-24",76.7,36.59,5,"this week"
"2011-09-24",23.78,34.52,5.3,"this week"
"2011-09-24",-179.5,51.79,5.1,"this week"
"2011-09-24",172,-22.82,5.2,"this week"
"2011-09-24",172.31,-22.68,5,"this week"
"2011-09-24",172.2,-22.57,5.1,"this week"
"2011-09-24",171.97,-22.86,5,"this week"
"2011-09-24",-173.18,-15.62,5.2,"this week"
"2011-09-24",172.1,-22.75,5.4,"this week"
"2011-09-24",172.03,-22.82,5.1,"this week"
"2011-09-24",-73.85,-37.95,5.6,"this week"
"2011-09-24",-14.52,-12.95,5.1,"this week"
"2011-09-24",140.65,37.15,5.1,"this week"
"2011-09-24",-73.97,-37.93,5.2,"this week"
"2011-09-24",127.65,26.65,5,"this week"
"2011-09-24",171.46,-22.5,5.2,"this week"
"2011-09-24",163.76,-49.64,5,"this week"
"2011-09-24",126.74,8.3,5.4,"this week"
"2011-09-24",167.64,-19.25,5.2,"this week"
"2011-09-24",143.52,39.15,5,"this week"
"2011-10-01",31.71,-48.3,5,"3 weeks ago"
"2011-10-01",-72.32,-34.16,5,"3 weeks ago"
"2011-10-01",67.56,-8.83,5.3,"3 weeks ago"
"2011-10-01",-176.74,-29.44,5.2,"3 weeks ago"
"2011-10-01",167.6,-18.94,5.1,"3 weeks ago"
"2011-10-01",167.73,-18.19,5.8,"3 weeks ago"
"2011-10-01",122.83,23.74,5,"3 weeks ago"
"2011-10-01",103.84,-6.27,5,"3 weeks ago"
"2011-10-01",144.18,-3.63,5.9,"3 weeks ago"
"2011-10-01",143.33,35.69,5,"3 weeks ago"
"2011-10-01",-77.53,5.6,5.2,"3 weeks ago"
"2011-10-01",-77.47,5.62,5.7,"3 weeks ago"
"2011-10-01",143.92,-6.89,5.1,"3 weeks ago"
"2011-10-01",23.72,34.41,5.2,"3 weeks ago"
"2011-10-01",22.05,37.19,5,"3 weeks ago"
"2011-10-01",-71.8,-32.7,5.8,"3 weeks ago"
"2011-10-01",-178.99,-35.11,5.7,"3 weeks ago"
"2011-10-01",103.71,-6.14,5.2,"3 weeks ago"
"2011-10-01",172.98,53.11,6,"3 weeks ago"
"2011-10-01",-173.66,-18.86,5.1,"3 weeks ago"
"2011-10-01",-179.04,-35.37,6.1,"3 weeks ago"
"2011-10-01",141.34,36.26,6.1,"3 weeks ago"
"2011-10-01",-77.94,19.57,5.2,"3 weeks ago"
"2011-10-01",-177.96,-14.96,5.5,"3 weeks ago"
"2011-10-01",82.51,36.36,5.3,"3 weeks ago"
"2011-10-01",-1.85,-54.01,5.1,"3 weeks ago"
"2011-10-01",-1.56,-54.07,5.3,"3 weeks ago"
"2011-10-01",-179.53,-21.61,7.3,"3 weeks ago"
"2011-10-01",-26.74,-56.28,5.1,"3 weeks ago"
"2011-10-01",119.37,18.22,5,"3 weeks ago"
"2011-10-01",169.79,-20.68,5.5,"3 weeks ago"
"2011-10-01",142.78,40.27,6.7,"3 weeks ago"
"2011-10-01",167.45,-16.72,5,"3 weeks ago"
"2011-10-01",143.4,40.16,5.1,"3 weeks ago"
"2011-10-01",143.24,40.24,5.7,"3 weeks ago"
"2011-10-01",143.01,40.24,5.9,"3 weeks ago"
"2011-10-01",143.15,40.08,5.8,"3 weeks ago"
"2011-10-01",143.15,40.24,5.7,"3 weeks ago"
"2011-10-01",142.86,40.29,5.3,"2 weeks ago"
"2011-10-01",142.66,40.26,5.7,"2 weeks ago"
"2011-10-01",154.74,48.91,5.2,"2 weeks ago"
"2011-10-01",143.23,40.25,5.2,"2 weeks ago"
"2011-10-01",42.16,-16.17,5.1,"2 weeks ago"
"2011-10-01",143.05,39.84,5.6,"2 weeks ago"
"2011-10-01",142.32,42.04,5.1,"2 weeks ago"
"2011-10-01",88.16,27.73,6.9,"2 weeks ago"
"2011-10-01",141.4,37.84,5.4,"2 weeks ago"
"2011-10-01",161.41,-10.58,5.2,"2 weeks ago"
"2011-10-01",125.14,-2.12,5.1,"2 weeks ago"
"2011-10-01",-170.07,53.54,5.4,"2 weeks ago"
"2011-10-01",-171.98,52.04,5.6,"2 weeks ago"
"2011-10-01",147.31,47.86,5.2,"2 weeks ago"
"2011-10-01",-90.21,14.24,5.2,"2 weeks ago"
"2011-10-01",-90.24,14.19,5.6,"2 weeks ago"
"2011-10-01",-105.21,-4.53,5.7,"2 weeks ago"
"2011-10-01",-17.08,-38.19,5.2,"2 weeks ago"
"2011-10-01",169.1,-18.79,5.2,"2 weeks ago"
"2011-10-01",-17.01,-38.35,5,"2 weeks ago"
"2011-10-01",140.32,36.77,5.1,"2 weeks ago"
"2011-10-01",117.82,-9.59,5.2,"2 weeks ago"
"2011-10-01",-172.49,-17.32,5,"2 weeks ago"
"2011-10-01",38.84,39.78,5.5,"2 weeks ago"
"2011-10-01",103.05,-4.07,5.1,"2 weeks ago"
"2011-10-01",-175.31,-15.44,6.4,"2 weeks ago"
"2011-10-01",140.44,36.76,5,"2 weeks ago"
"2011-10-01",175.64,-19.2,5,"2 weeks ago"
"2011-10-01",141.85,39.35,5.2,"2 weeks ago"
"2011-10-01",-16.03,-38.5,5.2,"2 weeks ago"
"2011-10-01",-109.44,-9.05,5.9,"2 weeks ago"
"2011-10-01",-109.57,-9.15,5.4,"2 weeks ago"
"2011-10-01",151.56,-6.34,5.2,"1 week ago"
"2011-10-01",-177.84,-17.31,5.3,"1 week ago"
"2011-10-01",65.47,-18.61,5.1,"1 week ago"
"2011-10-01",-81.77,-5.96,5.1,"1 week ago"
"2011-10-01",92.42,12.74,5.1,"1 week ago"
"2011-10-01",-111.03,-36.52,5.3,"1 week ago"
"2011-10-01",-126.28,63.43,5.3,"1 week ago"
"2011-10-01",123.1,-7.36,5.2,"1 week ago"
"2011-10-01",-173.32,-16.71,5.4,"1 week ago"
"2011-10-01",-16.99,-38.42,5.1,"1 week ago"
"2011-10-01",-178.34,-17.76,5.3,"1 week ago"
"2011-10-01",178.76,50.28,5.1,"1 week ago"
"2011-10-01",76.7,36.59,5,"1 week ago"
"2011-10-01",23.78,34.52,5.3,"1 week ago"
"2011-10-01",-179.5,51.79,5.1,"1 week ago"
"2011-10-01",172,-22.82,5.2,"1 week ago"
"2011-10-01",172.31,-22.68,5,"1 week ago"
"2011-10-01",172.2,-22.57,5.1,"1 week ago"
"2011-10-01",171.97,-22.86,5,"1 week ago"
"2011-10-01",-173.18,-15.62,5.2,"1 week ago"
"2011-10-01",172.1,-22.75,5.4,"1 week ago"
"2011-10-01",172.03,-22.82,5.1,"1 week ago"
"2011-10-01",-73.85,-37.95,5.6,"1 week ago"
"2011-10-01",-14.52,-12.95,5.1,"1 week ago"
"2011-10-01",140.65,37.15,5.1,"1 week ago"
"2011-10-01",-73.97,-37.93,5.2,"1 week ago"
"2011-10-01",127.65,26.65,5,"1 week ago"
"2011-10-01",171.46,-22.5,5.2,"1 week ago"
"2011-10-01",163.76,-49.64,5,"1 week ago"
"2011-10-01",126.74,8.3,5.4,"1 week ago"
"2011-10-01",167.64,-19.25,5.2,"1 week ago"
"2011-10-01",143.52,39.15,5,"1 week ago"
"2011-10-01",123.69,7.36,5.3,"this week"
"2011-10-01",95.84,12.97,5.2,"this week"
"2011-10-01",172.13,51.77,5.3,"this week"
"2011-10-01",164.54,-48.98,5.6,"this week"
"2011-10-01",95.78,12.99,5,"this week"
"2011-10-01",126.72,8.3,5,"this week"
"2011-10-01",126.24,1.36,5.2,"this week"
"2011-10-01",152.6,-5.15,5.3,"this week"
"2011-10-01",164.91,-10.73,5.1,"this week"
"2011-10-01",-68.92,-20.07,5,"this week"
"2011-10-01",-82.63,-43.8,5,"this week"
"2011-10-01",120.25,-9.23,5,"this week"
"2011-10-01",-81.78,-44.52,5,"this week"
"2011-10-01",140.43,26.77,5.6,"this week"
"2011-10-01",-178.69,-31.9,5,"this week"
"2011-10-01",137.59,36.48,5.3,"this week"
"2011-10-01",137.38,36.49,5.2,"this week"
"2011-10-01",-32.54,57.87,5.4,"this week"
"2011-10-01",-32.25,57.95,5.3,"this week"
"2011-10-01",-32.49,57.89,5.5,"this week"
"2011-10-01",-32.35,57.93,5,"this week"
"2011-10-01",138.24,9.7,5.8,"this week"
"2011-10-01",-64.22,-24.18,5.9,"this week"
"2011-10-01",-64.3,-24.28,5.1,"this week"
"2011-10-01",-176.82,-29.13,5,"this week"
"2011-10-01",167.39,-14.83,5.3,"this week"
"2011-10-01",-66.27,-23,5.2,"this week"
"2011-10-01",-32.41,57.87,5.1,"this week"
"2011-10-01",141.96,41.63,5.3,"this week"
"2011-10-01",171.22,-22.21,5.6,"this week"
"2011-10-01",152.97,-5.12,5,"this week"
"2011-10-01",-179.04,-32.51,6.1,"this week"
"2011-10-01",-178.93,-32.57,5.1,"this week"
"2011-10-01",-75.36,-46.09,5,"this week"
"2011-10-08",142.86,40.29,5.3,"3 weeks ago"
"2011-10-08",142.66,40.26,5.7,"3 weeks ago"
"2011-10-08",154.74,48.91,5.2,"3 weeks ago"
"2011-10-08",143.23,40.25,5.2,"3 weeks ago"
"2011-10-08",42.16,-16.17,5.1,"3 weeks ago"
"2011-10-08",143.05,39.84,5.6,"3 weeks ago"
"2011-10-08",142.32,42.04,5.1,"3 weeks ago"
"2011-10-08",88.16,27.73,6.9,"3 weeks ago"
"2011-10-08",141.4,37.84,5.4,"3 weeks ago"
"2011-10-08",161.41,-10.58,5.2,"3 weeks ago"
"2011-10-08",125.14,-2.12,5.1,"3 weeks ago"
"2011-10-08",-170.07,53.54,5.4,"3 weeks ago"
"2011-10-08",-171.98,52.04,5.6,"3 weeks ago"
"2011-10-08",147.31,47.86,5.2,"3 weeks ago"
"2011-10-08",-90.21,14.24,5.2,"3 weeks ago"
"2011-10-08",-90.24,14.19,5.6,"3 weeks ago"
"2011-10-08",-105.21,-4.53,5.7,"3 weeks ago"
"2011-10-08",-17.08,-38.19,5.2,"3 weeks ago"
"2011-10-08",169.1,-18.79,5.2,"3 weeks ago"
"2011-10-08",-17.01,-38.35,5,"3 weeks ago"
"2011-10-08",140.32,36.77,5.1,"3 weeks ago"
"2011-10-08",117.82,-9.59,5.2,"3 weeks ago"
"2011-10-08",-172.49,-17.32,5,"3 weeks ago"
"2011-10-08",38.84,39.78,5.5,"3 weeks ago"
"2011-10-08",103.05,-4.07,5.1,"3 weeks ago"
"2011-10-08",-175.31,-15.44,6.4,"3 weeks ago"
"2011-10-08",140.44,36.76,5,"3 weeks ago"
"2011-10-08",175.64,-19.2,5,"3 weeks ago"
"2011-10-08",141.85,39.35,5.2,"3 weeks ago"
"2011-10-08",-16.03,-38.5,5.2,"3 weeks ago"
"2011-10-08",-109.44,-9.05,5.9,"3 weeks ago"
"2011-10-08",-109.57,-9.15,5.4,"3 weeks ago"
"2011-10-08",151.56,-6.34,5.2,"2 weeks ago"
"2011-10-08",-177.84,-17.31,5.3,"2 weeks ago"
"2011-10-08",65.47,-18.61,5.1,"2 weeks ago"
"2011-10-08",-81.77,-5.96,5.1,"2 weeks ago"
"2011-10-08",92.42,12.74,5.1,"2 weeks ago"
"2011-10-08",-111.03,-36.52,5.3,"2 weeks ago"
"2011-10-08",-126.28,63.43,5.3,"2 weeks ago"
"2011-10-08",123.1,-7.36,5.2,"2 weeks ago"
"2011-10-08",-173.32,-16.71,5.4,"2 weeks ago"
"2011-10-08",-16.99,-38.42,5.1,"2 weeks ago"
"2011-10-08",-178.34,-17.76,5.3,"2 weeks ago"
"2011-10-08",178.76,50.28,5.1,"2 weeks ago"
"2011-10-08",76.7,36.59,5,"2 weeks ago"
"2011-10-08",23.78,34.52,5.3,"2 weeks ago"
"2011-10-08",-179.5,51.79,5.1,"2 weeks ago"
"2011-10-08",172,-22.82,5.2,"2 weeks ago"
"2011-10-08",172.31,-22.68,5,"2 weeks ago"
"2011-10-08",172.2,-22.57,5.1,"2 weeks ago"
"2011-10-08",171.97,-22.86,5,"2 weeks ago"
"2011-10-08",-173.18,-15.62,5.2,"2 weeks ago"
"2011-10-08",172.1,-22.75,5.4,"2 weeks ago"
"2011-10-08",172.03,-22.82,5.1,"2 weeks ago"
"2011-10-08",-73.85,-37.95,5.6,"2 weeks ago"
"2011-10-08",-14.52,-12.95,5.1,"2 weeks ago"
"2011-10-08",140.65,37.15,5.1,"2 weeks ago"
"2011-10-08",-73.97,-37.93,5.2,"2 weeks ago"
"2011-10-08",127.65,26.65,5,"2 weeks ago"
"2011-10-08",171.46,-22.5,5.2,"2 weeks ago"
"2011-10-08",163.76,-49.64,5,"2 weeks ago"
"2011-10-08",126.74,8.3,5.4,"2 weeks ago"
"2011-10-08",167.64,-19.25,5.2,"2 weeks ago"
"2011-10-08",143.52,39.15,5,"2 weeks ago"
"2011-10-08",123.69,7.36,5.3,"1 week ago"
"2011-10-08",95.84,12.97,5.2,"1 week ago"
"2011-10-08",172.13,51.77,5.3,"1 week ago"
"2011-10-08",164.54,-48.98,5.6,"1 week ago"
"2011-10-08",95.78,12.99,5,"1 week ago"
"2011-10-08",126.72,8.3,5,"1 week ago"
"2011-10-08",126.24,1.36,5.2,"1 week ago"
"2011-10-08",152.6,-5.15,5.3,"1 week ago"
"2011-10-08",164.91,-10.73,5.1,"1 week ago"
"2011-10-08",-68.92,-20.07,5,"1 week ago"
"2011-10-08",-82.63,-43.8,5,"1 week ago"
"2011-10-08",120.25,-9.23,5,"1 week ago"
"2011-10-08",-81.78,-44.52,5,"1 week ago"
"2011-10-08",140.43,26.77,5.6,"1 week ago"
"2011-10-08",-178.69,-31.9,5,"1 week ago"
"2011-10-08",137.59,36.48,5.3,"1 week ago"
"2011-10-08",137.38,36.49,5.2,"1 week ago"
"2011-10-08",-32.54,57.87,5.4,"1 week ago"
"2011-10-08",-32.25,57.95,5.3,"1 week ago"
"2011-10-08",-32.49,57.89,5.5,"1 week ago"
"2011-10-08",-32.35,57.93,5,"1 week ago"
"2011-10-08",138.24,9.7,5.8,"1 week ago"
"2011-10-08",-64.22,-24.18,5.9,"1 week ago"
"2011-10-08",-64.3,-24.28,5.1,"1 week ago"
"2011-10-08",-176.82,-29.13,5,"1 week ago"
"2011-10-08",167.39,-14.83,5.3,"1 week ago"
"2011-10-08",-66.27,-23,5.2,"1 week ago"
"2011-10-08",-32.41,57.87,5.1,"1 week ago"
"2011-10-08",141.96,41.63,5.3,"1 week ago"
"2011-10-08",171.22,-22.21,5.6,"1 week ago"
"2011-10-08",152.97,-5.12,5,"1 week ago"
"2011-10-08",-179.04,-32.51,6.1,"1 week ago"
"2011-10-08",-178.93,-32.57,5.1,"1 week ago"
"2011-10-08",-75.36,-46.09,5,"1 week ago"
"2011-10-08",134.14,-4.69,5.7,"this week"
"2011-10-08",-173.22,-20.6,5.9,"this week"
"2011-10-08",147.52,13.86,5,"this week"
"2011-10-08",-115.96,-50.08,5.5,"this week"
"2011-10-08",-178.72,-32.68,5,"this week"
"2011-10-08",167.85,-14.56,5.1,"this week"
"2011-10-08",159.4,52.22,5.3,"this week"
"2011-10-08",141.26,37.55,5.6,"this week"
"2011-10-08",151.57,-4.9,5.2,"this week"
"2011-10-08",-116.22,-25.46,5.5,"this week"
"2011-10-08",-176.28,-29.6,5,"this week"
"2011-10-08",-176.62,-27.34,5.2,"this week"
"2011-10-08",-176.24,-29.5,5,"this week"
"2011-10-08",69.99,-25.2,5,"this week"
"2011-10-08",138.84,-2.25,5.7,"this week"
"2011-10-08",-109.37,-26.99,5,"this week"
"2011-10-08",-69.23,-26.54,5,"this week"
"2011-10-08",100.62,-3.8,5,"this week"
"2011-10-08",-106.66,18.54,5.1,"this week"
"2011-10-08",144.42,37.76,5,"this week"
"2011-10-08",114.59,-9.35,6.1,"this week"
"2011-10-08",-127.14,43.46,5.6,"this week"
"2011-10-08",-75.55,-6.61,5.1,"this week"
"2011-10-08",147.88,-6.57,6.5,"this week"
"2011-10-08",123.72,54.08,6,"this week"
"2011-10-08",-173.36,-18.85,5,"this week"
"2011-10-15",151.56,-6.34,5.2,"3 weeks ago"
"2011-10-15",-177.84,-17.31,5.3,"3 weeks ago"
"2011-10-15",65.47,-18.61,5.1,"3 weeks ago"
"2011-10-15",-81.77,-5.96,5.1,"3 weeks ago"
"2011-10-15",92.42,12.74,5.1,"3 weeks ago"
"2011-10-15",-111.03,-36.52,5.3,"3 weeks ago"
"2011-10-15",-126.28,63.43,5.3,"3 weeks ago"
"2011-10-15",123.1,-7.36,5.2,"3 weeks ago"
"2011-10-15",-173.32,-16.71,5.4,"3 weeks ago"
"2011-10-15",-16.99,-38.42,5.1,"3 weeks ago"
"2011-10-15",-178.34,-17.76,5.3,"3 weeks ago"
"2011-10-15",178.76,50.28,5.1,"3 weeks ago"
"2011-10-15",76.7,36.59,5,"3 weeks ago"
"2011-10-15",23.78,34.52,5.3,"3 weeks ago"
"2011-10-15",-179.5,51.79,5.1,"3 weeks ago"
"2011-10-15",172,-22.82,5.2,"3 weeks ago"
"2011-10-15",172.31,-22.68,5,"3 weeks ago"
"2011-10-15",172.2,-22.57,5.1,"3 weeks ago"
"2011-10-15",171.97,-22.86,5,"3 weeks ago"
"2011-10-15",-173.18,-15.62,5.2,"3 weeks ago"
"2011-10-15",172.1,-22.75,5.4,"3 weeks ago"
"2011-10-15",172.03,-22.82,5.1,"3 weeks ago"
"2011-10-15",-73.85,-37.95,5.6,"3 weeks ago"
"2011-10-15",-14.52,-12.95,5.1,"3 weeks ago"
"2011-10-15",140.65,37.15,5.1,"3 weeks ago"
"2011-10-15",-73.97,-37.93,5.2,"3 weeks ago"
"2011-10-15",127.65,26.65,5,"3 weeks ago"
"2011-10-15",171.46,-22.5,5.2,"3 weeks ago"
"2011-10-15",163.76,-49.64,5,"3 weeks ago"
"2011-10-15",126.74,8.3,5.4,"3 weeks ago"
"2011-10-15",167.64,-19.25,5.2,"3 weeks ago"
"2011-10-15",143.52,39.15,5,"3 weeks ago"
"2011-10-15",123.69,7.36,5.3,"2 weeks ago"
"2011-10-15",95.84,12.97,5.2,"2 weeks ago"
"2011-10-15",172.13,51.77,5.3,"2 weeks ago"
"2011-10-15",164.54,-48.98,5.6,"2 weeks ago"
"2011-10-15",95.78,12.99,5,"2 weeks ago"
"2011-10-15",126.72,8.3,5,"2 weeks ago"
"2011-10-15",126.24,1.36,5.2,"2 weeks ago"
"2011-10-15",152.6,-5.15,5.3,"2 weeks ago"
"2011-10-15",164.91,-10.73,5.1,"2 weeks ago"
"2011-10-15",-68.92,-20.07,5,"2 weeks ago"
"2011-10-15",-82.63,-43.8,5,"2 weeks ago"
"2011-10-15",120.25,-9.23,5,"2 weeks ago"
"2011-10-15",-81.78,-44.52,5,"2 weeks ago"
"2011-10-15",140.43,26.77,5.6,"2 weeks ago"
"2011-10-15",-178.69,-31.9,5,"2 weeks ago"
"2011-10-15",137.59,36.48,5.3,"2 weeks ago"
"2011-10-15",137.38,36.49,5.2,"2 weeks ago"
"2011-10-15",-32.54,57.87,5.4,"2 weeks ago"
"2011-10-15",-32.25,57.95,5.3,"2 weeks ago"
"2011-10-15",-32.49,57.89,5.5,"2 weeks ago"
"2011-10-15",-32.35,57.93,5,"2 weeks ago"
"2011-10-15",138.24,9.7,5.8,"2 weeks ago"
"2011-10-15",-64.22,-24.18,5.9,"2 weeks ago"
"2011-10-15",-64.3,-24.28,5.1,"2 weeks ago"
"2011-10-15",-176.82,-29.13,5,"2 weeks ago"
"2011-10-15",167.39,-14.83,5.3,"2 weeks ago"
"2011-10-15",-66.27,-23,5.2,"2 weeks ago"
"2011-10-15",-32.41,57.87,5.1,"2 weeks ago"
"2011-10-15",141.96,41.63,5.3,"2 weeks ago"
"2011-10-15",171.22,-22.21,5.6,"2 weeks ago"
"2011-10-15",152.97,-5.12,5,"2 weeks ago"
"2011-10-15",-179.04,-32.51,6.1,"2 weeks ago"
"2011-10-15",-178.93,-32.57,5.1,"2 weeks ago"
"2011-10-15",-75.36,-46.09,5,"2 weeks ago"
"2011-10-15",134.14,-4.69,5.7,"1 week ago"
"2011-10-15",-173.22,-20.6,5.9,"1 week ago"
"2011-10-15",147.52,13.86,5,"1 week ago"
"2011-10-15",-115.96,-50.08,5.5,"1 week ago"
"2011-10-15",-178.72,-32.68,5,"1 week ago"
"2011-10-15",167.85,-14.56,5.1,"1 week ago"
"2011-10-15",159.4,52.22,5.3,"1 week ago"
"2011-10-15",141.26,37.55,5.6,"1 week ago"
"2011-10-15",151.57,-4.9,5.2,"1 week ago"
"2011-10-15",-116.22,-25.46,5.5,"1 week ago"
"2011-10-15",-176.28,-29.6,5,"1 week ago"
"2011-10-15",-176.62,-27.34,5.2,"1 week ago"
"2011-10-15",-176.24,-29.5,5,"1 week ago"
"2011-10-15",69.99,-25.2,5,"1 week ago"
"2011-10-15",138.84,-2.25,5.7,"1 week ago"
"2011-10-15",-109.37,-26.99,5,"1 week ago"
"2011-10-15",-69.23,-26.54,5,"1 week ago"
"2011-10-15",100.62,-3.8,5,"1 week ago"
"2011-10-15",-106.66,18.54,5.1,"1 week ago"
"2011-10-15",144.42,37.76,5,"1 week ago"
"2011-10-15",114.59,-9.35,6.1,"1 week ago"
"2011-10-15",-127.14,43.46,5.6,"1 week ago"
"2011-10-15",-75.55,-6.61,5.1,"1 week ago"
"2011-10-15",147.88,-6.57,6.5,"1 week ago"
"2011-10-15",123.72,54.08,6,"1 week ago"
"2011-10-15",-173.36,-18.85,5,"1 week ago"
"2011-10-15",-177.46,-25.79,5.5,"this week"
"2011-10-15",-179.78,-31.66,5.2,"this week"
"2011-10-15",169.14,-20.04,5.1,"this week"
"2011-10-15",152.91,47.95,5.3,"this week"
"2011-10-15",96.18,2.45,5.4,"this week"
"2011-10-15",124.84,22.7,5.1,"this week"
"2011-10-15",78.4,-37.4,5,"this week"
"2011-10-15",141.89,37.74,5,"this week"
"2011-10-15",150.99,-5.8,5.4,"this week"
"2011-10-15",78.11,-37.52,5.1,"this week"
"2011-10-15",-66.56,-23.22,5.1,"this week"
"2011-10-15",78.22,-37.43,5,"this week"
"2011-10-15",151.04,-5.78,6.1,"this week"
"2011-10-15",156.98,-62.58,5.2,"this week"
"2011-10-15",166.08,-11.59,5,"this week"
"2011-10-15",124.78,-9.43,5,"this week"
"2011-10-15",54.29,28.06,5.2,"this week"
"2011-10-15",134.05,-4.83,5,"this week"
"2011-10-15",-31.37,38,5,"this week"
"2011-10-15",-13.31,-32.28,5.4,"this week"
"2011-10-15",120.05,13.81,5,"this week"
"2011-10-15",-113.47,-22.76,5.1,"this week"
"2011-10-15",-113.22,-22.76,5.2,"this week"
"2011-10-15",-92.75,15.27,5,"this week"
"2011-10-15",-77.46,-45.75,5.2,"this week"
"2011-10-15",-176.32,-29.8,5.1,"this week"
"2011-10-15",140.23,-52.5,5.1,"this week"
"2011-10-15",70.53,21.21,5.1,"this week"
"2011-10-15",81.61,35.44,5,"this week"
"2011-10-15",-66.29,-22.91,5.2,"this week"
"2011-10-15",142.48,43.89,6.1,"this week"
"2011-10-15",-176.24,-28.99,7.4,"this week"
"2011-10-22",123.69,7.36,5.3,"3 weeks ago"
"2011-10-22",95.84,12.97,5.2,"3 weeks ago"
"2011-10-22",172.13,51.77,5.3,"3 weeks ago"
"2011-10-22",164.54,-48.98,5.6,"3 weeks ago"
"2011-10-22",95.78,12.99,5,"3 weeks ago"
"2011-10-22",126.72,8.3,5,"3 weeks ago"
"2011-10-22",126.24,1.36,5.2,"3 weeks ago"
"2011-10-22",152.6,-5.15,5.3,"3 weeks ago"
"2011-10-22",164.91,-10.73,5.1,"3 weeks ago"
"2011-10-22",-68.92,-20.07,5,"3 weeks ago"
"2011-10-22",-82.63,-43.8,5,"3 weeks ago"
"2011-10-22",120.25,-9.23,5,"3 weeks ago"
"2011-10-22",-81.78,-44.52,5,"3 weeks ago"
"2011-10-22",140.43,26.77,5.6,"3 weeks ago"
"2011-10-22",-178.69,-31.9,5,"3 weeks ago"
"2011-10-22",137.59,36.48,5.3,"3 weeks ago"
"2011-10-22",137.38,36.49,5.2,"3 weeks ago"
"2011-10-22",-32.54,57.87,5.4,"3 weeks ago"
"2011-10-22",-32.25,57.95,5.3,"3 weeks ago"
"2011-10-22",-32.49,57.89,5.5,"3 weeks ago"
"2011-10-22",-32.35,57.93,5,"3 weeks ago"
"2011-10-22",138.24,9.7,5.8,"3 weeks ago"
"2011-10-22",-64.22,-24.18,5.9,"3 weeks ago"
"2011-10-22",-64.3,-24.28,5.1,"3 weeks ago"
"2011-10-22",-176.82,-29.13,5,"3 weeks ago"
"2011-10-22",167.39,-14.83,5.3,"3 weeks ago"
"2011-10-22",-66.27,-23,5.2,"3 weeks ago"
"2011-10-22",-32.41,57.87,5.1,"3 weeks ago"
"2011-10-22",141.96,41.63,5.3,"3 weeks ago"
"2011-10-22",171.22,-22.21,5.6,"3 weeks ago"
"2011-10-22",152.97,-5.12,5,"3 weeks ago"
"2011-10-22",-179.04,-32.51,6.1,"3 weeks ago"
"2011-10-22",-178.93,-32.57,5.1,"3 weeks ago"
"2011-10-22",-75.36,-46.09,5,"3 weeks ago"
"2011-10-22",134.14,-4.69,5.7,"2 weeks ago"
"2011-10-22",-173.22,-20.6,5.9,"2 weeks ago"
"2011-10-22",147.52,13.86,5,"2 weeks ago"
"2011-10-22",-115.96,-50.08,5.5,"2 weeks ago"
"2011-10-22",-178.72,-32.68,5,"2 weeks ago"
"2011-10-22",167.85,-14.56,5.1,"2 weeks ago"
"2011-10-22",159.4,52.22,5.3,"2 weeks ago"
"2011-10-22",141.26,37.55,5.6,"2 weeks ago"
"2011-10-22",151.57,-4.9,5.2,"2 weeks ago"
"2011-10-22",-116.22,-25.46,5.5,"2 weeks ago"
"2011-10-22",-176.28,-29.6,5,"2 weeks ago"
"2011-10-22",-176.62,-27.34,5.2,"2 weeks ago"
"2011-10-22",-176.24,-29.5,5,"2 weeks ago"
"2011-10-22",69.99,-25.2,5,"2 weeks ago"
"2011-10-22",138.84,-2.25,5.7,"2 weeks ago"
"2011-10-22",-109.37,-26.99,5,"2 weeks ago"
"2011-10-22",-69.23,-26.54,5,"2 weeks ago"
"2011-10-22",100.62,-3.8,5,"2 weeks ago"
"2011-10-22",-106.66,18.54,5.1,"2 weeks ago"
"2011-10-22",144.42,37.76,5,"2 weeks ago"
"2011-10-22",114.59,-9.35,6.1,"2 weeks ago"
"2011-10-22",-127.14,43.46,5.6,"2 weeks ago"
"2011-10-22",-75.55,-6.61,5.1,"2 weeks ago"
"2011-10-22",147.88,-6.57,6.5,"2 weeks ago"
"2011-10-22",123.72,54.08,6,"2 weeks ago"
"2011-10-22",-173.36,-18.85,5,"2 weeks ago"
"2011-10-22",-177.46,-25.79,5.5,"1 week ago"
"2011-10-22",-179.78,-31.66,5.2,"1 week ago"
"2011-10-22",169.14,-20.04,5.1,"1 week ago"
"2011-10-22",152.91,47.95,5.3,"1 week ago"
"2011-10-22",96.18,2.45,5.4,"1 week ago"
"2011-10-22",124.84,22.7,5.1,"1 week ago"
"2011-10-22",78.4,-37.4,5,"1 week ago"
"2011-10-22",141.89,37.74,5,"1 week ago"
"2011-10-22",150.99,-5.8,5.4,"1 week ago"
"2011-10-22",78.11,-37.52,5.1,"1 week ago"
"2011-10-22",-66.56,-23.22,5.1,"1 week ago"
"2011-10-22",78.22,-37.43,5,"1 week ago"
"2011-10-22",151.04,-5.78,6.1,"1 week ago"
"2011-10-22",156.98,-62.58,5.2,"1 week ago"
"2011-10-22",166.08,-11.59,5,"1 week ago"
"2011-10-22",124.78,-9.43,5,"1 week ago"
"2011-10-22",54.29,28.06,5.2,"1 week ago"
"2011-10-22",134.05,-4.83,5,"1 week ago"
"2011-10-22",-31.37,38,5,"1 week ago"
"2011-10-22",-13.31,-32.28,5.4,"1 week ago"
"2011-10-22",120.05,13.81,5,"1 week ago"
"2011-10-22",-113.47,-22.76,5.1,"1 week ago"
"2011-10-22",-113.22,-22.76,5.2,"1 week ago"
"2011-10-22",-92.75,15.27,5,"1 week ago"
"2011-10-22",-77.46,-45.75,5.2,"1 week ago"
"2011-10-22",-176.32,-29.8,5.1,"1 week ago"
"2011-10-22",140.23,-52.5,5.1,"1 week ago"
"2011-10-22",70.53,21.21,5.1,"1 week ago"
"2011-10-22",81.61,35.44,5,"1 week ago"
"2011-10-22",-66.29,-22.91,5.2,"1 week ago"
"2011-10-22",142.48,43.89,6.1,"1 week ago"
"2011-10-22",-176.24,-28.99,7.4,"1 week ago"
"2011-10-22",104.13,-7.82,5.1,"this week"
"2011-10-22",-176.15,-28.86,5.2,"this week"
"2011-10-22",-69.31,-18,5.1,"this week"
"2011-10-22",-28.11,-55.26,5,"this week"
"2011-10-22",134.71,7.71,5.3,"this week"
"2011-10-22",43.51,38.72,7.1,"this week"
"2011-10-22",43.59,38.75,5.6,"this week"
"2011-10-22",43.45,38.81,5.6,"this week"
"2011-10-22",43.1,38.6,5.2,"this week"
"2011-10-22",42.61,38.33,5,"this week"
"2011-10-22",43.3,38.81,5.7,"this week"
"2011-10-22",43.34,38.71,5.1,"this week"
"2011-10-22",43.08,38.63,5.9,"this week"
"2011-10-22",-176.33,-29.74,5.2,"this week"
"2011-10-22",43.2,38.67,5,"this week"
"2011-10-22",66.25,-17.82,5.1,"this week"
"2011-10-22",-176.33,-29.39,5,"this week"
"2011-10-22",-6.79,70.88,5.1,"this week"
"2011-10-22",-171.83,52.16,5.7,"this week"
"2011-10-22",-14.39,-11.7,5.3,"this week"
"2011-10-22",61.29,-29.12,5,"this week"
"2011-10-22",43.62,38.81,5.6,"this week"
"2011-10-22",140.97,37.03,5,"this week"
"2011-10-22",138.36,32.06,5.2,"this week"
"2011-10-22",167.31,-15.02,5.2,"this week"
"2011-10-22",-72.64,-45.84,5,"this week"
"2011-10-22",-176.65,-26.85,5,"this week"
"2011-10-22",145.95,-5.13,5,"this week"
"2011-10-22",99.94,-2.46,5.2,"this week"
"2011-10-22",175.65,-38.93,5.2,"this week"
"2011-10-22",53.86,14.28,5.1,"this week"
"2011-10-22",53.83,14.22,5.3,"this week"
"2011-10-22",-179.53,-17.94,6,"this week"
"2011-10-22",43.86,37.26,5.1,"this week"
"2011-10-22",-171.57,52.06,5.3,"this week"
"2011-10-22",161.34,-10.6,5.1,"this week"
"2011-10-22",94.26,5.14,5,"this week"
"2011-10-22",-176.12,-28.78,5.3,"this week"
"2011-10-22",-75.97,-14.44,6.9,"this week"
"2011-10-22",-76,-14.38,5.6,"this week"
"2011-10-22",-76.11,-14.48,5,"this week"
"2011-10-22",-76.01,-14.67,5,"this week"
"2011-10-22",-75.84,-14.51,5.6,"this week"
"2011-10-22",129.65,-3.08,5.3,"this week"
"2011-10-29",134.14,-4.69,5.7,"3 weeks ago"
"2011-10-29",-173.22,-20.6,5.9,"3 weeks ago"
"2011-10-29",147.52,13.86,5,"3 weeks ago"
"2011-10-29",-115.96,-50.08,5.5,"3 weeks ago"
"2011-10-29",-178.72,-32.68,5,"3 weeks ago"
"2011-10-29",167.85,-14.56,5.1,"3 weeks ago"
"2011-10-29",159.4,52.22,5.3,"3 weeks ago"
"2011-10-29",141.26,37.55,5.6,"3 weeks ago"
"2011-10-29",151.57,-4.9,5.2,"3 weeks ago"
"2011-10-29",-116.22,-25.46,5.5,"3 weeks ago"
"2011-10-29",-176.28,-29.6,5,"3 weeks ago"
"2011-10-29",-176.62,-27.34,5.2,"3 weeks ago"
"2011-10-29",-176.24,-29.5,5,"3 weeks ago"
"2011-10-29",69.99,-25.2,5,"3 weeks ago"
"2011-10-29",138.84,-2.25,5.7,"3 weeks ago"
"2011-10-29",-109.37,-26.99,5,"3 weeks ago"
"2011-10-29",-69.23,-26.54,5,"3 weeks ago"
"2011-10-29",100.62,-3.8,5,"3 weeks ago"
"2011-10-29",-106.66,18.54,5.1,"3 weeks ago"
"2011-10-29",144.42,37.76,5,"3 weeks ago"
"2011-10-29",114.59,-9.35,6.1,"3 weeks ago"
"2011-10-29",-127.14,43.46,5.6,"3 weeks ago"
"2011-10-29",-75.55,-6.61,5.1,"3 weeks ago"
"2011-10-29",147.88,-6.57,6.5,"3 weeks ago"
"2011-10-29",123.72,54.08,6,"3 weeks ago"
"2011-10-29",-173.36,-18.85,5,"3 weeks ago"
"2011-10-29",-177.46,-25.79,5.5,"2 weeks ago"
"2011-10-29",-179.78,-31.66,5.2,"2 weeks ago"
"2011-10-29",169.14,-20.04,5.1,"2 weeks ago"
"2011-10-29",152.91,47.95,5.3,"2 weeks ago"
"2011-10-29",96.18,2.45,5.4,"2 weeks ago"
"2011-10-29",124.84,22.7,5.1,"2 weeks ago"
"2011-10-29",78.4,-37.4,5,"2 weeks ago"
"2011-10-29",141.89,37.74,5,"2 weeks ago"
"2011-10-29",150.99,-5.8,5.4,"2 weeks ago"
"2011-10-29",78.11,-37.52,5.1,"2 weeks ago"
"2011-10-29",-66.56,-23.22,5.1,"2 weeks ago"
"2011-10-29",78.22,-37.43,5,"2 weeks ago"
"2011-10-29",151.04,-5.78,6.1,"2 weeks ago"
"2011-10-29",156.98,-62.58,5.2,"2 weeks ago"
"2011-10-29",166.08,-11.59,5,"2 weeks ago"
"2011-10-29",124.78,-9.43,5,"2 weeks ago"
"2011-10-29",54.29,28.06,5.2,"2 weeks ago"
"2011-10-29",134.05,-4.83,5,"2 weeks ago"
"2011-10-29",-31.37,38,5,"2 weeks ago"
"2011-10-29",-13.31,-32.28,5.4,"2 weeks ago"
"2011-10-29",120.05,13.81,5,"2 weeks ago"
"2011-10-29",-113.47,-22.76,5.1,"2 weeks ago"
"2011-10-29",-113.22,-22.76,5.2,"2 weeks ago"
"2011-10-29",-92.75,15.27,5,"2 weeks ago"
"2011-10-29",-77.46,-45.75,5.2,"2 weeks ago"
"2011-10-29",-176.32,-29.8,5.1,"2 weeks ago"
"2011-10-29",140.23,-52.5,5.1,"2 weeks ago"
"2011-10-29",70.53,21.21,5.1,"2 weeks ago"
"2011-10-29",81.61,35.44,5,"2 weeks ago"
"2011-10-29",-66.29,-22.91,5.2,"2 weeks ago"
"2011-10-29",142.48,43.89,6.1,"2 weeks ago"
"2011-10-29",-176.24,-28.99,7.4,"2 weeks ago"
"2011-10-29",104.13,-7.82,5.1,"1 week ago"
"2011-10-29",-176.15,-28.86,5.2,"1 week ago"
"2011-10-29",-69.31,-18,5.1,"1 week ago"
"2011-10-29",-28.11,-55.26,5,"1 week ago"
"2011-10-29",134.71,7.71,5.3,"1 week ago"
"2011-10-29",43.51,38.72,7.1,"1 week ago"
"2011-10-29",43.59,38.75,5.6,"1 week ago"
"2011-10-29",43.45,38.81,5.6,"1 week ago"
"2011-10-29",43.1,38.6,5.2,"1 week ago"
"2011-10-29",42.61,38.33,5,"1 week ago"
"2011-10-29",43.3,38.81,5.7,"1 week ago"
"2011-10-29",43.34,38.71,5.1,"1 week ago"
"2011-10-29",43.08,38.63,5.9,"1 week ago"
"2011-10-29",-176.33,-29.74,5.2,"1 week ago"
"2011-10-29",43.2,38.67,5,"1 week ago"
"2011-10-29",66.25,-17.82,5.1,"1 week ago"
"2011-10-29",-176.33,-29.39,5,"1 week ago"
"2011-10-29",-6.79,70.88,5.1,"1 week ago"
"2011-10-29",-171.83,52.16,5.7,"1 week ago"
"2011-10-29",-14.39,-11.7,5.3,"1 week ago"
"2011-10-29",61.29,-29.12,5,"1 week ago"
"2011-10-29",43.62,38.81,5.6,"1 week ago"
"2011-10-29",140.97,37.03,5,"1 week ago"
"2011-10-29",138.36,32.06,5.2,"1 week ago"
"2011-10-29",167.31,-15.02,5.2,"1 week ago"
"2011-10-29",-72.64,-45.84,5,"1 week ago"
"2011-10-29",-176.65,-26.85,5,"1 week ago"
"2011-10-29",145.95,-5.13,5,"1 week ago"
"2011-10-29",99.94,-2.46,5.2,"1 week ago"
"2011-10-29",175.65,-38.93,5.2,"1 week ago"
"2011-10-29",53.86,14.28,5.1,"1 week ago"
"2011-10-29",53.83,14.22,5.3,"1 week ago"
"2011-10-29",-179.53,-17.94,6,"1 week ago"
"2011-10-29",43.86,37.26,5.1,"1 week ago"
"2011-10-29",-171.57,52.06,5.3,"1 week ago"
"2011-10-29",161.34,-10.6,5.1,"1 week ago"
"2011-10-29",94.26,5.14,5,"1 week ago"
"2011-10-29",-176.12,-28.78,5.3,"1 week ago"
"2011-10-29",-75.97,-14.44,6.9,"1 week ago"
"2011-10-29",-76,-14.38,5.6,"1 week ago"
"2011-10-29",-76.11,-14.48,5,"1 week ago"
"2011-10-29",-76.01,-14.67,5,"1 week ago"
"2011-10-29",-75.84,-14.51,5.6,"1 week ago"
"2011-10-29",129.65,-3.08,5.3,"1 week ago"
"2011-10-29",165,-10.64,5,"this week"
"2011-10-29",100.11,-47.5,5.3,"this week"
"2011-10-29",43.56,38.89,5.1,"this week"
"2011-10-29",144.35,-4.34,5.3,"this week"
"2011-10-29",122.87,25.37,5.7,"this week"
"2011-10-29",100.01,-47.38,5,"this week"
"2011-10-29",-142.97,-57.14,5.02,"this week"
"2011-10-29",101.34,-3.25,5.6,"this week"
"2011-10-29",-70.96,-25.74,5.7,"this week"
"2011-10-29",48.06,12.52,5.4,"this week"
"2011-10-29",-115.2,-23.66,5.2,"this week"
"2011-10-29",-114.96,-23.35,5.5,"this week"
"2011-10-29",177.93,52.37,5.8,"this week"
"2011-10-29",-105.08,-35.47,5.1,"this week"
"2011-10-29",105.32,32.53,5,"this week"
"2011-10-29",82.44,43.65,5.6,"this week"
"2011-10-29",123.37,0.05,5.3,"this week"
"2011-10-29",-109.2,19.83,6.3,"this week"
"2011-10-29",141.64,35.94,5,"this week"
"2011-10-29",104.17,34.54,5,"this week"
"2011-10-29",-69.01,-23.8,5,"this week"
"2011-10-29",-109.24,19.61,5.2,"this week"
"2011-10-29",129.12,-7.1,5.2,"this week"
"2011-10-29",123.35,-0.01,5,"this week"
"2011-10-29",-128.84,-55.29,6.1,"this week"
"2011-10-29",-84.75,9.74,5.4,"this week"
"2011-10-29",-71.97,-31.4,5,"this week"
"2011-10-29",178.96,-35.46,5.3,"this week"
"2011-10-29",139.93,35.81,5,"this week"
"2011-10-29",-68.89,-24.06,5.1,"this week"
"2011-10-29",163.99,55.53,5.1,"this week"
"2011-10-29",115.76,-8.81,5,"this week"
"2011-10-29",167.38,-15.09,5.8,"this week"
"2011-10-29",151.3,-5.67,5.1,"this week"
"2011-10-29",103.79,-7.16,5.1,"this week"
"2011-11-05",-177.46,-25.79,5.5,"3 weeks ago"
"2011-11-05",-179.78,-31.66,5.2,"3 weeks ago"
"2011-11-05",169.14,-20.04,5.1,"3 weeks ago"
"2011-11-05",152.91,47.95,5.3,"3 weeks ago"
"2011-11-05",96.18,2.45,5.4,"3 weeks ago"
"2011-11-05",124.84,22.7,5.1,"3 weeks ago"
"2011-11-05",78.4,-37.4,5,"3 weeks ago"
"2011-11-05",141.89,37.74,5,"3 weeks ago"
"2011-11-05",150.99,-5.8,5.4,"3 weeks ago"
"2011-11-05",78.11,-37.52,5.1,"3 weeks ago"
"2011-11-05",-66.56,-23.22,5.1,"3 weeks ago"
"2011-11-05",78.22,-37.43,5,"3 weeks ago"
"2011-11-05",151.04,-5.78,6.1,"3 weeks ago"
"2011-11-05",156.98,-62.58,5.2,"3 weeks ago"
"2011-11-05",166.08,-11.59,5,"3 weeks ago"
"2011-11-05",124.78,-9.43,5,"3 weeks ago"
"2011-11-05",54.29,28.06,5.2,"3 weeks ago"
"2011-11-05",134.05,-4.83,5,"3 weeks ago"
"2011-11-05",-31.37,38,5,"3 weeks ago"
"2011-11-05",-13.31,-32.28,5.4,"3 weeks ago"
"2011-11-05",120.05,13.81,5,"3 weeks ago"
"2011-11-05",-113.47,-22.76,5.1,"3 weeks ago"
"2011-11-05",-113.22,-22.76,5.2,"3 weeks ago"
"2011-11-05",-92.75,15.27,5,"3 weeks ago"
"2011-11-05",-77.46,-45.75,5.2,"3 weeks ago"
"2011-11-05",-176.32,-29.8,5.1,"3 weeks ago"
"2011-11-05",140.23,-52.5,5.1,"3 weeks ago"
"2011-11-05",70.53,21.21,5.1,"3 weeks ago"
"2011-11-05",81.61,35.44,5,"3 weeks ago"
"2011-11-05",-66.29,-22.91,5.2,"3 weeks ago"
"2011-11-05",142.48,43.89,6.1,"3 weeks ago"
"2011-11-05",-176.24,-28.99,7.4,"3 weeks ago"
"2011-11-05",104.13,-7.82,5.1,"2 weeks ago"
"2011-11-05",-176.15,-28.86,5.2,"2 weeks ago"
"2011-11-05",-69.31,-18,5.1,"2 weeks ago"
"2011-11-05",-28.11,-55.26,5,"2 weeks ago"
"2011-11-05",134.71,7.71,5.3,"2 weeks ago"
"2011-11-05",43.51,38.72,7.1,"2 weeks ago"
"2011-11-05",43.59,38.75,5.6,"2 weeks ago"
"2011-11-05",43.45,38.81,5.6,"2 weeks ago"
"2011-11-05",43.1,38.6,5.2,"2 weeks ago"
"2011-11-05",42.61,38.33,5,"2 weeks ago"
"2011-11-05",43.3,38.81,5.7,"2 weeks ago"
"2011-11-05",43.34,38.71,5.1,"2 weeks ago"
"2011-11-05",43.08,38.63,5.9,"2 weeks ago"
"2011-11-05",-176.33,-29.74,5.2,"2 weeks ago"
"2011-11-05",43.2,38.67,5,"2 weeks ago"
"2011-11-05",66.25,-17.82,5.1,"2 weeks ago"
"2011-11-05",-176.33,-29.39,5,"2 weeks ago"
"2011-11-05",-6.79,70.88,5.1,"2 weeks ago"
"2011-11-05",-171.83,52.16,5.7,"2 weeks ago"
"2011-11-05",-14.39,-11.7,5.3,"2 weeks ago"
"2011-11-05",61.29,-29.12,5,"2 weeks ago"
"2011-11-05",43.62,38.81,5.6,"2 weeks ago"
"2011-11-05",140.97,37.03,5,"2 weeks ago"
"2011-11-05",138.36,32.06,5.2,"2 weeks ago"
"2011-11-05",167.31,-15.02,5.2,"2 weeks ago"
"2011-11-05",-72.64,-45.84,5,"2 weeks ago"
"2011-11-05",-176.65,-26.85,5,"2 weeks ago"
"2011-11-05",145.95,-5.13,5,"2 weeks ago"
"2011-11-05",99.94,-2.46,5.2,"2 weeks ago"
"2011-11-05",175.65,-38.93,5.2,"2 weeks ago"
"2011-11-05",53.86,14.28,5.1,"2 weeks ago"
"2011-11-05",53.83,14.22,5.3,"2 weeks ago"
"2011-11-05",-179.53,-17.94,6,"2 weeks ago"
"2011-11-05",43.86,37.26,5.1,"2 weeks ago"
"2011-11-05",-171.57,52.06,5.3,"2 weeks ago"
"2011-11-05",161.34,-10.6,5.1,"2 weeks ago"
"2011-11-05",94.26,5.14,5,"2 weeks ago"
"2011-11-05",-176.12,-28.78,5.3,"2 weeks ago"
"2011-11-05",-75.97,-14.44,6.9,"2 weeks ago"
"2011-11-05",-76,-14.38,5.6,"2 weeks ago"
"2011-11-05",-76.11,-14.48,5,"2 weeks ago"
"2011-11-05",-76.01,-14.67,5,"2 weeks ago"
"2011-11-05",-75.84,-14.51,5.6,"2 weeks ago"
"2011-11-05",129.65,-3.08,5.3,"2 weeks ago"
"2011-11-05",165,-10.64,5,"1 week ago"
"2011-11-05",100.11,-47.5,5.3,"1 week ago"
"2011-11-05",43.56,38.89,5.1,"1 week ago"
"2011-11-05",144.35,-4.34,5.3,"1 week ago"
"2011-11-05",122.87,25.37,5.7,"1 week ago"
"2011-11-05",100.01,-47.38,5,"1 week ago"
"2011-11-05",-142.97,-57.14,5.02,"1 week ago"
"2011-11-05",101.34,-3.25,5.6,"1 week ago"
"2011-11-05",-70.96,-25.74,5.7,"1 week ago"
"2011-11-05",48.06,12.52,5.4,"1 week ago"
"2011-11-05",-115.2,-23.66,5.2,"1 week ago"
"2011-11-05",-114.96,-23.35,5.5,"1 week ago"
"2011-11-05",177.93,52.37,5.8,"1 week ago"
"2011-11-05",-105.08,-35.47,5.1,"1 week ago"
"2011-11-05",105.32,32.53,5,"1 week ago"
"2011-11-05",82.44,43.65,5.6,"1 week ago"
"2011-11-05",123.37,0.05,5.3,"1 week ago"
"2011-11-05",-109.2,19.83,6.3,"1 week ago"
"2011-11-05",141.64,35.94,5,"1 week ago"
"2011-11-05",104.17,34.54,5,"1 week ago"
"2011-11-05",-69.01,-23.8,5,"1 week ago"
"2011-11-05",-109.24,19.61,5.2,"1 week ago"
"2011-11-05",129.12,-7.1,5.2,"1 week ago"
"2011-11-05",123.35,-0.01,5,"1 week ago"
"2011-11-05",-128.84,-55.29,6.1,"1 week ago"
"2011-11-05",-84.75,9.74,5.4,"1 week ago"
"2011-11-05",-71.97,-31.4,5,"1 week ago"
"2011-11-05",178.96,-35.46,5.3,"1 week ago"
"2011-11-05",139.93,35.81,5,"1 week ago"
"2011-11-05",-68.89,-24.06,5.1,"1 week ago"
"2011-11-05",163.99,55.53,5.1,"1 week ago"
"2011-11-05",115.76,-8.81,5,"1 week ago"
"2011-11-05",167.38,-15.09,5.8,"1 week ago"
"2011-11-05",151.3,-5.67,5.1,"1 week ago"
"2011-11-05",103.79,-7.16,5.1,"1 week ago"
"2011-11-05",168.3,-18.24,5.9,"this week"
"2011-11-05",-70.2,-23.47,5.7,"this week"
"2011-11-05",-177.03,-28.76,5.1,"this week"
"2011-11-05",-175.21,-23.91,5,"this week"
"2011-11-05",-175.41,-23.23,5,"this week"
"2011-11-05",-96.76,35.53,5.7,"this week"
"2011-11-05",106.3,-6.13,5.2,"this week"
"2011-11-05",-175.37,-23.23,5.2,"this week"
"2011-11-05",-162.55,54.12,5.7,"this week"
"2011-11-05",-162.5,54.08,5.1,"this week"
"2011-11-05",149.6,-3.61,5,"this week"
"2011-11-05",149.63,-3.59,5.3,"this week"
"2011-11-05",149.16,45.9,5,"this week"
"2011-11-05",148.75,-3.9,5.1,"this week"
"2011-11-05",149.74,-3.62,5.1,"this week"
"2011-11-05",149.62,-3.65,5.3,"this week"
"2011-11-05",71.1,36.5,5.6,"this week"
"2011-11-05",170.74,-63.24,5.8,"this week"
"2011-11-05",170.7,-63.03,5.2,"this week"
"2011-11-05",171.01,-62.97,5.1,"this week"
"2011-11-05",-85.86,11.56,6,"this week"
"2011-11-05",122.72,-9.32,5.1,"this week"
"2011-11-05",125.62,27.32,6.9,"this week"
"2011-11-05",142.22,31.36,5.2,"this week"
"2011-11-05",143.96,37.65,5,"this week"
"2011-11-05",-71.95,-34.14,5.3,"this week"
"2011-11-05",-173.89,-14.85,5.1,"this week"
"2011-11-05",142.68,28.04,5.1,"this week"
"2011-11-05",43.19,38.72,5.2,"this week"
"2011-11-05",142.76,37.4,5,"this week"
"2011-11-05",149.56,-3.58,5.2,"this week"
"2011-11-05",43.23,38.43,5.6,"this week"
"2011-11-05",146.1,10.54,5.7,"this week"
"2011-11-05",159.79,52.48,5.3,"this week"
"2011-11-05",138.42,-1.51,5.1,"this week"
"2011-11-05",169.89,-21.35,5.2,"this week"
"2011-11-05",143.52,11.76,5,"this week"
"2011-11-05",-73.1,-38.03,5.2,"this week"
"2011-11-05",-124.44,-55.98,6,"this week"
"2011-11-05",143.37,39.67,5.1,"this week"
"2011-11-05",-173.1,-17.71,5.6,"this week"
"2011-11-05",169.93,-21.43,5.4,"this week"
"2011-11-05",-124.33,-55.71,5.6,"this week"
"2011-11-12",104.13,-7.82,5.1,"3 weeks ago"
"2011-11-12",-176.15,-28.86,5.2,"3 weeks ago"
"2011-11-12",-69.31,-18,5.1,"3 weeks ago"
"2011-11-12",-28.11,-55.26,5,"3 weeks ago"
"2011-11-12",134.71,7.71,5.3,"3 weeks ago"
"2011-11-12",43.51,38.72,7.1,"3 weeks ago"
"2011-11-12",43.59,38.75,5.6,"3 weeks ago"
"2011-11-12",43.45,38.81,5.6,"3 weeks ago"
"2011-11-12",43.1,38.6,5.2,"3 weeks ago"
"2011-11-12",42.61,38.33,5,"3 weeks ago"
"2011-11-12",43.3,38.81,5.7,"3 weeks ago"
"2011-11-12",43.34,38.71,5.1,"3 weeks ago"
"2011-11-12",43.08,38.63,5.9,"3 weeks ago"
"2011-11-12",-176.33,-29.74,5.2,"3 weeks ago"
"2011-11-12",43.2,38.67,5,"3 weeks ago"
"2011-11-12",66.25,-17.82,5.1,"3 weeks ago"
"2011-11-12",-176.33,-29.39,5,"3 weeks ago"
"2011-11-12",-6.79,70.88,5.1,"3 weeks ago"
"2011-11-12",-171.83,52.16,5.7,"3 weeks ago"
"2011-11-12",-14.39,-11.7,5.3,"3 weeks ago"
"2011-11-12",61.29,-29.12,5,"3 weeks ago"
"2011-11-12",43.62,38.81,5.6,"3 weeks ago"
"2011-11-12",140.97,37.03,5,"3 weeks ago"
"2011-11-12",138.36,32.06,5.2,"3 weeks ago"
"2011-11-12",167.31,-15.02,5.2,"3 weeks ago"
"2011-11-12",-72.64,-45.84,5,"3 weeks ago"
"2011-11-12",-176.65,-26.85,5,"3 weeks ago"
"2011-11-12",145.95,-5.13,5,"3 weeks ago"
"2011-11-12",99.94,-2.46,5.2,"3 weeks ago"
"2011-11-12",175.65,-38.93,5.2,"3 weeks ago"
"2011-11-12",53.86,14.28,5.1,"3 weeks ago"
"2011-11-12",53.83,14.22,5.3,"3 weeks ago"
"2011-11-12",-179.53,-17.94,6,"3 weeks ago"
"2011-11-12",43.86,37.26,5.1,"3 weeks ago"
"2011-11-12",-171.57,52.06,5.3,"3 weeks ago"
"2011-11-12",161.34,-10.6,5.1,"3 weeks ago"
"2011-11-12",94.26,5.14,5,"3 weeks ago"
"2011-11-12",-176.12,-28.78,5.3,"3 weeks ago"
"2011-11-12",-75.97,-14.44,6.9,"3 weeks ago"
"2011-11-12",-76,-14.38,5.6,"3 weeks ago"
"2011-11-12",-76.11,-14.48,5,"3 weeks ago"
"2011-11-12",-76.01,-14.67,5,"3 weeks ago"
"2011-11-12",-75.84,-14.51,5.6,"3 weeks ago"
"2011-11-12",129.65,-3.08,5.3,"3 weeks ago"
"2011-11-12",165,-10.64,5,"2 weeks ago"
"2011-11-12",100.11,-47.5,5.3,"2 weeks ago"
"2011-11-12",43.56,38.89,5.1,"2 weeks ago"
"2011-11-12",144.35,-4.34,5.3,"2 weeks ago"
"2011-11-12",122.87,25.37,5.7,"2 weeks ago"
"2011-11-12",100.01,-47.38,5,"2 weeks ago"
"2011-11-12",-142.97,-57.14,5.02,"2 weeks ago"
"2011-11-12",101.34,-3.25,5.6,"2 weeks ago"
"2011-11-12",-70.96,-25.74,5.7,"2 weeks ago"
"2011-11-12",48.06,12.52,5.4,"2 weeks ago"
"2011-11-12",-115.2,-23.66,5.2,"2 weeks ago"
"2011-11-12",-114.96,-23.35,5.5,"2 weeks ago"
"2011-11-12",177.93,52.37,5.8,"2 weeks ago"
"2011-11-12",-105.08,-35.47,5.1,"2 weeks ago"
"2011-11-12",105.32,32.53,5,"2 weeks ago"
"2011-11-12",82.44,43.65,5.6,"2 weeks ago"
"2011-11-12",123.37,0.05,5.3,"2 weeks ago"
"2011-11-12",-109.2,19.83,6.3,"2 weeks ago"
"2011-11-12",141.64,35.94,5,"2 weeks ago"
"2011-11-12",104.17,34.54,5,"2 weeks ago"
"2011-11-12",-69.01,-23.8,5,"2 weeks ago"
"2011-11-12",-109.24,19.61,5.2,"2 weeks ago"
"2011-11-12",129.12,-7.1,5.2,"2 weeks ago"
"2011-11-12",123.35,-0.01,5,"2 weeks ago"
"2011-11-12",-128.84,-55.29,6.1,"2 weeks ago"
"2011-11-12",-84.75,9.74,5.4,"2 weeks ago"
"2011-11-12",-71.97,-31.4,5,"2 weeks ago"
"2011-11-12",178.96,-35.46,5.3,"2 weeks ago"
"2011-11-12",139.93,35.81,5,"2 weeks ago"
"2011-11-12",-68.89,-24.06,5.1,"2 weeks ago"
"2011-11-12",163.99,55.53,5.1,"2 weeks ago"
"2011-11-12",115.76,-8.81,5,"2 weeks ago"
"2011-11-12",167.38,-15.09,5.8,"2 weeks ago"
"2011-11-12",151.3,-5.67,5.1,"2 weeks ago"
"2011-11-12",103.79,-7.16,5.1,"2 weeks ago"
"2011-11-12",168.3,-18.24,5.9,"1 week ago"
"2011-11-12",-70.2,-23.47,5.7,"1 week ago"
"2011-11-12",-177.03,-28.76,5.1,"1 week ago"
"2011-11-12",-175.21,-23.91,5,"1 week ago"
"2011-11-12",-175.41,-23.23,5,"1 week ago"
"2011-11-12",-96.76,35.53,5.7,"1 week ago"
"2011-11-12",106.3,-6.13,5.2,"1 week ago"
"2011-11-12",-175.37,-23.23,5.2,"1 week ago"
"2011-11-12",-162.55,54.12,5.7,"1 week ago"
"2011-11-12",-162.5,54.08,5.1,"1 week ago"
"2011-11-12",149.6,-3.61,5,"1 week ago"
"2011-11-12",149.63,-3.59,5.3,"1 week ago"
"2011-11-12",149.16,45.9,5,"1 week ago"
"2011-11-12",148.75,-3.9,5.1,"1 week ago"
"2011-11-12",149.74,-3.62,5.1,"1 week ago"
"2011-11-12",149.62,-3.65,5.3,"1 week ago"
"2011-11-12",71.1,36.5,5.6,"1 week ago"
"2011-11-12",170.74,-63.24,5.8,"1 week ago"
"2011-11-12",170.7,-63.03,5.2,"1 week ago"
"2011-11-12",171.01,-62.97,5.1,"1 week ago"
"2011-11-12",-85.86,11.56,6,"1 week ago"
"2011-11-12",122.72,-9.32,5.1,"1 week ago"
"2011-11-12",125.62,27.32,6.9,"1 week ago"
"2011-11-12",142.22,31.36,5.2,"1 week ago"
"2011-11-12",143.96,37.65,5,"1 week ago"
"2011-11-12",-71.95,-34.14,5.3,"1 week ago"
"2011-11-12",-173.89,-14.85,5.1,"1 week ago"
"2011-11-12",142.68,28.04,5.1,"1 week ago"
"2011-11-12",43.19,38.72,5.2,"1 week ago"
"2011-11-12",142.76,37.4,5,"1 week ago"
"2011-11-12",149.56,-3.58,5.2,"1 week ago"
"2011-11-12",43.23,38.43,5.6,"1 week ago"
"2011-11-12",146.1,10.54,5.7,"1 week ago"
"2011-11-12",159.79,52.48,5.3,"1 week ago"
"2011-11-12",138.42,-1.51,5.1,"1 week ago"
"2011-11-12",169.89,-21.35,5.2,"1 week ago"
"2011-11-12",143.52,11.76,5,"1 week ago"
"2011-11-12",-73.1,-38.03,5.2,"1 week ago"
"2011-11-12",-124.44,-55.98,6,"1 week ago"
"2011-11-12",143.37,39.67,5.1,"1 week ago"
"2011-11-12",-173.1,-17.71,5.6,"1 week ago"
"2011-11-12",169.93,-21.43,5.4,"1 week ago"
"2011-11-12",-124.33,-55.71,5.6,"1 week ago"
"2011-11-12",-64.34,19.07,5.2,"this week"
"2011-11-12",-125.02,-55.51,5.4,"this week"
"2011-11-12",-177.68,-29.71,5.1,"this week"
"2011-11-12",-172.89,-17.59,5,"this week"
"2011-11-12",-12.8,-22.41,5,"this week"
"2011-11-12",126.91,-0.95,6.3,"this week"
"2011-11-12",-29.58,39.83,5.1,"this week"
"2011-11-12",-174.92,-20.54,5.1,"this week"
"2011-11-12",43.17,38.66,5.2,"this week"
"2011-11-12",-82.43,5.58,5,"this week"
"2011-11-12",127.85,-7.48,5.5,"this week"
"2011-11-12",-64.35,-24.24,5.2,"this week"
"2011-11-12",121.91,-0.1,5.7,"this week"
"2011-11-12",140.31,-5.28,5.7,"this week"
"2011-11-12",141.47,34.14,5.3,"this week"
"2011-11-12",-173.68,-17.47,5.3,"this week"
"2011-11-12",145.88,65.22,5.1,"this week"
"2011-11-12",-81.55,-1.7,6,"this week"
"2011-11-12",-103.24,8.28,5.2,"this week"
"2011-11-12",-103.16,8.41,5.6,"this week"
"2011-11-12",141.91,38.82,5,"this week"
"2011-11-12",141.63,35.67,5,"this week"
"2011-11-12",-91.63,13.92,5.2,"this week"
"2011-11-12",-91.72,13.97,5.8,"this week"
"2011-11-12",-172.88,-17.52,5,"this week"
"2011-11-12",179.96,-37.43,5.2,"this week"
"2011-11-12",179.99,-37.42,5.6,"this week"
"2011-11-12",-38.49,33.7,5.7,"this week"
"2011-11-12",179.42,-37.81,5.8,"this week"
"2011-11-12",149.3,-6.34,5.4,"this week"
"2011-11-12",155.4,-7.06,5,"this week"
"2011-11-19",165,-10.64,5,"3 weeks ago"
"2011-11-19",100.11,-47.5,5.3,"3 weeks ago"
"2011-11-19",43.56,38.89,5.1,"3 weeks ago"
"2011-11-19",144.35,-4.34,5.3,"3 weeks ago"
"2011-11-19",122.87,25.37,5.7,"3 weeks ago"
"2011-11-19",100.01,-47.38,5,"3 weeks ago"
"2011-11-19",-142.97,-57.14,5.02,"3 weeks ago"
"2011-11-19",101.34,-3.25,5.6,"3 weeks ago"
"2011-11-19",-70.96,-25.74,5.7,"3 weeks ago"
"2011-11-19",48.06,12.52,5.4,"3 weeks ago"
"2011-11-19",-115.2,-23.66,5.2,"3 weeks ago"
"2011-11-19",-114.96,-23.35,5.5,"3 weeks ago"
"2011-11-19",177.93,52.37,5.8,"3 weeks ago"
"2011-11-19",-105.08,-35.47,5.1,"3 weeks ago"
"2011-11-19",105.32,32.53,5,"3 weeks ago"
"2011-11-19",82.44,43.65,5.6,"3 weeks ago"
"2011-11-19",123.37,0.05,5.3,"3 weeks ago"
"2011-11-19",-109.2,19.83,6.3,"3 weeks ago"
"2011-11-19",141.64,35.94,5,"3 weeks ago"
"2011-11-19",104.17,34.54,5,"3 weeks ago"
"2011-11-19",-69.01,-23.8,5,"3 weeks ago"
"2011-11-19",-109.24,19.61,5.2,"3 weeks ago"
"2011-11-19",129.12,-7.1,5.2,"3 weeks ago"
"2011-11-19",123.35,-0.01,5,"3 weeks ago"
"2011-11-19",-128.84,-55.29,6.1,"3 weeks ago"
"2011-11-19",-84.75,9.74,5.4,"3 weeks ago"
"2011-11-19",-71.97,-31.4,5,"3 weeks ago"
"2011-11-19",178.96,-35.46,5.3,"3 weeks ago"
"2011-11-19",139.93,35.81,5,"3 weeks ago"
"2011-11-19",-68.89,-24.06,5.1,"3 weeks ago"
"2011-11-19",163.99,55.53,5.1,"3 weeks ago"
"2011-11-19",115.76,-8.81,5,"3 weeks ago"
"2011-11-19",167.38,-15.09,5.8,"3 weeks ago"
"2011-11-19",151.3,-5.67,5.1,"3 weeks ago"
"2011-11-19",103.79,-7.16,5.1,"3 weeks ago"
"2011-11-19",168.3,-18.24,5.9,"2 weeks ago"
"2011-11-19",-70.2,-23.47,5.7,"2 weeks ago"
"2011-11-19",-177.03,-28.76,5.1,"2 weeks ago"
"2011-11-19",-175.21,-23.91,5,"2 weeks ago"
"2011-11-19",-175.41,-23.23,5,"2 weeks ago"
"2011-11-19",-96.76,35.53,5.7,"2 weeks ago"
"2011-11-19",106.3,-6.13,5.2,"2 weeks ago"
"2011-11-19",-175.37,-23.23,5.2,"2 weeks ago"
"2011-11-19",-162.55,54.12,5.7,"2 weeks ago"
"2011-11-19",-162.5,54.08,5.1,"2 weeks ago"
"2011-11-19",149.6,-3.61,5,"2 weeks ago"
"2011-11-19",149.63,-3.59,5.3,"2 weeks ago"
"2011-11-19",149.16,45.9,5,"2 weeks ago"
"2011-11-19",148.75,-3.9,5.1,"2 weeks ago"
"2011-11-19",149.74,-3.62,5.1,"2 weeks ago"
"2011-11-19",149.62,-3.65,5.3,"2 weeks ago"
"2011-11-19",71.1,36.5,5.6,"2 weeks ago"
"2011-11-19",170.74,-63.24,5.8,"2 weeks ago"
"2011-11-19",170.7,-63.03,5.2,"2 weeks ago"
"2011-11-19",171.01,-62.97,5.1,"2 weeks ago"
"2011-11-19",-85.86,11.56,6,"2 weeks ago"
"2011-11-19",122.72,-9.32,5.1,"2 weeks ago"
"2011-11-19",125.62,27.32,6.9,"2 weeks ago"
"2011-11-19",142.22,31.36,5.2,"2 weeks ago"
"2011-11-19",143.96,37.65,5,"2 weeks ago"
"2011-11-19",-71.95,-34.14,5.3,"2 weeks ago"
"2011-11-19",-173.89,-14.85,5.1,"2 weeks ago"
"2011-11-19",142.68,28.04,5.1,"2 weeks ago"
"2011-11-19",43.19,38.72,5.2,"2 weeks ago"
"2011-11-19",142.76,37.4,5,"2 weeks ago"
"2011-11-19",149.56,-3.58,5.2,"2 weeks ago"
"2011-11-19",43.23,38.43,5.6,"2 weeks ago"
"2011-11-19",146.1,10.54,5.7,"2 weeks ago"
"2011-11-19",159.79,52.48,5.3,"2 weeks ago"
"2011-11-19",138.42,-1.51,5.1,"2 weeks ago"
"2011-11-19",169.89,-21.35,5.2,"2 weeks ago"
"2011-11-19",143.52,11.76,5,"2 weeks ago"
"2011-11-19",-73.1,-38.03,5.2,"2 weeks ago"
"2011-11-19",-124.44,-55.98,6,"2 weeks ago"
"2011-11-19",143.37,39.67,5.1,"2 weeks ago"
"2011-11-19",-173.1,-17.71,5.6,"2 weeks ago"
"2011-11-19",169.93,-21.43,5.4,"2 weeks ago"
"2011-11-19",-124.33,-55.71,5.6,"2 weeks ago"
"2011-11-19",-64.34,19.07,5.2,"1 week ago"
"2011-11-19",-125.02,-55.51,5.4,"1 week ago"
"2011-11-19",-177.68,-29.71,5.1,"1 week ago"
"2011-11-19",-172.89,-17.59,5,"1 week ago"
"2011-11-19",-12.8,-22.41,5,"1 week ago"
"2011-11-19",126.91,-0.95,6.3,"1 week ago"
"2011-11-19",-29.58,39.83,5.1,"1 week ago"
"2011-11-19",-174.92,-20.54,5.1,"1 week ago"
"2011-11-19",43.17,38.66,5.2,"1 week ago"
"2011-11-19",-82.43,5.58,5,"1 week ago"
"2011-11-19",127.85,-7.48,5.5,"1 week ago"
"2011-11-19",-64.35,-24.24,5.2,"1 week ago"
"2011-11-19",121.91,-0.1,5.7,"1 week ago"
"2011-11-19",140.31,-5.28,5.7,"1 week ago"
"2011-11-19",141.47,34.14,5.3,"1 week ago"
"2011-11-19",-173.68,-17.47,5.3,"1 week ago"
"2011-11-19",145.88,65.22,5.1,"1 week ago"
"2011-11-19",-81.55,-1.7,6,"1 week ago"
"2011-11-19",-103.24,8.28,5.2,"1 week ago"
"2011-11-19",-103.16,8.41,5.6,"1 week ago"
"2011-11-19",141.91,38.82,5,"1 week ago"
"2011-11-19",141.63,35.67,5,"1 week ago"
"2011-11-19",-91.63,13.92,5.2,"1 week ago"
"2011-11-19",-91.72,13.97,5.8,"1 week ago"
"2011-11-19",-172.88,-17.52,5,"1 week ago"
"2011-11-19",179.96,-37.43,5.2,"1 week ago"
"2011-11-19",179.99,-37.42,5.6,"1 week ago"
"2011-11-19",-38.49,33.7,5.7,"1 week ago"
"2011-11-19",179.42,-37.81,5.8,"1 week ago"
"2011-11-19",149.3,-6.34,5.4,"1 week ago"
"2011-11-19",155.4,-7.06,5,"1 week ago"
"2011-11-19",-177.39,-32.71,5,"this week"
"2011-11-19",-176.83,-14.88,5.1,"this week"
"2011-11-19",-176.83,-14.72,5,"this week"
"2011-11-19",-174.14,53.13,5.5,"this week"
"2011-11-19",-105.13,-4.75,5,"this week"
"2011-11-19",151.51,46.62,5.3,"this week"
"2011-11-19",140.38,36.77,5,"this week"
"2011-11-19",-30.47,59.3,5.2,"this week"
"2011-11-19",-175.38,-23.05,5.4,"this week"
"2011-11-19",142.14,-2.95,5.7,"this week"
"2011-11-19",142.2,-3.08,5.2,"this week"
"2011-11-19",-178.76,-23.1,5.2,"this week"
"2011-11-19",59.92,32.2,5,"this week"
"2011-11-19",95.23,24.96,5.7,"this week"
"2011-11-19",150.32,-3.45,5.3,"this week"
"2011-11-19",132.72,34.85,5.1,"this week"
"2011-11-19",179.73,-37.53,5.1,"this week"
"2011-11-19",-71.9,-16.54,5,"this week"
"2011-11-19",-71.81,-34.76,5.1,"this week"
"2011-11-19",99.45,-2.22,5.2,"this week"
"2011-11-19",99.45,-2.27,5.2,"this week"
"2011-11-19",-65.09,-15.36,6.6,"this week"
"2011-11-19",99.51,-2.29,5.2,"this week"
"2011-11-19",-83.45,-42.76,5.1,"this week"
"2011-11-19",-68.41,-22.82,5.1,"this week"
"2011-11-19",25.08,34.28,5.5,"this week"
"2011-11-19",-84.17,-41.27,5.2,"this week"
"2011-11-19",141.37,37.37,6.1,"this week"
"2011-11-19",121.66,1.34,5,"this week"
"2011-11-19",-130.13,50.45,5,"this week"
"2011-11-19",109.89,-8.64,5.1,"this week"
"2011-11-19",-179.5,-21.92,5.3,"this week"
"2011-11-19",142.64,41.9,6.2,"this week"
"2011-11-19",-87.9,13.3,5,"this week"
"2011-11-19",140.12,-2.29,5,"this week"
"2011-11-19",-130.95,-54.74,5.2,"this week"
"2011-11-19",-130.77,-54.72,5,"this week"
"2011-11-19",-75.03,-38,5,"this week"
"2011-11-26",168.3,-18.24,5.9,"3 weeks ago"
"2011-11-26",-70.2,-23.47,5.7,"3 weeks ago"
"2011-11-26",-177.03,-28.76,5.1,"3 weeks ago"
"2011-11-26",-175.21,-23.91,5,"3 weeks ago"
"2011-11-26",-175.41,-23.23,5,"3 weeks ago"
"2011-11-26",-96.76,35.53,5.7,"3 weeks ago"
"2011-11-26",106.3,-6.13,5.2,"3 weeks ago"
"2011-11-26",-175.37,-23.23,5.2,"3 weeks ago"
"2011-11-26",-162.55,54.12,5.7,"3 weeks ago"
"2011-11-26",-162.5,54.08,5.1,"3 weeks ago"
"2011-11-26",149.6,-3.61,5,"3 weeks ago"
"2011-11-26",149.63,-3.59,5.3,"3 weeks ago"
"2011-11-26",149.16,45.9,5,"3 weeks ago"
"2011-11-26",148.75,-3.9,5.1,"3 weeks ago"
"2011-11-26",149.74,-3.62,5.1,"3 weeks ago"
"2011-11-26",149.62,-3.65,5.3,"3 weeks ago"
"2011-11-26",71.1,36.5,5.6,"3 weeks ago"
"2011-11-26",170.74,-63.24,5.8,"3 weeks ago"
"2011-11-26",170.7,-63.03,5.2,"3 weeks ago"
"2011-11-26",171.01,-62.97,5.1,"3 weeks ago"
"2011-11-26",-85.86,11.56,6,"3 weeks ago"
"2011-11-26",122.72,-9.32,5.1,"3 weeks ago"
"2011-11-26",125.62,27.32,6.9,"3 weeks ago"
"2011-11-26",142.22,31.36,5.2,"3 weeks ago"
"2011-11-26",143.96,37.65,5,"3 weeks ago"
"2011-11-26",-71.95,-34.14,5.3,"3 weeks ago"
"2011-11-26",-173.89,-14.85,5.1,"3 weeks ago"
"2011-11-26",142.68,28.04,5.1,"3 weeks ago"
"2011-11-26",43.19,38.72,5.2,"3 weeks ago"
"2011-11-26",142.76,37.4,5,"3 weeks ago"
"2011-11-26",149.56,-3.58,5.2,"3 weeks ago"
"2011-11-26",43.23,38.43,5.6,"3 weeks ago"
"2011-11-26",146.1,10.54,5.7,"3 weeks ago"
"2011-11-26",159.79,52.48,5.3,"3 weeks ago"
"2011-11-26",138.42,-1.51,5.1,"3 weeks ago"
"2011-11-26",169.89,-21.35,5.2,"3 weeks ago"
"2011-11-26",143.52,11.76,5,"3 weeks ago"
"2011-11-26",-73.1,-38.03,5.2,"3 weeks ago"
"2011-11-26",-124.44,-55.98,6,"3 weeks ago"
"2011-11-26",143.37,39.67,5.1,"3 weeks ago"
"2011-11-26",-173.1,-17.71,5.6,"3 weeks ago"
"2011-11-26",169.93,-21.43,5.4,"3 weeks ago"
"2011-11-26",-124.33,-55.71,5.6,"3 weeks ago"
"2011-11-26",-64.34,19.07,5.2,"2 weeks ago"
"2011-11-26",-125.02,-55.51,5.4,"2 weeks ago"
"2011-11-26",-177.68,-29.71,5.1,"2 weeks ago"
"2011-11-26",-172.89,-17.59,5,"2 weeks ago"
"2011-11-26",-12.8,-22.41,5,"2 weeks ago"
"2011-11-26",126.91,-0.95,6.3,"2 weeks ago"
"2011-11-26",-29.58,39.83,5.1,"2 weeks ago"
"2011-11-26",-174.92,-20.54,5.1,"2 weeks ago"
"2011-11-26",43.17,38.66,5.2,"2 weeks ago"
"2011-11-26",-82.43,5.58,5,"2 weeks ago"
"2011-11-26",127.85,-7.48,5.5,"2 weeks ago"
"2011-11-26",-64.35,-24.24,5.2,"2 weeks ago"
"2011-11-26",121.91,-0.1,5.7,"2 weeks ago"
"2011-11-26",140.31,-5.28,5.7,"2 weeks ago"
"2011-11-26",141.47,34.14,5.3,"2 weeks ago"
"2011-11-26",-173.68,-17.47,5.3,"2 weeks ago"
"2011-11-26",145.88,65.22,5.1,"2 weeks ago"
"2011-11-26",-81.55,-1.7,6,"2 weeks ago"
"2011-11-26",-103.24,8.28,5.2,"2 weeks ago"
"2011-11-26",-103.16,8.41,5.6,"2 weeks ago"
"2011-11-26",141.91,38.82,5,"2 weeks ago"
"2011-11-26",141.63,35.67,5,"2 weeks ago"
"2011-11-26",-91.63,13.92,5.2,"2 weeks ago"
"2011-11-26",-91.72,13.97,5.8,"2 weeks ago"
"2011-11-26",-172.88,-17.52,5,"2 weeks ago"
"2011-11-26",179.96,-37.43,5.2,"2 weeks ago"
"2011-11-26",179.99,-37.42,5.6,"2 weeks ago"
"2011-11-26",-38.49,33.7,5.7,"2 weeks ago"
"2011-11-26",179.42,-37.81,5.8,"2 weeks ago"
"2011-11-26",149.3,-6.34,5.4,"2 weeks ago"
"2011-11-26",155.4,-7.06,5,"2 weeks ago"
"2011-11-26",-177.39,-32.71,5,"1 week ago"
"2011-11-26",-176.83,-14.88,5.1,"1 week ago"
"2011-11-26",-176.83,-14.72,5,"1 week ago"
"2011-11-26",-174.14,53.13,5.5,"1 week ago"
"2011-11-26",-105.13,-4.75,5,"1 week ago"
"2011-11-26",151.51,46.62,5.3,"1 week ago"
"2011-11-26",140.38,36.77,5,"1 week ago"
"2011-11-26",-30.47,59.3,5.2,"1 week ago"
"2011-11-26",-175.38,-23.05,5.4,"1 week ago"
"2011-11-26",142.14,-2.95,5.7,"1 week ago"
"2011-11-26",142.2,-3.08,5.2,"1 week ago"
"2011-11-26",-178.76,-23.1,5.2,"1 week ago"
"2011-11-26",59.92,32.2,5,"1 week ago"
"2011-11-26",95.23,24.96,5.7,"1 week ago"
"2011-11-26",150.32,-3.45,5.3,"1 week ago"
"2011-11-26",132.72,34.85,5.1,"1 week ago"
"2011-11-26",179.73,-37.53,5.1,"1 week ago"
"2011-11-26",-71.9,-16.54,5,"1 week ago"
"2011-11-26",-71.81,-34.76,5.1,"1 week ago"
"2011-11-26",99.45,-2.22,5.2,"1 week ago"
"2011-11-26",99.45,-2.27,5.2,"1 week ago"
"2011-11-26",-65.09,-15.36,6.6,"1 week ago"
"2011-11-26",99.51,-2.29,5.2,"1 week ago"
"2011-11-26",-83.45,-42.76,5.1,"1 week ago"
"2011-11-26",-68.41,-22.82,5.1,"1 week ago"
"2011-11-26",25.08,34.28,5.5,"1 week ago"
"2011-11-26",-84.17,-41.27,5.2,"1 week ago"
"2011-11-26",141.37,37.37,6.1,"1 week ago"
"2011-11-26",121.66,1.34,5,"1 week ago"
"2011-11-26",-130.13,50.45,5,"1 week ago"
"2011-11-26",109.89,-8.64,5.1,"1 week ago"
"2011-11-26",-179.5,-21.92,5.3,"1 week ago"
"2011-11-26",142.64,41.9,6.2,"1 week ago"
"2011-11-26",-87.9,13.3,5,"1 week ago"
"2011-11-26",140.12,-2.29,5,"1 week ago"
"2011-11-26",-130.95,-54.74,5.2,"1 week ago"
"2011-11-26",-130.77,-54.72,5,"1 week ago"
"2011-11-26",-75.03,-38,5,"1 week ago"
"2011-11-26",176.32,-18.7,5,"this week"
"2011-11-26",-78.19,-10.71,5.1,"this week"
"2011-11-26",-175.3,-23.18,5,"this week"
"2011-11-26",-5.41,82.27,5.1,"this week"
"2011-11-26",-177.42,-30.77,5.2,"this week"
"2011-11-26",97.87,0.17,5.4,"this week"
"2011-11-26",-174.69,-18.65,5,"this week"
"2011-11-26",165.69,-12.48,5,"this week"
"2011-11-26",-75.92,-14.33,5.2,"this week"
"2011-11-26",127.02,2.02,5,"this week"
"2011-11-26",67.17,-16.25,5.1,"this week"
"2011-11-26",-66.78,19.1,5,"this week"
"2011-11-26",116.98,-7.02,5.8,"this week"
"2011-11-26",-66.75,19.1,5.1,"this week"
"2011-11-26",-125.58,-55.54,5.05,"this week"
"2011-11-26",153.73,-5.48,6.1,"this week"
"2011-11-26",153.66,-5.56,5.3,"this week"
"2011-11-26",97.6,25.2,5.2,"this week"
"2011-11-26",-15.45,-1.6,5.9,"this week"
"2011-11-26",158.03,-54.52,5,"this week"
"2011-11-26",102.18,-4.32,5.3,"this week"
"2011-11-26",-176.09,-20,5.1,"this week"
"2011-11-26",119,15.46,6,"this week"
"2011-11-26",43.45,38.47,5.4,"this week"
"2011-11-26",119.22,15.35,5,"this week"
"2011-11-26",-73.36,-14.43,5.1,"this week"
"2011-11-26",118.47,-8.06,5,"this week"
"2011-11-26",-176.73,-22.17,5.6,"this week"
"2011-11-26",93.84,7.8,5.6,"this week"
"2011-11-26",93.97,7.84,5.1,"this week"
"2011-11-26",153.27,-61.16,5.3,"this week"
"2011-11-26",83.82,31.8,5.1,"this week"
"2011-11-26",-91.17,-39.42,5.4,"this week"
"2011-11-26",145.92,44.75,5,"this week"
"2011-11-26",167.33,-14.78,5.2,"this week"
"2011-11-26",-178.65,-17.91,5.2,"this week"
"2011-11-26",-40.3,32.17,5.4,"this week"
"2011-11-26",121.97,-0.63,5.5,"this week"
"2011-11-26",58.08,-34,5.6,"this week"
"2011-11-26",120.5,0.12,5.5,"this week"
"2011-11-26",-82.78,8.47,5.2,"this week"
"2011-11-26",93.85,7.73,5.1,"this week"
"2011-11-26",161.45,-10.26,5,"this week"
"2011-11-26",140.15,35.26,5.2,"this week"
"2011-12-03",-64.34,19.07,5.2,"3 weeks ago"
"2011-12-03",-125.02,-55.51,5.4,"3 weeks ago"
"2011-12-03",-177.68,-29.71,5.1,"3 weeks ago"
"2011-12-03",-172.89,-17.59,5,"3 weeks ago"
"2011-12-03",-12.8,-22.41,5,"3 weeks ago"
"2011-12-03",126.91,-0.95,6.3,"3 weeks ago"
"2011-12-03",-29.58,39.83,5.1,"3 weeks ago"
"2011-12-03",-174.92,-20.54,5.1,"3 weeks ago"
"2011-12-03",43.17,38.66,5.2,"3 weeks ago"
"2011-12-03",-82.43,5.58,5,"3 weeks ago"
"2011-12-03",127.85,-7.48,5.5,"3 weeks ago"
"2011-12-03",-64.35,-24.24,5.2,"3 weeks ago"
"2011-12-03",121.91,-0.1,5.7,"3 weeks ago"
"2011-12-03",140.31,-5.28,5.7,"3 weeks ago"
"2011-12-03",141.47,34.14,5.3,"3 weeks ago"
"2011-12-03",-173.68,-17.47,5.3,"3 weeks ago"
"2011-12-03",145.88,65.22,5.1,"3 weeks ago"
"2011-12-03",-81.55,-1.7,6,"3 weeks ago"
"2011-12-03",-103.24,8.28,5.2,"3 weeks ago"
"2011-12-03",-103.16,8.41,5.6,"3 weeks ago"
"2011-12-03",141.91,38.82,5,"3 weeks ago"
"2011-12-03",141.63,35.67,5,"3 weeks ago"
"2011-12-03",-91.63,13.92,5.2,"3 weeks ago"
"2011-12-03",-91.72,13.97,5.8,"3 weeks ago"
"2011-12-03",-172.88,-17.52,5,"3 weeks ago"
"2011-12-03",179.96,-37.43,5.2,"3 weeks ago"
"2011-12-03",179.99,-37.42,5.6,"3 weeks ago"
"2011-12-03",-38.49,33.7,5.7,"3 weeks ago"
"2011-12-03",179.42,-37.81,5.8,"3 weeks ago"
"2011-12-03",149.3,-6.34,5.4,"3 weeks ago"
"2011-12-03",155.4,-7.06,5,"3 weeks ago"
"2011-12-03",-177.39,-32.71,5,"2 weeks ago"
"2011-12-03",-176.83,-14.88,5.1,"2 weeks ago"
"2011-12-03",-176.83,-14.72,5,"2 weeks ago"
"2011-12-03",-174.14,53.13,5.5,"2 weeks ago"
"2011-12-03",-105.13,-4.75,5,"2 weeks ago"
"2011-12-03",151.51,46.62,5.3,"2 weeks ago"
"2011-12-03",140.38,36.77,5,"2 weeks ago"
"2011-12-03",-30.47,59.3,5.2,"2 weeks ago"
"2011-12-03",-175.38,-23.05,5.4,"2 weeks ago"
"2011-12-03",142.14,-2.95,5.7,"2 weeks ago"
"2011-12-03",142.2,-3.08,5.2,"2 weeks ago"
"2011-12-03",-178.76,-23.1,5.2,"2 weeks ago"
"2011-12-03",59.92,32.2,5,"2 weeks ago"
"2011-12-03",95.23,24.96,5.7,"2 weeks ago"
"2011-12-03",150.32,-3.45,5.3,"2 weeks ago"
"2011-12-03",132.72,34.85,5.1,"2 weeks ago"
"2011-12-03",179.73,-37.53,5.1,"2 weeks ago"
"2011-12-03",-71.9,-16.54,5,"2 weeks ago"
"2011-12-03",-71.81,-34.76,5.1,"2 weeks ago"
"2011-12-03",99.45,-2.22,5.2,"2 weeks ago"
"2011-12-03",99.45,-2.27,5.2,"2 weeks ago"
"2011-12-03",-65.09,-15.36,6.6,"2 weeks ago"
"2011-12-03",99.51,-2.29,5.2,"2 weeks ago"
"2011-12-03",-83.45,-42.76,5.1,"2 weeks ago"
"2011-12-03",-68.41,-22.82,5.1,"2 weeks ago"
"2011-12-03",25.08,34.28,5.5,"2 weeks ago"
"2011-12-03",-84.17,-41.27,5.2,"2 weeks ago"
"2011-12-03",141.37,37.37,6.1,"2 weeks ago"
"2011-12-03",121.66,1.34,5,"2 weeks ago"
"2011-12-03",-130.13,50.45,5,"2 weeks ago"
"2011-12-03",109.89,-8.64,5.1,"2 weeks ago"
"2011-12-03",-179.5,-21.92,5.3,"2 weeks ago"
"2011-12-03",142.64,41.9,6.2,"2 weeks ago"
"2011-12-03",-87.9,13.3,5,"2 weeks ago"
"2011-12-03",140.12,-2.29,5,"2 weeks ago"
"2011-12-03",-130.95,-54.74,5.2,"2 weeks ago"
"2011-12-03",-130.77,-54.72,5,"2 weeks ago"
"2011-12-03",-75.03,-38,5,"2 weeks ago"
"2011-12-03",176.32,-18.7,5,"1 week ago"
"2011-12-03",-78.19,-10.71,5.1,"1 week ago"
"2011-12-03",-175.3,-23.18,5,"1 week ago"
"2011-12-03",-5.41,82.27,5.1,"1 week ago"
"2011-12-03",-177.42,-30.77,5.2,"1 week ago"
"2011-12-03",97.87,0.17,5.4,"1 week ago"
"2011-12-03",-174.69,-18.65,5,"1 week ago"
"2011-12-03",165.69,-12.48,5,"1 week ago"
"2011-12-03",-75.92,-14.33,5.2,"1 week ago"
"2011-12-03",127.02,2.02,5,"1 week ago"
"2011-12-03",67.17,-16.25,5.1,"1 week ago"
"2011-12-03",-66.78,19.1,5,"1 week ago"
"2011-12-03",116.98,-7.02,5.8,"1 week ago"
"2011-12-03",-66.75,19.1,5.1,"1 week ago"
"2011-12-03",-125.58,-55.54,5.05,"1 week ago"
"2011-12-03",153.73,-5.48,6.1,"1 week ago"
"2011-12-03",153.66,-5.56,5.3,"1 week ago"
"2011-12-03",97.6,25.2,5.2,"1 week ago"
"2011-12-03",-15.45,-1.6,5.9,"1 week ago"
"2011-12-03",158.03,-54.52,5,"1 week ago"
"2011-12-03",102.18,-4.32,5.3,"1 week ago"
"2011-12-03",-176.09,-20,5.1,"1 week ago"
"2011-12-03",119,15.46,6,"1 week ago"
"2011-12-03",43.45,38.47,5.4,"1 week ago"
"2011-12-03",119.22,15.35,5,"1 week ago"
"2011-12-03",-73.36,-14.43,5.1,"1 week ago"
"2011-12-03",118.47,-8.06,5,"1 week ago"
"2011-12-03",-176.73,-22.17,5.6,"1 week ago"
"2011-12-03",93.84,7.8,5.6,"1 week ago"
"2011-12-03",93.97,7.84,5.1,"1 week ago"
"2011-12-03",153.27,-61.16,5.3,"1 week ago"
"2011-12-03",83.82,31.8,5.1,"1 week ago"
"2011-12-03",-91.17,-39.42,5.4,"1 week ago"
"2011-12-03",145.92,44.75,5,"1 week ago"
"2011-12-03",167.33,-14.78,5.2,"1 week ago"
"2011-12-03",-178.65,-17.91,5.2,"1 week ago"
"2011-12-03",-40.3,32.17,5.4,"1 week ago"
"2011-12-03",121.97,-0.63,5.5,"1 week ago"
"2011-12-03",58.08,-34,5.6,"1 week ago"
"2011-12-03",120.5,0.12,5.5,"1 week ago"
"2011-12-03",-82.78,8.47,5.2,"1 week ago"
"2011-12-03",93.85,7.73,5.1,"1 week ago"
"2011-12-03",161.45,-10.26,5,"1 week ago"
"2011-12-03",140.15,35.26,5.2,"1 week ago"
"2011-12-03",36.71,4.6,5.1,"this week"
"2011-12-03",174.32,-41.36,5.1,"this week"
"2011-12-03",-59.8,17.95,5.6,"this week"
"2011-12-03",-71.64,-21.61,5,"this week"
"2011-12-03",131.94,-0.59,5.1,"this week"
"2011-12-03",-45.71,19.79,5.4,"this week"
"2011-12-03",-177.85,-30.72,5.2,"this week"
"2011-12-03",-111.81,26.01,5.2,"this week"
"2011-12-03",163.22,56.24,5.3,"this week"
"2011-12-03",140.28,-5.4,5.1,"this week"
"2011-12-03",127.68,-3.99,5.1,"this week"
"2011-12-03",146.56,-6.18,5.3,"this week"
"2011-12-03",141.8,36.16,5.2,"this week"
"2011-12-03",114.42,-21.51,5.2,"this week"
"2011-12-03",133.64,-4.76,5.7,"this week"
"2011-12-03",-174.39,-20.3,5,"this week"
"2011-12-03",127.14,1.44,5,"this week"
"2011-12-03",117.12,-49.63,5,"this week"
"2011-12-03",127.5,-49.07,5.1,"this week"
"2011-12-03",-174.29,-20.32,5.4,"this week"
"2011-12-03",-94.25,17.48,5.1,"this week"
"2011-12-03",126.51,-1.44,5.8,"this week"
"2011-12-03",-70.92,-27.9,6.1,"this week"
"2011-12-03",-30.85,38.02,5.1,"this week"
"2011-12-03",-89.97,13.17,5.1,"this week"
"2011-12-03",-26.38,-58.63,5.4,"this week"
"2011-12-03",144.55,47.01,5.7,"this week"
"2011-12-03",126.91,-0.86,5,"this week"
"2011-12-10",-177.39,-32.71,5,"3 weeks ago"
"2011-12-10",-176.83,-14.88,5.1,"3 weeks ago"
"2011-12-10",-176.83,-14.72,5,"3 weeks ago"
"2011-12-10",-174.14,53.13,5.5,"3 weeks ago"
"2011-12-10",-105.13,-4.75,5,"3 weeks ago"
"2011-12-10",151.51,46.62,5.3,"3 weeks ago"
"2011-12-10",140.38,36.77,5,"3 weeks ago"
"2011-12-10",-30.47,59.3,5.2,"3 weeks ago"
"2011-12-10",-175.38,-23.05,5.4,"3 weeks ago"
"2011-12-10",142.14,-2.95,5.7,"3 weeks ago"
"2011-12-10",142.2,-3.08,5.2,"3 weeks ago"
"2011-12-10",-178.76,-23.1,5.2,"3 weeks ago"
"2011-12-10",59.92,32.2,5,"3 weeks ago"
"2011-12-10",95.23,24.96,5.7,"3 weeks ago"
"2011-12-10",150.32,-3.45,5.3,"3 weeks ago"
"2011-12-10",132.72,34.85,5.1,"3 weeks ago"
"2011-12-10",179.73,-37.53,5.1,"3 weeks ago"
"2011-12-10",-71.9,-16.54,5,"3 weeks ago"
"2011-12-10",-71.81,-34.76,5.1,"3 weeks ago"
"2011-12-10",99.45,-2.22,5.2,"3 weeks ago"
"2011-12-10",99.45,-2.27,5.2,"3 weeks ago"
"2011-12-10",-65.09,-15.36,6.6,"3 weeks ago"
"2011-12-10",99.51,-2.29,5.2,"3 weeks ago"
"2011-12-10",-83.45,-42.76,5.1,"3 weeks ago"
"2011-12-10",-68.41,-22.82,5.1,"3 weeks ago"
"2011-12-10",25.08,34.28,5.5,"3 weeks ago"
"2011-12-10",-84.17,-41.27,5.2,"3 weeks ago"
"2011-12-10",141.37,37.37,6.1,"3 weeks ago"
"2011-12-10",121.66,1.34,5,"3 weeks ago"
"2011-12-10",-130.13,50.45,5,"3 weeks ago"
"2011-12-10",109.89,-8.64,5.1,"3 weeks ago"
"2011-12-10",-179.5,-21.92,5.3,"3 weeks ago"
"2011-12-10",142.64,41.9,6.2,"3 weeks ago"
"2011-12-10",-87.9,13.3,5,"3 weeks ago"
"2011-12-10",140.12,-2.29,5,"3 weeks ago"
"2011-12-10",-130.95,-54.74,5.2,"3 weeks ago"
"2011-12-10",-130.77,-54.72,5,"3 weeks ago"
"2011-12-10",-75.03,-38,5,"3 weeks ago"
"2011-12-10",176.32,-18.7,5,"2 weeks ago"
"2011-12-10",-78.19,-10.71,5.1,"2 weeks ago"
"2011-12-10",-175.3,-23.18,5,"2 weeks ago"
"2011-12-10",-5.41,82.27,5.1,"2 weeks ago"
"2011-12-10",-177.42,-30.77,5.2,"2 weeks ago"
"2011-12-10",97.87,0.17,5.4,"2 weeks ago"
"2011-12-10",-174.69,-18.65,5,"2 weeks ago"
"2011-12-10",165.69,-12.48,5,"2 weeks ago"
"2011-12-10",-75.92,-14.33,5.2,"2 weeks ago"
"2011-12-10",127.02,2.02,5,"2 weeks ago"
"2011-12-10",67.17,-16.25,5.1,"2 weeks ago"
"2011-12-10",-66.78,19.1,5,"2 weeks ago"
"2011-12-10",116.98,-7.02,5.8,"2 weeks ago"
"2011-12-10",-66.75,19.1,5.1,"2 weeks ago"
"2011-12-10",-125.58,-55.54,5.05,"2 weeks ago"
"2011-12-10",153.73,-5.48,6.1,"2 weeks ago"
"2011-12-10",153.66,-5.56,5.3,"2 weeks ago"
"2011-12-10",97.6,25.2,5.2,"2 weeks ago"
"2011-12-10",-15.45,-1.6,5.9,"2 weeks ago"
"2011-12-10",158.03,-54.52,5,"2 weeks ago"
"2011-12-10",102.18,-4.32,5.3,"2 weeks ago"
"2011-12-10",-176.09,-20,5.1,"2 weeks ago"
"2011-12-10",119,15.46,6,"2 weeks ago"
"2011-12-10",43.45,38.47,5.4,"2 weeks ago"
"2011-12-10",119.22,15.35,5,"2 weeks ago"
"2011-12-10",-73.36,-14.43,5.1,"2 weeks ago"
"2011-12-10",118.47,-8.06,5,"2 weeks ago"
"2011-12-10",-176.73,-22.17,5.6,"2 weeks ago"
"2011-12-10",93.84,7.8,5.6,"2 weeks ago"
"2011-12-10",93.97,7.84,5.1,"2 weeks ago"
"2011-12-10",153.27,-61.16,5.3,"2 weeks ago"
"2011-12-10",83.82,31.8,5.1,"2 weeks ago"
"2011-12-10",-91.17,-39.42,5.4,"2 weeks ago"
"2011-12-10",145.92,44.75,5,"2 weeks ago"
"2011-12-10",167.33,-14.78,5.2,"2 weeks ago"
"2011-12-10",-178.65,-17.91,5.2,"2 weeks ago"
"2011-12-10",-40.3,32.17,5.4,"2 weeks ago"
"2011-12-10",121.97,-0.63,5.5,"2 weeks ago"
"2011-12-10",58.08,-34,5.6,"2 weeks ago"
"2011-12-10",120.5,0.12,5.5,"2 weeks ago"
"2011-12-10",-82.78,8.47,5.2,"2 weeks ago"
"2011-12-10",93.85,7.73,5.1,"2 weeks ago"
"2011-12-10",161.45,-10.26,5,"2 weeks ago"
"2011-12-10",140.15,35.26,5.2,"2 weeks ago"
"2011-12-10",36.71,4.6,5.1,"1 week ago"
"2011-12-10",174.32,-41.36,5.1,"1 week ago"
"2011-12-10",-59.8,17.95,5.6,"1 week ago"
"2011-12-10",-71.64,-21.61,5,"1 week ago"
"2011-12-10",131.94,-0.59,5.1,"1 week ago"
"2011-12-10",-45.71,19.79,5.4,"1 week ago"
"2011-12-10",-177.85,-30.72,5.2,"1 week ago"
"2011-12-10",-111.81,26.01,5.2,"1 week ago"
"2011-12-10",163.22,56.24,5.3,"1 week ago"
"2011-12-10",140.28,-5.4,5.1,"1 week ago"
"2011-12-10",127.68,-3.99,5.1,"1 week ago"
"2011-12-10",146.56,-6.18,5.3,"1 week ago"
"2011-12-10",141.8,36.16,5.2,"1 week ago"
"2011-12-10",114.42,-21.51,5.2,"1 week ago"
"2011-12-10",133.64,-4.76,5.7,"1 week ago"
"2011-12-10",-174.39,-20.3,5,"1 week ago"
"2011-12-10",127.14,1.44,5,"1 week ago"
"2011-12-10",117.12,-49.63,5,"1 week ago"
"2011-12-10",127.5,-49.07,5.1,"1 week ago"
"2011-12-10",-174.29,-20.32,5.4,"1 week ago"
"2011-12-10",-94.25,17.48,5.1,"1 week ago"
"2011-12-10",126.51,-1.44,5.8,"1 week ago"
"2011-12-10",-70.92,-27.9,6.1,"1 week ago"
"2011-12-10",-30.85,38.02,5.1,"1 week ago"
"2011-12-10",-89.97,13.17,5.1,"1 week ago"
"2011-12-10",-26.38,-58.63,5.4,"1 week ago"
"2011-12-10",144.55,47.01,5.7,"1 week ago"
"2011-12-10",126.91,-0.86,5,"1 week ago"
"2011-12-10",126,11.08,5.1,"this week"
"2011-12-10",-111.63,-13.33,5.08,"this week"
"2011-12-10",143.59,37.66,5,"this week"
"2011-12-10",129.36,28.1,5.3,"this week"
"2011-12-10",-99.79,17.99,6.5,"this week"
"2011-12-10",178.55,-24.08,5.7,"this week"
"2011-12-10",-28.18,-56.01,6.2,"this week"
"2011-12-10",155.64,-6.92,5.2,"this week"
"2011-12-10",143.04,50.71,5.1,"this week"
"2011-12-10",166.91,-12.19,5.1,"this week"
"2011-12-10",143.65,37.75,5,"this week"
"2011-12-10",128.29,2.97,5.2,"this week"
"2011-12-10",-94.35,-37.47,5.2,"this week"
"2011-12-10",-82.58,4.76,5.4,"this week"
"2011-12-10",-43.82,28.32,5.2,"this week"
"2011-12-10",123.03,0.04,6,"this week"
"2011-12-10",-178.57,-29.51,5,"this week"
"2011-12-10",-174.83,-15.38,5.8,"this week"
"2011-12-10",137.19,35.31,5.1,"this week"
"2011-12-10",146.81,-7.55,7.1,"this week"
"2011-12-10",-143.73,-56.53,5.5,"this week"
"2011-12-10",143.34,38.07,5,"this week"
"2011-12-10",-28.27,-55.37,5.3,"this week"
"2011-12-10",-176.32,-29.49,5.2,"this week"
"2011-12-10",-179.1,-32.72,6,"this week"
"2011-12-10",141.66,31.68,5.3,"this week"
"2011-12-10",-88.71,12.87,5.1,"this week"
"2011-12-10",141.63,31.72,5.6,"this week"
"2011-12-10",171.59,-17.08,5,"this week"
"2011-12-10",-76.02,-45.83,5.4,"this week"
"2011-12-10",-76.06,-45.77,5.8,"this week"
"2011-12-10",94.02,7.72,5.1,"this week"
"2011-12-10",93.24,4.19,5.2,"this week"
"2011-12-10",170.82,-21.63,5,"this week"
"2011-12-10",-143.65,-56.01,5.4,"this week"
"2011-12-10",102.13,-10.75,5.1,"this week"
"2011-12-17",176.32,-18.7,5,"3 weeks ago"
"2011-12-17",-78.19,-10.71,5.1,"3 weeks ago"
"2011-12-17",-175.3,-23.18,5,"3 weeks ago"
"2011-12-17",-5.41,82.27,5.1,"3 weeks ago"
"2011-12-17",-177.42,-30.77,5.2,"3 weeks ago"
"2011-12-17",97.87,0.17,5.4,"3 weeks ago"
"2011-12-17",-174.69,-18.65,5,"3 weeks ago"
"2011-12-17",165.69,-12.48,5,"3 weeks ago"
"2011-12-17",-75.92,-14.33,5.2,"3 weeks ago"
"2011-12-17",127.02,2.02,5,"3 weeks ago"
"2011-12-17",67.17,-16.25,5.1,"3 weeks ago"
"2011-12-17",-66.78,19.1,5,"3 weeks ago"
"2011-12-17",116.98,-7.02,5.8,"3 weeks ago"
"2011-12-17",-66.75,19.1,5.1,"3 weeks ago"
"2011-12-17",-125.58,-55.54,5.05,"3 weeks ago"
"2011-12-17",153.73,-5.48,6.1,"3 weeks ago"
"2011-12-17",153.66,-5.56,5.3,"3 weeks ago"
"2011-12-17",97.6,25.2,5.2,"3 weeks ago"
"2011-12-17",-15.45,-1.6,5.9,"3 weeks ago"
"2011-12-17",158.03,-54.52,5,"3 weeks ago"
"2011-12-17",102.18,-4.32,5.3,"3 weeks ago"
"2011-12-17",-176.09,-20,5.1,"3 weeks ago"
"2011-12-17",119,15.46,6,"3 weeks ago"
"2011-12-17",43.45,38.47,5.4,"3 weeks ago"
"2011-12-17",119.22,15.35,5,"3 weeks ago"
"2011-12-17",-73.36,-14.43,5.1,"3 weeks ago"
"2011-12-17",118.47,-8.06,5,"3 weeks ago"
"2011-12-17",-176.73,-22.17,5.6,"3 weeks ago"
"2011-12-17",93.84,7.8,5.6,"3 weeks ago"
"2011-12-17",93.97,7.84,5.1,"3 weeks ago"
"2011-12-17",153.27,-61.16,5.3,"3 weeks ago"
"2011-12-17",83.82,31.8,5.1,"3 weeks ago"
"2011-12-17",-91.17,-39.42,5.4,"3 weeks ago"
"2011-12-17",145.92,44.75,5,"3 weeks ago"
"2011-12-17",167.33,-14.78,5.2,"3 weeks ago"
"2011-12-17",-178.65,-17.91,5.2,"3 weeks ago"
"2011-12-17",-40.3,32.17,5.4,"3 weeks ago"
"2011-12-17",121.97,-0.63,5.5,"3 weeks ago"
"2011-12-17",58.08,-34,5.6,"3 weeks ago"
"2011-12-17",120.5,0.12,5.5,"3 weeks ago"
"2011-12-17",-82.78,8.47,5.2,"3 weeks ago"
"2011-12-17",93.85,7.73,5.1,"3 weeks ago"
"2011-12-17",161.45,-10.26,5,"3 weeks ago"
"2011-12-17",140.15,35.26,5.2,"3 weeks ago"
"2011-12-17",36.71,4.6,5.1,"2 weeks ago"
"2011-12-17",174.32,-41.36,5.1,"2 weeks ago"
"2011-12-17",-59.8,17.95,5.6,"2 weeks ago"
"2011-12-17",-71.64,-21.61,5,"2 weeks ago"
"2011-12-17",131.94,-0.59,5.1,"2 weeks ago"
"2011-12-17",-45.71,19.79,5.4,"2 weeks ago"
"2011-12-17",-177.85,-30.72,5.2,"2 weeks ago"
"2011-12-17",-111.81,26.01,5.2,"2 weeks ago"
"2011-12-17",163.22,56.24,5.3,"2 weeks ago"
"2011-12-17",140.28,-5.4,5.1,"2 weeks ago"
"2011-12-17",127.68,-3.99,5.1,"2 weeks ago"
"2011-12-17",146.56,-6.18,5.3,"2 weeks ago"
"2011-12-17",141.8,36.16,5.2,"2 weeks ago"
"2011-12-17",114.42,-21.51,5.2,"2 weeks ago"
"2011-12-17",133.64,-4.76,5.7,"2 weeks ago"
"2011-12-17",-174.39,-20.3,5,"2 weeks ago"
"2011-12-17",127.14,1.44,5,"2 weeks ago"
"2011-12-17",117.12,-49.63,5,"2 weeks ago"
"2011-12-17",127.5,-49.07,5.1,"2 weeks ago"
"2011-12-17",-174.29,-20.32,5.4,"2 weeks ago"
"2011-12-17",-94.25,17.48,5.1,"2 weeks ago"
"2011-12-17",126.51,-1.44,5.8,"2 weeks ago"
"2011-12-17",-70.92,-27.9,6.1,"2 weeks ago"
"2011-12-17",-30.85,38.02,5.1,"2 weeks ago"
"2011-12-17",-89.97,13.17,5.1,"2 weeks ago"
"2011-12-17",-26.38,-58.63,5.4,"2 weeks ago"
"2011-12-17",144.55,47.01,5.7,"2 weeks ago"
"2011-12-17",126.91,-0.86,5,"2 weeks ago"
"2011-12-17",126,11.08,5.1,"1 week ago"
"2011-12-17",-111.63,-13.33,5.08,"1 week ago"
"2011-12-17",143.59,37.66,5,"1 week ago"
"2011-12-17",129.36,28.1,5.3,"1 week ago"
"2011-12-17",-99.79,17.99,6.5,"1 week ago"
"2011-12-17",178.55,-24.08,5.7,"1 week ago"
"2011-12-17",-28.18,-56.01,6.2,"1 week ago"
"2011-12-17",155.64,-6.92,5.2,"1 week ago"
"2011-12-17",143.04,50.71,5.1,"1 week ago"
"2011-12-17",166.91,-12.19,5.1,"1 week ago"
"2011-12-17",143.65,37.75,5,"1 week ago"
"2011-12-17",128.29,2.97,5.2,"1 week ago"
"2011-12-17",-94.35,-37.47,5.2,"1 week ago"
"2011-12-17",-82.58,4.76,5.4,"1 week ago"
"2011-12-17",-43.82,28.32,5.2,"1 week ago"
"2011-12-17",123.03,0.04,6,"1 week ago"
"2011-12-17",-178.57,-29.51,5,"1 week ago"
"2011-12-17",-174.83,-15.38,5.8,"1 week ago"
"2011-12-17",137.19,35.31,5.1,"1 week ago"
"2011-12-17",146.81,-7.55,7.1,"1 week ago"
"2011-12-17",-143.73,-56.53,5.5,"1 week ago"
"2011-12-17",143.34,38.07,5,"1 week ago"
"2011-12-17",-28.27,-55.37,5.3,"1 week ago"
"2011-12-17",-176.32,-29.49,5.2,"1 week ago"
"2011-12-17",-179.1,-32.72,6,"1 week ago"
"2011-12-17",141.66,31.68,5.3,"1 week ago"
"2011-12-17",-88.71,12.87,5.1,"1 week ago"
"2011-12-17",141.63,31.72,5.6,"1 week ago"
"2011-12-17",171.59,-17.08,5,"1 week ago"
"2011-12-17",-76.02,-45.83,5.4,"1 week ago"
"2011-12-17",-76.06,-45.77,5.8,"1 week ago"
"2011-12-17",94.02,7.72,5.1,"1 week ago"
"2011-12-17",93.24,4.19,5.2,"1 week ago"
"2011-12-17",170.82,-21.63,5,"1 week ago"
"2011-12-17",-143.65,-56.01,5.4,"1 week ago"
"2011-12-17",102.13,-10.75,5.1,"1 week ago"
"2011-12-17",-67.37,18.19,5.2,"this week"
"2011-12-17",-67.37,18.17,5.1,"this week"
"2011-12-17",-178.6,-32.85,5.1,"this week"
"2011-12-17",-26.56,-59.81,5.1,"this week"
"2011-12-17",179.25,-22.45,5,"this week"
"2011-12-17",140.91,35.51,5.1,"this week"
"2011-12-17",174.4,-16.95,5,"this week"
"2011-12-17",152.24,-4.89,5,"this week"
"2011-12-17",119.64,-1.26,5.7,"this week"
"2011-12-17",-176.86,-29.07,5.7,"this week"
"2011-12-17",-176.88,-28.83,5,"this week"
"2011-12-17",-27.73,-55.99,5.4,"this week"
"2011-12-17",-94.65,15.57,5,"this week"
"2011-12-17",103.17,-7.22,5,"this week"
"2011-12-17",-93.16,13.96,5.1,"this week"
"2011-12-17",142.56,40.1,5.1,"this week"
"2011-12-17",-173.12,-15.59,5,"this week"
"2011-12-17",127.59,-7.18,5.1,"this week"
"2011-12-17",-176.7,-29.17,5.2,"this week"
"2011-12-17",-102.14,1.71,5.2,"this week"
"2011-12-17",-179.02,-33.17,5.5,"this week"
"2011-12-17",107.77,-9.11,5.1,"this week"
"2011-12-17",-76.35,-46.01,5,"this week"
"2011-12-17",127.13,1.39,5,"this week"
"2011-12-17",97.22,0.03,5,"this week"
"2011-12-17",172.8,-43.49,5.8,"this week"
"2011-12-17",172.92,-43.48,5,"this week"
"2011-12-17",172.84,-43.47,5.4,"this week"
"2011-12-17",172.74,-43.53,5.9,"this week"
"2011-12-17",-79.34,-44.31,5,"this week"
"2011-12-17",120.64,13.19,5.2,"this week"
"2011-12-17",-178.34,-33.81,5.4,"this week"
"2011-12-17",68.3,28.86,5.1,"this week"
"2011-12-17",66.34,-17.44,5.1,"this week"
"2011-12-17",27.96,-52.12,5.9,"this week"
"2011-12-24",36.71,4.6,5.1,"3 weeks ago"
"2011-12-24",174.32,-41.36,5.1,"3 weeks ago"
"2011-12-24",-59.8,17.95,5.6,"3 weeks ago"
"2011-12-24",-71.64,-21.61,5,"3 weeks ago"
"2011-12-24",131.94,-0.59,5.1,"3 weeks ago"
"2011-12-24",-45.71,19.79,5.4,"3 weeks ago"
"2011-12-24",-177.85,-30.72,5.2,"3 weeks ago"
"2011-12-24",-111.81,26.01,5.2,"3 weeks ago"
"2011-12-24",163.22,56.24,5.3,"3 weeks ago"
"2011-12-24",140.28,-5.4,5.1,"3 weeks ago"
"2011-12-24",127.68,-3.99,5.1,"3 weeks ago"
"2011-12-24",146.56,-6.18,5.3,"3 weeks ago"
"2011-12-24",141.8,36.16,5.2,"3 weeks ago"
"2011-12-24",114.42,-21.51,5.2,"3 weeks ago"
"2011-12-24",133.64,-4.76,5.7,"3 weeks ago"
"2011-12-24",-174.39,-20.3,5,"3 weeks ago"
"2011-12-24",127.14,1.44,5,"3 weeks ago"
"2011-12-24",117.12,-49.63,5,"3 weeks ago"
"2011-12-24",127.5,-49.07,5.1,"3 weeks ago"
"2011-12-24",-174.29,-20.32,5.4,"3 weeks ago"
"2011-12-24",-94.25,17.48,5.1,"3 weeks ago"
"2011-12-24",126.51,-1.44,5.8,"3 weeks ago"
"2011-12-24",-70.92,-27.9,6.1,"3 weeks ago"
"2011-12-24",-30.85,38.02,5.1,"3 weeks ago"
"2011-12-24",-89.97,13.17,5.1,"3 weeks ago"
"2011-12-24",-26.38,-58.63,5.4,"3 weeks ago"
"2011-12-24",144.55,47.01,5.7,"3 weeks ago"
"2011-12-24",126.91,-0.86,5,"3 weeks ago"
"2011-12-24",126,11.08,5.1,"2 weeks ago"
"2011-12-24",-111.63,-13.33,5.08,"2 weeks ago"
"2011-12-24",143.59,37.66,5,"2 weeks ago"
"2011-12-24",129.36,28.1,5.3,"2 weeks ago"
"2011-12-24",-99.79,17.99,6.5,"2 weeks ago"
"2011-12-24",178.55,-24.08,5.7,"2 weeks ago"
"2011-12-24",-28.18,-56.01,6.2,"2 weeks ago"
"2011-12-24",155.64,-6.92,5.2,"2 weeks ago"
"2011-12-24",143.04,50.71,5.1,"2 weeks ago"
"2011-12-24",166.91,-12.19,5.1,"2 weeks ago"
"2011-12-24",143.65,37.75,5,"2 weeks ago"
"2011-12-24",128.29,2.97,5.2,"2 weeks ago"
"2011-12-24",-94.35,-37.47,5.2,"2 weeks ago"
"2011-12-24",-82.58,4.76,5.4,"2 weeks ago"
"2011-12-24",-43.82,28.32,5.2,"2 weeks ago"
"2011-12-24",123.03,0.04,6,"2 weeks ago"
"2011-12-24",-178.57,-29.51,5,"2 weeks ago"
"2011-12-24",-174.83,-15.38,5.8,"2 weeks ago"
"2011-12-24",137.19,35.31,5.1,"2 weeks ago"
"2011-12-24",146.81,-7.55,7.1,"2 weeks ago"
"2011-12-24",-143.73,-56.53,5.5,"2 weeks ago"
"2011-12-24",143.34,38.07,5,"2 weeks ago"
"2011-12-24",-28.27,-55.37,5.3,"2 weeks ago"
"2011-12-24",-176.32,-29.49,5.2,"2 weeks ago"
"2011-12-24",-179.1,-32.72,6,"2 weeks ago"
"2011-12-24",141.66,31.68,5.3,"2 weeks ago"
"2011-12-24",-88.71,12.87,5.1,"2 weeks ago"
"2011-12-24",141.63,31.72,5.6,"2 weeks ago"
"2011-12-24",171.59,-17.08,5,"2 weeks ago"
"2011-12-24",-76.02,-45.83,5.4,"2 weeks ago"
"2011-12-24",-76.06,-45.77,5.8,"2 weeks ago"
"2011-12-24",94.02,7.72,5.1,"2 weeks ago"
"2011-12-24",93.24,4.19,5.2,"2 weeks ago"
"2011-12-24",170.82,-21.63,5,"2 weeks ago"
"2011-12-24",-143.65,-56.01,5.4,"2 weeks ago"
"2011-12-24",102.13,-10.75,5.1,"2 weeks ago"
"2011-12-24",-67.37,18.19,5.2,"1 week ago"
"2011-12-24",-67.37,18.17,5.1,"1 week ago"
"2011-12-24",-178.6,-32.85,5.1,"1 week ago"
"2011-12-24",-26.56,-59.81,5.1,"1 week ago"
"2011-12-24",179.25,-22.45,5,"1 week ago"
"2011-12-24",140.91,35.51,5.1,"1 week ago"
"2011-12-24",174.4,-16.95,5,"1 week ago"
"2011-12-24",152.24,-4.89,5,"1 week ago"
"2011-12-24",119.64,-1.26,5.7,"1 week ago"
"2011-12-24",-176.86,-29.07,5.7,"1 week ago"
"2011-12-24",-176.88,-28.83,5,"1 week ago"
"2011-12-24",-27.73,-55.99,5.4,"1 week ago"
"2011-12-24",-94.65,15.57,5,"1 week ago"
"2011-12-24",103.17,-7.22,5,"1 week ago"
"2011-12-24",-93.16,13.96,5.1,"1 week ago"
"2011-12-24",142.56,40.1,5.1,"1 week ago"
"2011-12-24",-173.12,-15.59,5,"1 week ago"
"2011-12-24",127.59,-7.18,5.1,"1 week ago"
"2011-12-24",-176.7,-29.17,5.2,"1 week ago"
"2011-12-24",-102.14,1.71,5.2,"1 week ago"
"2011-12-24",-179.02,-33.17,5.5,"1 week ago"
"2011-12-24",107.77,-9.11,5.1,"1 week ago"
"2011-12-24",-76.35,-46.01,5,"1 week ago"
"2011-12-24",127.13,1.39,5,"1 week ago"
"2011-12-24",97.22,0.03,5,"1 week ago"
"2011-12-24",172.8,-43.49,5.8,"1 week ago"
"2011-12-24",172.92,-43.48,5,"1 week ago"
"2011-12-24",172.84,-43.47,5.4,"1 week ago"
"2011-12-24",172.74,-43.53,5.9,"1 week ago"
"2011-12-24",-79.34,-44.31,5,"1 week ago"
"2011-12-24",120.64,13.19,5.2,"1 week ago"
"2011-12-24",-178.34,-33.81,5.4,"1 week ago"
"2011-12-24",68.3,28.86,5.1,"1 week ago"
"2011-12-24",66.34,-17.44,5.1,"1 week ago"
"2011-12-24",27.96,-52.12,5.9,"1 week ago"
"2011-12-24",153.59,-5.07,5.2,"this week"
"2011-12-24",-173.86,-16.2,6,"this week"
"2011-12-24",-177.83,-18.43,5.2,"this week"
"2011-12-24",168.7,-19.17,5.5,"this week"
"2011-12-24",126.28,9.28,5,"this week"
"2011-12-24",92.99,7.19,5,"this week"
"2011-12-24",140.34,31.12,5.3,"this week"
"2011-12-24",95.91,51.84,6.6,"this week"
"2011-12-24",155.8,-7,5.1,"this week"
"2011-12-24",10.48,-52.92,5.2,"this week"
"2011-12-24",-174.32,-17.18,5.1,"this week"
"2011-12-24",128.33,1.87,5,"this week"
"2011-12-24",-164.34,-62.95,5.1,"this week"
"2011-12-24",127.64,1.69,5.2,"this week"
"2011-12-24",-25.93,-60.65,5.2,"this week"
"2011-12-24",-174.99,-17.93,5.1,"this week"
"2011-12-24",-139.87,-58.42,5.4,"this week"
"2011-12-24",168.17,-18.77,5.2,"this week"
"2011-12-24",155.18,-4.65,5.4,"this week"
"2011-12-24",104.34,-5.84,5.3,"this week"
"2011-12-24",-75.48,-14.42,5,"this week"
"2011-12-24",-178.06,-26.53,5.2,"this week"
"2011-12-24",-149.05,-58.36,5.3,"this week"
"2011-12-24",-27.17,-56.23,5,"this week"
"2011-12-24",138.25,30.8,5.2,"this week"
"2011-12-24",-178.1,-32.82,5,"this week"
"2011-12-24",-178.32,-32.38,5.2,"this week"
"2011-12-24",-178.39,-32.57,5.1,"this week"
"2011-12-31",126,11.08,5.1,"3 weeks ago"
"2011-12-31",-111.63,-13.33,5.08,"3 weeks ago"
"2011-12-31",143.59,37.66,5,"3 weeks ago"
"2011-12-31",129.36,28.1,5.3,"3 weeks ago"
"2011-12-31",-99.79,17.99,6.5,"3 weeks ago"
"2011-12-31",178.55,-24.08,5.7,"3 weeks ago"
"2011-12-31",-28.18,-56.01,6.2,"3 weeks ago"
"2011-12-31",155.64,-6.92,5.2,"3 weeks ago"
"2011-12-31",143.04,50.71,5.1,"3 weeks ago"
"2011-12-31",166.91,-12.19,5.1,"3 weeks ago"
"2011-12-31",143.65,37.75,5,"3 weeks ago"
"2011-12-31",128.29,2.97,5.2,"3 weeks ago"
"2011-12-31",-94.35,-37.47,5.2,"3 weeks ago"
"2011-12-31",-82.58,4.76,5.4,"3 weeks ago"
"2011-12-31",-43.82,28.32,5.2,"3 weeks ago"
"2011-12-31",123.03,0.04,6,"3 weeks ago"
"2011-12-31",-178.57,-29.51,5,"3 weeks ago"
"2011-12-31",-174.83,-15.38,5.8,"3 weeks ago"
"2011-12-31",137.19,35.31,5.1,"3 weeks ago"
"2011-12-31",146.81,-7.55,7.1,"3 weeks ago"
"2011-12-31",-143.73,-56.53,5.5,"3 weeks ago"
"2011-12-31",143.34,38.07,5,"3 weeks ago"
"2011-12-31",-28.27,-55.37,5.3,"3 weeks ago"
"2011-12-31",-176.32,-29.49,5.2,"3 weeks ago"
"2011-12-31",-179.1,-32.72,6,"3 weeks ago"
"2011-12-31",141.66,31.68,5.3,"3 weeks ago"
"2011-12-31",-88.71,12.87,5.1,"3 weeks ago"
"2011-12-31",141.63,31.72,5.6,"3 weeks ago"
"2011-12-31",171.59,-17.08,5,"3 weeks ago"
"2011-12-31",-76.02,-45.83,5.4,"3 weeks ago"
"2011-12-31",-76.06,-45.77,5.8,"3 weeks ago"
"2011-12-31",94.02,7.72,5.1,"3 weeks ago"
"2011-12-31",93.24,4.19,5.2,"3 weeks ago"
"2011-12-31",170.82,-21.63,5,"3 weeks ago"
"2011-12-31",-143.65,-56.01,5.4,"3 weeks ago"
"2011-12-31",102.13,-10.75,5.1,"3 weeks ago"
"2011-12-31",-67.37,18.19,5.2,"2 weeks ago"
"2011-12-31",-67.37,18.17,5.1,"2 weeks ago"
"2011-12-31",-178.6,-32.85,5.1,"2 weeks ago"
"2011-12-31",-26.56,-59.81,5.1,"2 weeks ago"
"2011-12-31",179.25,-22.45,5,"2 weeks ago"
"2011-12-31",140.91,35.51,5.1,"2 weeks ago"
"2011-12-31",174.4,-16.95,5,"2 weeks ago"
"2011-12-31",152.24,-4.89,5,"2 weeks ago"
"2011-12-31",119.64,-1.26,5.7,"2 weeks ago"
"2011-12-31",-176.86,-29.07,5.7,"2 weeks ago"
"2011-12-31",-176.88,-28.83,5,"2 weeks ago"
"2011-12-31",-27.73,-55.99,5.4,"2 weeks ago"
"2011-12-31",-94.65,15.57,5,"2 weeks ago"
"2011-12-31",103.17,-7.22,5,"2 weeks ago"
"2011-12-31",-93.16,13.96,5.1,"2 weeks ago"
"2011-12-31",142.56,40.1,5.1,"2 weeks ago"
"2011-12-31",-173.12,-15.59,5,"2 weeks ago"
"2011-12-31",127.59,-7.18,5.1,"2 weeks ago"
"2011-12-31",-176.7,-29.17,5.2,"2 weeks ago"
"2011-12-31",-102.14,1.71,5.2,"2 weeks ago"
"2011-12-31",-179.02,-33.17,5.5,"2 weeks ago"
"2011-12-31",107.77,-9.11,5.1,"2 weeks ago"
"2011-12-31",-76.35,-46.01,5,"2 weeks ago"
"2011-12-31",127.13,1.39,5,"2 weeks ago"
"2011-12-31",97.22,0.03,5,"2 weeks ago"
"2011-12-31",172.8,-43.49,5.8,"2 weeks ago"
"2011-12-31",172.92,-43.48,5,"2 weeks ago"
"2011-12-31",172.84,-43.47,5.4,"2 weeks ago"
"2011-12-31",172.74,-43.53,5.9,"2 weeks ago"
"2011-12-31",-79.34,-44.31,5,"2 weeks ago"
"2011-12-31",120.64,13.19,5.2,"2 weeks ago"
"2011-12-31",-178.34,-33.81,5.4,"2 weeks ago"
"2011-12-31",68.3,28.86,5.1,"2 weeks ago"
"2011-12-31",66.34,-17.44,5.1,"2 weeks ago"
"2011-12-31",27.96,-52.12,5.9,"2 weeks ago"
"2011-12-31",153.59,-5.07,5.2,"1 week ago"
"2011-12-31",-173.86,-16.2,6,"1 week ago"
"2011-12-31",-177.83,-18.43,5.2,"1 week ago"
"2011-12-31",168.7,-19.17,5.5,"1 week ago"
"2011-12-31",126.28,9.28,5,"1 week ago"
"2011-12-31",92.99,7.19,5,"1 week ago"
"2011-12-31",140.34,31.12,5.3,"1 week ago"
"2011-12-31",95.91,51.84,6.6,"1 week ago"
"2011-12-31",155.8,-7,5.1,"1 week ago"
"2011-12-31",10.48,-52.92,5.2,"1 week ago"
"2011-12-31",-174.32,-17.18,5.1,"1 week ago"
"2011-12-31",128.33,1.87,5,"1 week ago"
"2011-12-31",-164.34,-62.95,5.1,"1 week ago"
"2011-12-31",127.64,1.69,5.2,"1 week ago"
"2011-12-31",-25.93,-60.65,5.2,"1 week ago"
"2011-12-31",-174.99,-17.93,5.1,"1 week ago"
"2011-12-31",-139.87,-58.42,5.4,"1 week ago"
"2011-12-31",168.17,-18.77,5.2,"1 week ago"
"2011-12-31",155.18,-4.65,5.4,"1 week ago"
"2011-12-31",104.34,-5.84,5.3,"1 week ago"
"2011-12-31",-75.48,-14.42,5,"1 week ago"
"2011-12-31",-178.06,-26.53,5.2,"1 week ago"
"2011-12-31",-149.05,-58.36,5.3,"1 week ago"
"2011-12-31",-27.17,-56.23,5,"1 week ago"
"2011-12-31",138.25,30.8,5.2,"1 week ago"
"2011-12-31",-178.1,-32.82,5,"1 week ago"
"2011-12-31",-178.32,-32.38,5.2,"1 week ago"
"2011-12-31",-178.39,-32.57,5.1,"1 week ago"
"2011-12-31",-142.46,-56.96,5.7,"this week"
"2011-12-31",141.54,-5.36,5,"this week"
"2011-12-31",172.78,-43.52,5,"this week"
"2011-12-31",-64.4,-23.42,5.3,"this week"
"2011-12-31",-174.32,-20.74,5,"this week"
