"across","along","height","tank","instant"
"20.0","20.0","3.547","Shallow","1"
"40.0","20.0","5.845","Shallow","1"
"60.0","20.0","4.353","Shallow","1"
"80.0","20.0","-0.178","Shallow","1"
"100.0","20.0","-4.265","Shallow","1"
"120.0","20.0","-4.931","Shallow","1"
"140.0","20.0","-2.005","Shallow","1"
"160.0","20.0","2.011","Shallow","1"
"180.0","20.0","4.105","Shallow","1"
"200.0","20.0","3.026","Shallow","1"
"220.0","20.0","-0.039","Shallow","1"
"240.0","20.0","-2.65","Shallow","1"
"260.0","20.0","-3.031","Shallow","1"
"280.0","20.0","-1.23","Shallow","1"
"300.0","20.0","1.178","Shallow","1"
"20.0","40.0","5.845","Shallow","1"
"40.0","40.0","5.523","Shallow","1"
"60.0","40.0","2.862","Shallow","1"
"80.0","40.0","-1.508","Shallow","1"
"100.0","40.0","-4.757","Shallow","1"
"120.0","40.0","-4.626","Shallow","1"
"140.0","40.0","-1.383","Shallow","1"
"160.0","40.0","2.451","Shallow","1"
"180.0","40.0","4.141","Shallow","1"
"200.0","40.0","2.76","Shallow","1"
"220.0","40.0","-0.344","Shallow","1"
"240.0","40.0","-2.784","Shallow","1"
"260.0","40.0","-2.953","Shallow","1"
"280.0","40.0","-1.049","Shallow","1"
"300.0","40.0","1.317","Shallow","1"
"20.0","60.0","4.353","Shallow","1"
"40.0","60.0","2.862","Shallow","1"
"60.0","60.0","-0.178","Shallow","1"
"80.0","60.0","-3.562","Shallow","1"
"100.0","60.0","-5.165","Shallow","1"
"120.0","60.0","-3.74","Shallow","1"
"140.0","60.0","-0.15","Shallow","1"
"160.0","60.0","3.181","Shallow","1"
"180.0","60.0","4.077","Shallow","1"
"200.0","60.0","2.179","Shallow","1"
"220.0","60.0","-0.925","Shallow","1"
"240.0","60.0","-2.994","Shallow","1"
"260.0","60.0","-2.759","Shallow","1"
"280.0","60.0","-0.682","Shallow","1"
"300.0","60.0","1.573","Shallow","1"
"20.0","80.0","-0.178","Shallow","1"
"40.0","80.0","-1.508","Shallow","1"
"60.0","80.0","-3.562","Shallow","1"
"80.0","80.0","-5.051","Shallow","1"
"100.0","80.0","-4.626","Shallow","1"
"120.0","80.0","-2.005","Shallow","1"
"140.0","80.0","1.527","Shallow","1"
"160.0","80.0","3.89","Shallow","1"
"180.0","80.0","3.689","Shallow","1"
"200.0","80.0","1.236","Shallow","1"
"220.0","80.0","-1.698","Shallow","1"
"240.0","80.0","-3.166","Shallow","1"
"260.0","80.0","-2.381","Shallow","1"
"280.0","80.0","-0.134","Shallow","1"
"300.0","80.0","1.898","Shallow","1"
"20.0","100.0","-4.265","Shallow","1"
"40.0","100.0","-4.757","Shallow","1"
"60.0","100.0","-5.165","Shallow","1"
"80.0","100.0","-4.626","Shallow","1"
"100.0","100.0","-2.616","Shallow","1"
"120.0","100.0","0.44","Shallow","1"
"140.0","100.0","3.181","Shallow","1"
"160.0","100.0","4.13","Shallow","1"
"180.0","100.0","2.76","Shallow","1"
"200.0","100.0","-0.039","Shallow","1"
"220.0","100.0","-2.496","Shallow","1"
"240.0","100.0","-3.141","Shallow","1"
"260.0","100.0","-1.756","Shallow","1"
"280.0","100.0","0.56","Shallow","1"
"300.0","100.0","2.216","Shallow","1"
"20.0","120.0","-4.931","Shallow","1"
"40.0","120.0","-4.626","Shallow","1"
"60.0","120.0","-3.74","Shallow","1"
"80.0","120.0","-2.005","Shallow","1"
"100.0","120.0","0.44","Shallow","1"
"120.0","120.0","2.841","Shallow","1"
"140.0","120.0","4.105","Shallow","1"
"160.0","120.0","3.494","Shallow","1"
"180.0","120.0","1.236","Shallow","1"
"200.0","120.0","-1.455","Shallow","1"
"220.0","120.0","-3.071","Shallow","1"
"240.0","120.0","-2.759","Shallow","1"
"260.0","120.0","-0.866","Shallow","1"
"280.0","120.0","1.317","Shallow","1"
"300.0","120.0","2.418","Shallow","1"
"20.0","140.0","-2.005","Shallow","1"
"40.0","140.0","-1.383","Shallow","1"
"60.0","140.0","-0.15","Shallow","1"
"80.0","140.0","1.527","Shallow","1"
"100.0","140.0","3.181","Shallow","1"
"120.0","140.0","4.105","Shallow","1"
"140.0","140.0","3.689","Shallow","1"
"160.0","140.0","1.872","Shallow","1"
"180.0","140.0","-0.64","Shallow","1"
"200.0","140.0","-2.65","Shallow","1"
"220.0","140.0","-3.141","Shallow","1"
"240.0","140.0","-1.922","Shallow","1"
"260.0","140.0","0.22","Shallow","1"
"280.0","140.0","1.99","Shallow","1"
"300.0","140.0","2.387","Shallow","1"
"20.0","160.0","2.011","Shallow","1"
"40.0","160.0","2.451","Shallow","1"
"60.0","160.0","3.181","Shallow","1"
"80.0","160.0","3.89","Shallow","1"
"100.0","160.0","4.13","Shallow","1"
"120.0","160.0","3.494","Shallow","1"
"140.0","160.0","1.872","Shallow","1"
"160.0","160.0","-0.344","Shallow","1"
"180.0","160.0","-2.324","Shallow","1"
"200.0","160.0","-3.186","Shallow","1"
"220.0","160.0","-2.517","Shallow","1"
"240.0","160.0","-0.682","Shallow","1"
"260.0","160.0","1.317","Shallow","1"
"280.0","160.0","2.395","Shallow","1"
"300.0","160.0","2.025","Shallow","1"
"20.0","180.0","4.105","Shallow","1"
"40.0","180.0","4.141","Shallow","1"
"60.0","180.0","4.077","Shallow","1"
"80.0","180.0","3.689","Shallow","1"
"100.0","180.0","2.76","Shallow","1"
"120.0","180.0","1.236","Shallow","1"
"140.0","180.0","-0.64","Shallow","1"
"160.0","180.0","-2.324","Shallow","1"
"180.0","180.0","-3.166","Shallow","1"
"200.0","180.0","-2.759","Shallow","1"
"220.0","180.0","-1.23","Shallow","1"
"240.0","180.0","0.723","Shallow","1"
"260.0","180.0","2.149","Shallow","1"
"280.0","180.0","2.355","Shallow","1"
"300.0","180.0","1.307","Shallow","1"
"20.0","200.0","3.026","Shallow","1"
"40.0","200.0","2.76","Shallow","1"
"60.0","200.0","2.179","Shallow","1"
"80.0","200.0","1.236","Shallow","1"
"100.0","200.0","-0.039","Shallow","1"
"120.0","200.0","-1.455","Shallow","1"
"140.0","200.0","-2.65","Shallow","1"
"160.0","200.0","-3.186","Shallow","1"
"180.0","200.0","-2.759","Shallow","1"
"200.0","200.0","-1.409","Shallow","1"
"220.0","200.0","0.392","Shallow","1"
"240.0","200.0","1.898","Shallow","1"
"260.0","200.0","2.438","Shallow","1"
"280.0","200.0","1.786","Shallow","1"
"300.0","200.0","0.319","Shallow","1"
"20.0","220.0","-0.039","Shallow","1"
"40.0","220.0","-0.344","Shallow","1"
"60.0","220.0","-0.925","Shallow","1"
"80.0","220.0","-1.698","Shallow","1"
"100.0","220.0","-2.496","Shallow","1"
"120.0","220.0","-3.071","Shallow","1"
"140.0","220.0","-3.141","Shallow","1"
"160.0","220.0","-2.517","Shallow","1"
"180.0","220.0","-1.23","Shallow","1"
"200.0","220.0","0.392","Shallow","1"
"220.0","220.0","1.798","Shallow","1"
"240.0","220.0","2.433","Shallow","1"
"260.0","220.0","2.025","Shallow","1"
"280.0","220.0","0.767","Shallow","1"
"300.0","220.0","-0.732","Shallow","1"
"20.0","240.0","-2.65","Shallow","1"
"40.0","240.0","-2.784","Shallow","1"
"60.0","240.0","-2.994","Shallow","1"
"80.0","240.0","-3.166","Shallow","1"
"100.0","240.0","-3.141","Shallow","1"
"120.0","240.0","-2.759","Shallow","1"
"140.0","240.0","-1.922","Shallow","1"
"160.0","240.0","-0.682","Shallow","1"
"180.0","240.0","0.723","Shallow","1"
"200.0","240.0","1.898","Shallow","1"
"220.0","240.0","2.433","Shallow","1"
"240.0","240.0","2.095","Shallow","1"
"260.0","240.0","0.988","Shallow","1"
"280.0","240.0","-0.438","Shallow","1"
"300.0","240.0","-1.557","Shallow","1"
"20.0","260.0","-3.031","Shallow","1"
"40.0","260.0","-2.953","Shallow","1"
"60.0","260.0","-2.759","Shallow","1"
"80.0","260.0","-2.381","Shallow","1"
"100.0","260.0","-1.756","Shallow","1"
"120.0","260.0","-0.866","Shallow","1"
"140.0","260.0","0.22","Shallow","1"
"160.0","260.0","1.317","Shallow","1"
"180.0","260.0","2.149","Shallow","1"
"200.0","260.0","2.438","Shallow","1"
"220.0","260.0","2.025","Shallow","1"
"240.0","260.0","0.988","Shallow","1"
"260.0","260.0","-0.334","Shallow","1"
"280.0","260.0","-1.442","Shallow","1"
"300.0","260.0","-1.885","Shallow","1"
"20.0","280.0","-1.23","Shallow","1"
"40.0","280.0","-1.049","Shallow","1"
"60.0","280.0","-0.682","Shallow","1"
"80.0","280.0","-0.134","Shallow","1"
"100.0","280.0","0.56","Shallow","1"
"120.0","280.0","1.317","Shallow","1"
"140.0","280.0","1.99","Shallow","1"
"160.0","280.0","2.395","Shallow","1"
"180.0","280.0","2.355","Shallow","1"
"200.0","280.0","1.786","Shallow","1"
"220.0","280.0","0.767","Shallow","1"
"240.0","280.0","-0.438","Shallow","1"
"260.0","280.0","-1.442","Shallow","1"
"280.0","280.0","-1.882","Shallow","1"
"300.0","280.0","-1.581","Shallow","1"
"20.0","300.0","1.178","Shallow","1"
"40.0","300.0","1.317","Shallow","1"
"60.0","300.0","1.573","Shallow","1"
"80.0","300.0","1.898","Shallow","1"
"100.0","300.0","2.216","Shallow","1"
"120.0","300.0","2.418","Shallow","1"
"140.0","300.0","2.387","Shallow","1"
"160.0","300.0","2.025","Shallow","1"
"180.0","300.0","1.307","Shallow","1"
"200.0","300.0","0.319","Shallow","1"
"220.0","300.0","-0.732","Shallow","1"
"240.0","300.0","-1.557","Shallow","1"
"260.0","300.0","-1.885","Shallow","1"
"280.0","300.0","-1.581","Shallow","1"
"300.0","300.0","-0.738","Shallow","1"
"20.0","20.0","0.663","Shallow","2"
"40.0","20.0","4.615","Shallow","2"
"60.0","20.0","5.669","Shallow","2"
"80.0","20.0","2.638","Shallow","2"
"100.0","20.0","-2.078","Shallow","2"
"120.0","20.0","-4.886","Shallow","2"
"140.0","20.0","-3.914","Shallow","2"
"160.0","20.0","-0.269","Shallow","2"
"180.0","20.0","3.115","Shallow","2"
"200.0","20.0","3.857","Shallow","2"
"220.0","20.0","1.78","Shallow","2"
"240.0","20.0","-1.259","Shallow","2"
"260.0","20.0","-2.985","Shallow","2"
"280.0","20.0","-2.37","Shallow","2"
"300.0","20.0","-0.179","Shallow","2"
"20.0","40.0","4.615","Shallow","2"
"40.0","40.0","5.739","Shallow","2"
"60.0","40.0","4.95","Shallow","2"
"80.0","40.0","1.352","Shallow","2"
"100.0","40.0","-2.957","Shallow","2"
"120.0","40.0","-4.997","Shallow","2"
"140.0","40.0","-3.469","Shallow","2"
"160.0","40.0","0.261","Shallow","2"
"180.0","40.0","3.365","Shallow","2"
"200.0","40.0","3.752","Shallow","2"
"220.0","40.0","1.495","Shallow","2"
"240.0","40.0","-1.488","Shallow","2"
"260.0","40.0","-3.022","Shallow","2"
"280.0","40.0","-2.243","Shallow","2"
"300.0","40.0","-0.014","Shallow","2"
"20.0","60.0","5.669","Shallow","2"
"40.0","60.0","4.95","Shallow","2"
"60.0","60.0","2.638","Shallow","2"
"80.0","60.0","-1.051","Shallow","2"
"100.0","60.0","-4.235","Shallow","2"
"120.0","60.0","-4.848","Shallow","2"
"140.0","60.0","-2.46","Shallow","2"
"160.0","60.0","1.25","Shallow","2"
"180.0","60.0","3.733","Shallow","2"
"200.0","60.0","3.456","Shallow","2"
"220.0","60.0","0.914","Shallow","2"
"240.0","60.0","-1.903","Shallow","2"
"260.0","60.0","-3.05","Shallow","2"
"280.0","60.0","-1.967","Shallow","2"
"300.0","60.0","0.308","Shallow","2"
"20.0","80.0","2.638","Shallow","2"
"40.0","80.0","1.352","Shallow","2"
"60.0","80.0","-1.051","Shallow","2"
"80.0","80.0","-3.677","Shallow","2"
"100.0","80.0","-4.997","Shallow","2"
"120.0","80.0","-3.914","Shallow","2"
"140.0","80.0","-0.814","Shallow","2"
"160.0","80.0","2.488","Shallow","2"
"180.0","80.0","3.968","Shallow","2"
"200.0","80.0","2.833","Shallow","2"
"220.0","80.0","0.048","Shallow","2"
"240.0","80.0","-2.412","Shallow","2"
"260.0","80.0","-2.978","Shallow","2"
"280.0","80.0","-1.509","Shallow","2"
"300.0","80.0","0.763","Shallow","2"
"20.0","100.0","-2.078","Shallow","2"
"40.0","100.0","-2.957","Shallow","2"
"60.0","100.0","-4.235","Shallow","2"
"80.0","100.0","-4.997","Shallow","2"
"100.0","100.0","-4.301","Shallow","2"
"120.0","100.0","-1.918","Shallow","2"
"140.0","100.0","1.25","Shallow","2"
"160.0","100.0","3.57","Shallow","2"
"180.0","100.0","3.752","Shallow","2"
"200.0","100.0","1.78","Shallow","2"
"220.0","100.0","-1.018","Shallow","2"
"240.0","100.0","-2.861","Shallow","2"
"260.0","100.0","-2.697","Shallow","2"
"280.0","100.0","-0.851","Shallow","2"
"300.0","100.0","1.3","Shallow","2"
"20.0","120.0","-4.886","Shallow","2"
"40.0","120.0","-4.997","Shallow","2"
"60.0","120.0","-4.848","Shallow","2"
"80.0","120.0","-3.914","Shallow","2"
"100.0","120.0","-1.918","Shallow","2"
"120.0","120.0","0.769","Shallow","2"
"140.0","120.0","3.115","Shallow","2"
"160.0","120.0","3.967","Shallow","2"
"180.0","120.0","2.833","Shallow","2"
"200.0","120.0","0.333","Shallow","2"
"220.0","120.0","-2.088","Shallow","2"
"240.0","120.0","-3.05","Shallow","2"
"260.0","120.0","-2.109","Shallow","2"
"280.0","120.0","-0.014","Shallow","2"
"300.0","120.0","1.827","Shallow","2"
"20.0","140.0","-3.914","Shallow","2"
"40.0","140.0","-3.469","Shallow","2"
"60.0","140.0","-2.46","Shallow","2"
"80.0","140.0","-0.814","Shallow","2"
"100.0","140.0","1.25","Shallow","2"
"120.0","140.0","3.115","Shallow","2"
"140.0","140.0","3.968","Shallow","2"
"160.0","140.0","3.269","Shallow","2"
"180.0","140.0","1.205","Shallow","2"
"200.0","140.0","-1.259","Shallow","2"
"220.0","140.0","-2.861","Shallow","2"
"240.0","140.0","-2.785","Shallow","2"
"260.0","140.0","-1.184","Shallow","2"
"280.0","140.0","0.905","Shallow","2"
"300.0","140.0","2.218","Shallow","2"
"20.0","160.0","-0.269","Shallow","2"
"40.0","160.0","0.261","Shallow","2"
"60.0","160.0","1.25","Shallow","2"
"80.0","160.0","2.488","Shallow","2"
"100.0","160.0","3.57","Shallow","2"
"120.0","160.0","3.967","Shallow","2"
"140.0","160.0","3.269","Shallow","2"
"160.0","160.0","1.495","Shallow","2"
"180.0","160.0","-0.766","Shallow","2"
"200.0","160.0","-2.549","Shallow","2"
"220.0","160.0","-3.016","Shallow","2"
"240.0","160.0","-1.967","Shallow","2"
"260.0","160.0","-0.014","Shallow","2"
"280.0","160.0","1.736","Shallow","2"
"300.0","160.0","2.328","Shallow","2"
"20.0","180.0","3.115","Shallow","2"
"40.0","180.0","3.365","Shallow","2"
"60.0","180.0","3.733","Shallow","2"
"80.0","180.0","3.968","Shallow","2"
"100.0","180.0","3.752","Shallow","2"
"120.0","180.0","2.833","Shallow","2"
"140.0","180.0","1.205","Shallow","2"
"160.0","180.0","-0.766","Shallow","2"
"180.0","180.0","-2.412","Shallow","2"
"200.0","180.0","-3.05","Shallow","2"
"220.0","180.0","-2.37","Shallow","2"
"240.0","180.0","-0.682","Shallow","2"
"260.0","180.0","1.174","Shallow","2"
"280.0","180.0","2.256","Shallow","2"
"300.0","180.0","2.045","Shallow","2"
"20.0","200.0","3.857","Shallow","2"
"40.0","200.0","3.752","Shallow","2"
"60.0","200.0","3.456","Shallow","2"
"80.0","200.0","2.833","Shallow","2"
"100.0","200.0","1.78","Shallow","2"
"120.0","200.0","0.333","Shallow","2"
"140.0","200.0","-1.259","Shallow","2"
"160.0","200.0","-2.549","Shallow","2"
"180.0","200.0","-3.05","Shallow","2"
"200.0","200.0","-2.488","Shallow","2"
"220.0","200.0","-1.018","Shallow","2"
"240.0","200.0","0.763","Shallow","2"
"260.0","200.0","2.057","Shallow","2"
"280.0","200.0","2.269","Shallow","2"
"300.0","200.0","1.344","Shallow","2"
"20.0","220.0","1.78","Shallow","2"
"40.0","220.0","1.495","Shallow","2"
"60.0","220.0","0.914","Shallow","2"
"80.0","220.0","0.048","Shallow","2"
"100.0","220.0","-1.018","Shallow","2"
"120.0","220.0","-2.088","Shallow","2"
"140.0","220.0","-2.861","Shallow","2"
"160.0","220.0","-3.016","Shallow","2"
"180.0","220.0","-2.37","Shallow","2"
"200.0","220.0","-1.018","Shallow","2"
"220.0","220.0","0.615","Shallow","2"
"240.0","220.0","1.911","Shallow","2"
"260.0","220.0","2.328","Shallow","2"
"280.0","220.0","1.694","Shallow","2"
"300.0","220.0","0.335","Shallow","2"
"20.0","240.0","-1.259","Shallow","2"
"40.0","240.0","-1.488","Shallow","2"
"60.0","240.0","-1.903","Shallow","2"
"80.0","240.0","-2.412","Shallow","2"
"100.0","240.0","-2.861","Shallow","2"
"120.0","240.0","-3.05","Shallow","2"
"140.0","240.0","-2.785","Shallow","2"
"160.0","240.0","-1.967","Shallow","2"
"180.0","240.0","-0.682","Shallow","2"
"200.0","240.0","0.763","Shallow","2"
"220.0","240.0","1.911","Shallow","2"
"240.0","240.0","2.335","Shallow","2"
"260.0","240.0","1.848","Shallow","2"
"280.0","240.0","0.647","Shallow","2"
"300.0","240.0","-0.735","Shallow","2"
"20.0","260.0","-2.985","Shallow","2"
"40.0","260.0","-3.022","Shallow","2"
"60.0","260.0","-3.05","Shallow","2"
"80.0","260.0","-2.978","Shallow","2"
"100.0","260.0","-2.697","Shallow","2"
"120.0","260.0","-2.109","Shallow","2"
"140.0","260.0","-1.184","Shallow","2"
"160.0","260.0","-0.014","Shallow","2"
"180.0","260.0","1.174","Shallow","2"
"200.0","260.0","2.057","Shallow","2"
"220.0","260.0","2.328","Shallow","2"
"240.0","260.0","1.848","Shallow","2"
"260.0","260.0","0.75","Shallow","2"
"280.0","260.0","-0.557","Shallow","2"
"300.0","260.0","-1.543","Shallow","2"
"20.0","280.0","-2.37","Shallow","2"
"40.0","280.0","-2.243","Shallow","2"
"60.0","280.0","-1.967","Shallow","2"
"80.0","280.0","-1.509","Shallow","2"
"100.0","280.0","-0.851","Shallow","2"
"120.0","280.0","-0.014","Shallow","2"
"140.0","280.0","0.905","Shallow","2"
"160.0","280.0","1.736","Shallow","2"
"180.0","280.0","2.256","Shallow","2"
"200.0","280.0","2.269","Shallow","2"
"220.0","280.0","1.694","Shallow","2"
"240.0","280.0","0.647","Shallow","2"
"260.0","280.0","-0.557","Shallow","2"
"280.0","280.0","-1.495","Shallow","2"
"300.0","280.0","-1.806","Shallow","2"
"20.0","300.0","-0.179","Shallow","2"
"40.0","300.0","-0.014","Shallow","2"
"60.0","300.0","0.308","Shallow","2"
"80.0","300.0","0.763","Shallow","2"
"100.0","300.0","1.3","Shallow","2"
"120.0","300.0","1.827","Shallow","2"
"140.0","300.0","2.218","Shallow","2"
"160.0","300.0","2.328","Shallow","2"
"180.0","300.0","2.045","Shallow","2"
"200.0","300.0","1.344","Shallow","2"
"220.0","300.0","0.335","Shallow","2"
"240.0","300.0","-0.735","Shallow","2"
"260.0","300.0","-1.543","Shallow","2"
"280.0","300.0","-1.806","Shallow","2"
"300.0","300.0","-1.416","Shallow","2"
"20.0","20.0","-2.398","Shallow","3"
"40.0","20.0","2.149","Shallow","3"
"60.0","20.0","5.467","Shallow","3"
"80.0","20.0","4.747","Shallow","3"
"100.0","20.0","0.666","Shallow","3"
"120.0","20.0","-3.532","Shallow","3"
"140.0","20.0","-4.774","Shallow","3"
"160.0","20.0","-2.477","Shallow","3"
"180.0","20.0","1.29","Shallow","3"
"200.0","20.0","3.654","Shallow","3"
"220.0","20.0","3.122","Shallow","3"
"240.0","20.0","0.469","Shallow","3"
"260.0","20.0","-2.139","Shallow","3"
"280.0","20.0","-2.875","Shallow","3"
"300.0","20.0","-1.488","Shallow","3"
"20.0","40.0","2.149","Shallow","3"
"40.0","40.0","4.417","Shallow","3"
"60.0","40.0","5.713","Shallow","3"
"80.0","40.0","3.85","Shallow","3"
"100.0","40.0","-0.364","Shallow","3"
"120.0","40.0","-4.029","Shallow","3"
"140.0","40.0","-4.626","Shallow","3"
"160.0","40.0","-1.999","Shallow","3"
"180.0","40.0","1.687","Shallow","3"
"200.0","40.0","3.739","Shallow","3"
"220.0","40.0","2.933","Shallow","3"
"240.0","40.0","0.208","Shallow","3"
"260.0","40.0","-2.282","Shallow","3"
"280.0","40.0","-2.837","Shallow","3"
"300.0","40.0","-1.341","Shallow","3"
"20.0","60.0","5.467","Shallow","3"
"40.0","60.0","5.713","Shallow","3"
"60.0","60.0","4.747","Shallow","3"
"80.0","60.0","1.743","Shallow","3"
"100.0","60.0","-2.171","Shallow","3"
"120.0","60.0","-4.657","Shallow","3"
"140.0","60.0","-4.11","Shallow","3"
"160.0","60.0","-1.017","Shallow","3"
"180.0","60.0","2.388","Shallow","3"
"200.0","60.0","3.806","Shallow","3"
"220.0","60.0","2.507","Shallow","3"
"240.0","60.0","-0.301","Shallow","3"
"260.0","60.0","-2.524","Shallow","3"
"280.0","60.0","-2.725","Shallow","3"
"300.0","60.0","-1.04","Shallow","3"
"20.0","80.0","4.747","Shallow","3"
"40.0","80.0","3.85","Shallow","3"
"60.0","80.0","1.743","Shallow","3"
"80.0","80.0","-1.317","Shallow","3"
"100.0","80.0","-4.029","Shallow","3"
"120.0","80.0","-4.774","Shallow","3"
"140.0","80.0","-2.936","Shallow","3"
"160.0","80.0","0.42","Shallow","3"
"180.0","80.0","3.184","Shallow","3"
"200.0","80.0","3.67","Shallow","3"
"220.0","80.0","1.781","Shallow","3"
"240.0","80.0","-1.011","Shallow","3"
"260.0","80.0","-2.777","Shallow","3"
"280.0","80.0","-2.48","Shallow","3"
"300.0","80.0","-0.577","Shallow","3"
"20.0","100.0","0.666","Shallow","3"
"40.0","100.0","-0.364","Shallow","3"
"60.0","100.0","-2.171","Shallow","3"
"80.0","100.0","-4.029","Shallow","3"
"100.0","100.0","-4.835","Shallow","3"
"120.0","100.0","-3.762","Shallow","3"
"140.0","100.0","-1.017","Shallow","3"
"160.0","100.0","2.054","Shallow","3"
"180.0","100.0","3.739","Shallow","3"
"200.0","100.0","3.122","Shallow","3"
"220.0","100.0","0.733","Shallow","3"
"240.0","100.0","-1.813","Shallow","3"
"260.0","100.0","-2.915","Shallow","3"
"280.0","100.0","-2.033","Shallow","3"
"300.0","100.0","0.035","Shallow","3"
"20.0","120.0","-3.532","Shallow","3"
"40.0","120.0","-4.029","Shallow","3"
"60.0","120.0","-4.657","Shallow","3"
"80.0","120.0","-4.774","Shallow","3"
"100.0","120.0","-3.762","Shallow","3"
"120.0","120.0","-1.51","Shallow","3"
"140.0","120.0","1.29","Shallow","3"
"160.0","120.0","3.377","Shallow","3"
"180.0","120.0","3.67","Shallow","3"
"200.0","120.0","2.032","Shallow","3"
"220.0","120.0","-0.546","Shallow","3"
"240.0","120.0","-2.524","Shallow","3"
"260.0","120.0","-2.786","Shallow","3"
"280.0","120.0","-1.341","Shallow","3"
"300.0","120.0","0.747","Shallow","3"
"20.0","140.0","-4.774","Shallow","3"
"40.0","140.0","-4.626","Shallow","3"
"60.0","140.0","-4.11","Shallow","3"
"80.0","140.0","-2.936","Shallow","3"
"100.0","140.0","-1.017","Shallow","3"
"120.0","140.0","1.29","Shallow","3"
"140.0","140.0","3.184","Shallow","3"
"160.0","140.0","3.791","Shallow","3"
"180.0","140.0","2.727","Shallow","3"
"200.0","140.0","0.469","Shallow","3"
"220.0","140.0","-1.813","Shallow","3"
"240.0","140.0","-2.901","Shallow","3"
"260.0","140.0","-2.272","Shallow","3"
"280.0","140.0","-0.422","Shallow","3"
"300.0","140.0","1.455","Shallow","3"
"20.0","160.0","-2.477","Shallow","3"
"40.0","160.0","-1.999","Shallow","3"
"60.0","160.0","-1.017","Shallow","3"
"80.0","160.0","0.42","Shallow","3"
"100.0","160.0","2.054","Shallow","3"
"120.0","160.0","3.377","Shallow","3"
"140.0","160.0","3.791","Shallow","3"
"160.0","160.0","2.933","Shallow","3"
"180.0","160.0","0.997","Shallow","3"
"200.0","160.0","-1.229","Shallow","3"
"220.0","160.0","-2.707","Shallow","3"
"240.0","160.0","-2.725","Shallow","3"
"260.0","160.0","-1.341","Shallow","3"
"280.0","160.0","0.612","Shallow","3"
"300.0","160.0","2.007","Shallow","3"
"20.0","180.0","1.29","Shallow","3"
"40.0","180.0","1.687","Shallow","3"
"60.0","180.0","2.388","Shallow","3"
"80.0","180.0","3.184","Shallow","3"
"100.0","180.0","3.739","Shallow","3"
"120.0","180.0","3.67","Shallow","3"
"140.0","180.0","2.727","Shallow","3"
"160.0","180.0","0.997","Shallow","3"
"180.0","180.0","-1.011","Shallow","3"
"200.0","180.0","-2.524","Shallow","3"
"220.0","180.0","-2.875","Shallow","3"
"240.0","180.0","-1.905","Shallow","3"
"260.0","180.0","-0.115","Shallow","3"
"280.0","180.0","1.553","Shallow","3"
"300.0","180.0","2.235","Shallow","3"
"20.0","200.0","3.654","Shallow","3"
"40.0","200.0","3.739","Shallow","3"
"60.0","200.0","3.806","Shallow","3"
"80.0","200.0","3.67","Shallow","3"
"100.0","200.0","3.122","Shallow","3"
"120.0","200.0","2.032","Shallow","3"
"140.0","200.0","0.469","Shallow","3"
"160.0","200.0","-1.229","Shallow","3"
"180.0","200.0","-2.524","Shallow","3"
"200.0","200.0","-2.901","Shallow","3"
"220.0","200.0","-2.156","Shallow","3"
"240.0","200.0","-0.577","Shallow","3"
"260.0","200.0","1.125","Shallow","3"
"280.0","200.0","2.144","Shallow","3"
"300.0","200.0","2.009","Shallow","3"
"20.0","220.0","3.122","Shallow","3"
"40.0","220.0","2.933","Shallow","3"
"60.0","220.0","2.507","Shallow","3"
"80.0","220.0","1.781","Shallow","3"
"100.0","220.0","0.733","Shallow","3"
"120.0","220.0","-0.546","Shallow","3"
"140.0","220.0","-1.813","Shallow","3"
"160.0","220.0","-2.707","Shallow","3"
"180.0","220.0","-2.875","Shallow","3"
"200.0","220.0","-2.156","Shallow","3"
"220.0","220.0","-0.732","Shallow","3"
"240.0","220.0","0.878","Shallow","3"
"260.0","220.0","2.007","Shallow","3"
"280.0","220.0","2.167","Shallow","3"
"300.0","220.0","1.312","Shallow","3"
"20.0","240.0","0.469","Shallow","3"
"40.0","240.0","0.208","Shallow","3"
"60.0","240.0","-0.301","Shallow","3"
"80.0","240.0","-1.011","Shallow","3"
"100.0","240.0","-1.813","Shallow","3"
"120.0","240.0","-2.524","Shallow","3"
"140.0","240.0","-2.901","Shallow","3"
"160.0","240.0","-2.725","Shallow","3"
"180.0","240.0","-1.905","Shallow","3"
"200.0","240.0","-0.577","Shallow","3"
"220.0","240.0","0.878","Shallow","3"
"240.0","240.0","1.948","Shallow","3"
"260.0","240.0","2.212","Shallow","3"
"280.0","240.0","1.558","Shallow","3"
"300.0","240.0","0.284","Shallow","3"
"20.0","260.0","-2.139","Shallow","3"
"40.0","260.0","-2.282","Shallow","3"
"60.0","260.0","-2.524","Shallow","3"
"80.0","260.0","-2.777","Shallow","3"
"100.0","260.0","-2.915","Shallow","3"
"120.0","260.0","-2.786","Shallow","3"
"140.0","260.0","-2.272","Shallow","3"
"160.0","260.0","-1.341","Shallow","3"
"180.0","260.0","-0.115","Shallow","3"
"200.0","260.0","1.125","Shallow","3"
"220.0","260.0","2.007","Shallow","3"
"240.0","260.0","2.212","Shallow","3"
"260.0","260.0","1.633","Shallow","3"
"280.0","260.0","0.477","Shallow","3"
"300.0","260.0","-0.787","Shallow","3"
"20.0","280.0","-2.875","Shallow","3"
"40.0","280.0","-2.837","Shallow","3"
"60.0","280.0","-2.725","Shallow","3"
"80.0","280.0","-2.48","Shallow","3"
"100.0","280.0","-2.033","Shallow","3"
"120.0","280.0","-1.341","Shallow","3"
"140.0","280.0","-0.422","Shallow","3"
"160.0","280.0","0.612","Shallow","3"
"180.0","280.0","1.553","Shallow","3"
"200.0","280.0","2.144","Shallow","3"
"220.0","280.0","2.167","Shallow","3"
"240.0","280.0","1.558","Shallow","3"
"260.0","280.0","0.477","Shallow","3"
"280.0","280.0","-0.708","Shallow","3"
"300.0","280.0","-1.546","Shallow","3"
"20.0","300.0","-1.488","Shallow","3"
"40.0","300.0","-1.341","Shallow","3"
"60.0","300.0","-1.04","Shallow","3"
"80.0","300.0","-0.577","Shallow","3"
"100.0","300.0","0.035","Shallow","3"
"120.0","300.0","0.747","Shallow","3"
"140.0","300.0","1.455","Shallow","3"
"160.0","300.0","2.007","Shallow","3"
"180.0","300.0","2.235","Shallow","3"
"200.0","300.0","2.009","Shallow","3"
"220.0","300.0","1.312","Shallow","3"
"240.0","300.0","0.284","Shallow","3"
"260.0","300.0","-0.787","Shallow","3"
"280.0","300.0","-1.546","Shallow","3"
"300.0","300.0","-1.715","Shallow","3"
"20.0","20.0","-4.817","Shallow","4"
"40.0","20.0","-0.893","Shallow","4"
"60.0","20.0","3.8","Shallow","4"
"80.0","20.0","5.584","Shallow","4"
"100.0","20.0","3.231","Shallow","4"
"120.0","20.0","-1.232","Shallow","4"
"140.0","20.0","-4.355","Shallow","4"
"160.0","20.0","-4.022","Shallow","4"
"180.0","20.0","-0.88","Shallow","4"
"200.0","20.0","2.472","Shallow","4"
"220.0","20.0","3.628","Shallow","4"
"240.0","20.0","2.071","Shallow","4"
"260.0","20.0","-0.72","Shallow","4"
"280.0","20.0","-2.609","Shallow","4"
"300.0","20.0","-2.398","Shallow","4"
"20.0","40.0","-0.893","Shallow","4"
"40.0","40.0","1.912","Shallow","4"
"60.0","40.0","4.944","Shallow","4"
"80.0","40.0","5.316","Shallow","4"
"100.0","40.0","2.326","Shallow","4"
"120.0","40.0","-1.981","Shallow","4"
"140.0","40.0","-4.544","Shallow","4"
"160.0","40.0","-3.723","Shallow","4"
"180.0","40.0","-0.443","Shallow","4"
"200.0","40.0","2.724","Shallow","4"
"220.0","40.0","3.586","Shallow","4"
"240.0","40.0","1.847","Shallow","4"
"260.0","40.0","-0.929","Shallow","4"
"280.0","40.0","-2.67","Shallow","4"
"300.0","40.0","-2.309","Shallow","4"
"20.0","60.0","3.8","Shallow","4"
"40.0","60.0","4.944","Shallow","4"
"60.0","60.0","5.584","Shallow","4"
"80.0","60.0","4.069","Shallow","4"
"100.0","60.0","0.475","Shallow","4"
"120.0","60.0","-3.218","Shallow","4"
"140.0","60.0","-4.66","Shallow","4"
"160.0","60.0","-3.011","Shallow","4"
"180.0","60.0","0.404","Shallow","4"
"200.0","60.0","3.136","Shallow","4"
"220.0","60.0","3.429","Shallow","4"
"240.0","60.0","1.381","Shallow","4"
"260.0","60.0","-1.321","Shallow","4"
"280.0","60.0","-2.753","Shallow","4"
"300.0","60.0","-2.108","Shallow","4"
"20.0","80.0","5.584","Shallow","4"
"40.0","80.0","5.316","Shallow","4"
"60.0","80.0","4.069","Shallow","4"
"80.0","80.0","1.395","Shallow","4"
"100.0","80.0","-1.981","Shallow","4"
"120.0","80.0","-4.355","Shallow","4"
"140.0","80.0","-4.272","Shallow","4"
"160.0","80.0","-1.761","Shallow","4"
"180.0","80.0","1.547","Shallow","4"
"200.0","80.0","3.524","Shallow","4"
"220.0","80.0","3.036","Shallow","4"
"240.0","80.0","0.661","Shallow","4"
"260.0","80.0","-1.832","Shallow","4"
"280.0","80.0","-2.786","Shallow","4"
"300.0","80.0","-1.762","Shallow","4"
"20.0","100.0","3.231","Shallow","4"
"40.0","100.0","2.326","Shallow","4"
"60.0","100.0","0.475","Shallow","4"
"80.0","100.0","-1.981","Shallow","4"
"100.0","100.0","-4.073","Shallow","4"
"120.0","100.0","-4.599","Shallow","4"
"140.0","100.0","-3.011","Shallow","4"
"160.0","100.0","-0.013","Shallow","4"
"180.0","100.0","2.724","Shallow","4"
"200.0","100.0","3.628","Shallow","4"
"220.0","100.0","2.287","Shallow","4"
"240.0","100.0","-0.28","Shallow","4"
"260.0","100.0","-2.351","Shallow","4"
"280.0","100.0","-2.671","Shallow","4"
"300.0","100.0","-1.238","Shallow","4"
"20.0","120.0","-1.232","Shallow","4"
"40.0","120.0","-1.981","Shallow","4"
"60.0","120.0","-3.218","Shallow","4"
"80.0","120.0","-4.355","Shallow","4"
"100.0","120.0","-4.599","Shallow","4"
"120.0","120.0","-3.384","Shallow","4"
"140.0","120.0","-0.88","Shallow","4"
"160.0","120.0","1.882","Shallow","4"
"180.0","120.0","3.524","Shallow","4"
"200.0","120.0","3.186","Shallow","4"
"220.0","120.0","1.142","Shallow","4"
"240.0","120.0","-1.321","Shallow","4"
"260.0","120.0","-2.718","Shallow","4"
"280.0","120.0","-2.309","Shallow","4"
"300.0","120.0","-0.534","Shallow","4"
"20.0","140.0","-4.355","Shallow","4"
"40.0","140.0","-4.544","Shallow","4"
"60.0","140.0","-4.66","Shallow","4"
"80.0","140.0","-4.272","Shallow","4"
"100.0","140.0","-3.011","Shallow","4"
"120.0","140.0","-0.88","Shallow","4"
"140.0","140.0","1.547","Shallow","4"
"160.0","140.0","3.296","Shallow","4"
"180.0","140.0","3.519","Shallow","4"
"200.0","140.0","2.071","Shallow","4"
"220.0","140.0","-0.28","Shallow","4"
"240.0","140.0","-2.24","Shallow","4"
"260.0","140.0","-2.75","Shallow","4"
"280.0","140.0","-1.637","Shallow","4"
"300.0","140.0","0.302","Shallow","4"
"20.0","160.0","-4.022","Shallow","4"
"40.0","160.0","-3.723","Shallow","4"
"60.0","160.0","-3.011","Shallow","4"
"80.0","160.0","-1.761","Shallow","4"
"100.0","160.0","-0.013","Shallow","4"
"120.0","160.0","1.882","Shallow","4"
"140.0","160.0","3.296","Shallow","4"
"160.0","160.0","3.586","Shallow","4"
"180.0","160.0","2.493","Shallow","4"
"200.0","160.0","0.421","Shallow","4"
"220.0","160.0","-1.673","Shallow","4"
"240.0","160.0","-2.753","Shallow","4"
"260.0","160.0","-2.309","Shallow","4"
"280.0","160.0","-0.676","Shallow","4"
"300.0","160.0","1.149","Shallow","4"
"20.0","180.0","-0.88","Shallow","4"
"40.0","180.0","-0.443","Shallow","4"
"60.0","180.0","0.404","Shallow","4"
"80.0","180.0","1.547","Shallow","4"
"100.0","180.0","2.724","Shallow","4"
"120.0","180.0","3.524","Shallow","4"
"140.0","180.0","3.519","Shallow","4"
"160.0","180.0","2.493","Shallow","4"
"180.0","180.0","0.661","Shallow","4"
"200.0","180.0","-1.321","Shallow","4"
"220.0","180.0","-2.609","Shallow","4"
"240.0","180.0","-2.617","Shallow","4"
"260.0","180.0","-1.374","Shallow","4"
"280.0","180.0","0.434","Shallow","4"
"300.0","180.0","1.826","Shallow","4"
"20.0","200.0","2.472","Shallow","4"
"40.0","200.0","2.724","Shallow","4"
"60.0","200.0","3.136","Shallow","4"
"80.0","200.0","3.524","Shallow","4"
"100.0","200.0","3.628","Shallow","4"
"120.0","200.0","3.186","Shallow","4"
"140.0","200.0","2.071","Shallow","4"
"160.0","200.0","0.421","Shallow","4"
"180.0","200.0","-1.321","Shallow","4"
"200.0","200.0","-2.536","Shallow","4"
"220.0","200.0","-2.716","Shallow","4"
"240.0","200.0","-1.762","Shallow","4"
"260.0","200.0","-0.109","Shallow","4"
"280.0","200.0","1.444","Shallow","4"
"300.0","200.0","2.136","Shallow","4"
"20.0","220.0","3.628","Shallow","4"
"40.0","220.0","3.586","Shallow","4"
"60.0","220.0","3.429","Shallow","4"
"80.0","220.0","3.036","Shallow","4"
"100.0","220.0","2.287","Shallow","4"
"120.0","220.0","1.142","Shallow","4"
"140.0","220.0","-0.28","Shallow","4"
"160.0","220.0","-1.673","Shallow","4"
"180.0","220.0","-2.609","Shallow","4"
"200.0","220.0","-2.716","Shallow","4"
"220.0","220.0","-1.883","Shallow","4"
"240.0","220.0","-0.391","Shallow","4"
"260.0","220.0","1.149","Shallow","4"
"280.0","220.0","2.059","Shallow","4"
"300.0","220.0","1.938","Shallow","4"
"20.0","240.0","2.071","Shallow","4"
"40.0","240.0","1.847","Shallow","4"
"60.0","240.0","1.381","Shallow","4"
"80.0","240.0","0.661","Shallow","4"
"100.0","240.0","-0.28","Shallow","4"
"120.0","240.0","-1.321","Shallow","4"
"140.0","240.0","-2.24","Shallow","4"
"160.0","240.0","-2.753","Shallow","4"
"180.0","240.0","-2.617","Shallow","4"
"200.0","240.0","-1.762","Shallow","4"
"220.0","240.0","-0.391","Shallow","4"
"240.0","240.0","1.04","Shallow","4"
"260.0","240.0","1.984","Shallow","4"
"280.0","240.0","2.051","Shallow","4"
"300.0","240.0","1.227","Shallow","4"
"20.0","260.0","-0.72","Shallow","4"
"40.0","260.0","-0.929","Shallow","4"
"60.0","260.0","-1.321","Shallow","4"
"80.0","260.0","-1.832","Shallow","4"
"100.0","260.0","-2.351","Shallow","4"
"120.0","260.0","-2.718","Shallow","4"
"140.0","260.0","-2.75","Shallow","4"
"160.0","260.0","-2.309","Shallow","4"
"180.0","260.0","-1.374","Shallow","4"
"200.0","260.0","-0.109","Shallow","4"
"220.0","260.0","1.149","Shallow","4"
"240.0","260.0","1.984","Shallow","4"
"260.0","260.0","2.079","Shallow","4"
"280.0","260.0","1.383","Shallow","4"
"300.0","260.0","0.18","Shallow","4"
"20.0","280.0","-2.609","Shallow","4"
"40.0","280.0","-2.67","Shallow","4"
"60.0","280.0","-2.753","Shallow","4"
"80.0","280.0","-2.786","Shallow","4"
"100.0","280.0","-2.671","Shallow","4"
"120.0","280.0","-2.309","Shallow","4"
"140.0","280.0","-1.637","Shallow","4"
"160.0","280.0","-0.676","Shallow","4"
"180.0","280.0","0.434","Shallow","4"
"200.0","280.0","1.444","Shallow","4"
"220.0","280.0","2.059","Shallow","4"
"240.0","280.0","2.051","Shallow","4"
"260.0","280.0","1.383","Shallow","4"
"280.0","280.0","0.269","Shallow","4"
"300.0","280.0","-0.872","Shallow","4"
"20.0","300.0","-2.398","Shallow","4"
"40.0","300.0","-2.309","Shallow","4"
"60.0","300.0","-2.108","Shallow","4"
"80.0","300.0","-1.762","Shallow","4"
"100.0","300.0","-1.238","Shallow","4"
"120.0","300.0","-0.534","Shallow","4"
"140.0","300.0","0.302","Shallow","4"
"160.0","300.0","1.149","Shallow","4"
"180.0","300.0","1.826","Shallow","4"
"200.0","300.0","2.136","Shallow","4"
"220.0","300.0","1.938","Shallow","4"
"240.0","300.0","1.227","Shallow","4"
"260.0","300.0","0.18","Shallow","4"
"280.0","300.0","-0.872","Shallow","4"
"300.0","300.0","-1.554","Shallow","4"
"20.0","20.0","-5.945","Shallow","5"
"40.0","20.0","-3.696","Shallow","5"
"60.0","20.0","1.114","Shallow","5"
"80.0","20.0","4.925","Shallow","5"
"100.0","20.0","4.931","Shallow","5"
"120.0","20.0","1.399","Shallow","5"
"140.0","20.0","-2.769","Shallow","5"
"160.0","20.0","-4.489","Shallow","5"
"180.0","20.0","-2.815","Shallow","5"
"200.0","20.0","0.628","Shallow","5"
"220.0","20.0","3.161","Shallow","5"
"240.0","20.0","3.119","Shallow","5"
"260.0","20.0","0.891","Shallow","5"
"280.0","20.0","-1.645","Shallow","5"
"300.0","20.0","-2.666","Shallow","5"
"20.0","40.0","-3.696","Shallow","5"
"40.0","40.0","-1.105","Shallow","5"
"60.0","40.0","2.851","Shallow","5"
"80.0","40.0","5.358","Shallow","5"
"100.0","40.0","4.393","Shallow","5"
"120.0","40.0","0.597","Shallow","5"
"140.0","40.0","-3.243","Shallow","5"
"160.0","40.0","-4.45","Shallow","5"
"180.0","40.0","-2.454","Shallow","5"
"200.0","40.0","0.979","Shallow","5"
"220.0","40.0","3.277","Shallow","5"
"240.0","40.0","2.992","Shallow","5"
"260.0","40.0","0.672","Shallow","5"
"280.0","40.0","-1.788","Shallow","5"
"300.0","40.0","-2.658","Shallow","5"
"20.0","60.0","1.114","Shallow","5"
"40.0","60.0","2.851","Shallow","5"
"60.0","60.0","4.925","Shallow","5"
"80.0","60.0","5.305","Shallow","5"
"100.0","60.0","2.994","Shallow","5"
"120.0","60.0","-0.917","Shallow","5"
"140.0","60.0","-3.96","Shallow","5"
"160.0","60.0","-4.198","Shallow","5"
"180.0","60.0","-1.689","Shallow","5"
"200.0","60.0","1.626","Shallow","5"
"220.0","60.0","3.432","Shallow","5"
"240.0","60.0","2.693","Shallow","5"
"260.0","60.0","0.235","Shallow","5"
"280.0","60.0","-2.043","Shallow","5"
"300.0","60.0","-2.612","Shallow","5"
"20.0","80.0","4.925","Shallow","5"
"40.0","80.0","5.358","Shallow","5"
"60.0","80.0","5.305","Shallow","5"
"80.0","80.0","3.734","Shallow","5"
"100.0","80.0","0.597","Shallow","5"
"120.0","80.0","-2.769","Shallow","5"
"140.0","80.0","-4.463","Shallow","5"
"160.0","80.0","-3.469","Shallow","5"
"180.0","80.0","-0.505","Shallow","5"
"200.0","80.0","2.434","Shallow","5"
"220.0","80.0","3.478","Shallow","5"
"240.0","80.0","2.155","Shallow","5"
"260.0","80.0","-0.396","Shallow","5"
"280.0","80.0","-2.346","Shallow","5"
"300.0","80.0","-2.475","Shallow","5"
"20.0","100.0","4.931","Shallow","5"
"40.0","100.0","4.393","Shallow","5"
"60.0","100.0","2.994","Shallow","5"
"80.0","100.0","0.597","Shallow","5"
"100.0","100.0","-2.219","Shallow","5"
"120.0","100.0","-4.203","Shallow","5"
"140.0","100.0","-4.198","Shallow","5"
"160.0","100.0","-2.077","Shallow","5"
"180.0","100.0","0.979","Shallow","5"
"200.0","100.0","3.161","Shallow","5"
"220.0","100.0","3.229","Shallow","5"
"240.0","100.0","1.328","Shallow","5"
"260.0","100.0","-1.158","Shallow","5"
"280.0","100.0","-2.594","Shallow","5"
"300.0","100.0","-2.18","Shallow","5"
"20.0","120.0","1.399","Shallow","5"
"40.0","120.0","0.597","Shallow","5"
"60.0","120.0","-0.917","Shallow","5"
"80.0","120.0","-2.769","Shallow","5"
"100.0","120.0","-4.203","Shallow","5"
"120.0","120.0","-4.351","Shallow","5"
"140.0","120.0","-2.815","Shallow","5"
"160.0","120.0","-0.117","Shallow","5"
"180.0","120.0","2.434","Shallow","5"
"200.0","120.0","3.487","Shallow","5"
"220.0","120.0","2.525","Shallow","5"
"240.0","120.0","0.235","Shallow","5"
"260.0","120.0","-1.921","Shallow","5"
"280.0","120.0","-2.658","Shallow","5"
"300.0","120.0","-1.671","Shallow","5"
"20.0","140.0","-2.769","Shallow","5"
"40.0","140.0","-3.243","Shallow","5"
"60.0","140.0","-3.96","Shallow","5"
"80.0","140.0","-4.463","Shallow","5"
"100.0","140.0","-4.198","Shallow","5"
"120.0","140.0","-2.815","Shallow","5"
"140.0","140.0","-0.505","Shallow","5"
"160.0","140.0","1.919","Shallow","5"
"180.0","140.0","3.368","Shallow","5"
"200.0","140.0","3.119","Shallow","5"
"220.0","140.0","1.328","Shallow","5"
"240.0","140.0","-0.979","Shallow","5"
"260.0","140.0","-2.492","Shallow","5"
"280.0","140.0","-2.413","Shallow","5"
"300.0","140.0","-0.932","Shallow","5"
"20.0","160.0","-4.489","Shallow","5"
"40.0","160.0","-4.45","Shallow","5"
"60.0","160.0","-4.198","Shallow","5"
"80.0","160.0","-3.469","Shallow","5"
"100.0","160.0","-2.077","Shallow","5"
"120.0","160.0","-0.117","Shallow","5"
"140.0","160.0","1.919","Shallow","5"
"160.0","160.0","3.277","Shallow","5"
"180.0","160.0","3.321","Shallow","5"
"200.0","160.0","1.958","Shallow","5"
"220.0","160.0","-0.19","Shallow","5"
"240.0","160.0","-2.043","Shallow","5"
"260.0","160.0","-2.658","Shallow","5"
"280.0","160.0","-1.783","Shallow","5"
"300.0","160.0","-0.018","Shallow","5"
"20.0","180.0","-2.815","Shallow","5"
"40.0","180.0","-2.454","Shallow","5"
"60.0","180.0","-1.689","Shallow","5"
"80.0","180.0","-0.505","Shallow","5"
"100.0","180.0","0.979","Shallow","5"
"120.0","180.0","2.434","Shallow","5"
"140.0","180.0","3.368","Shallow","5"
"160.0","180.0","3.321","Shallow","5"
"180.0","180.0","2.155","Shallow","5"
"200.0","180.0","0.235","Shallow","5"
"220.0","180.0","-1.645","Shallow","5"
"240.0","180.0","-2.628","Shallow","5"
"260.0","180.0","-2.265","Shallow","5"
"280.0","180.0","-0.801","Shallow","5"
"300.0","180.0","0.928","Shallow","5"
"20.0","200.0","0.628","Shallow","5"
"40.0","200.0","0.979","Shallow","5"
"60.0","200.0","1.626","Shallow","5"
"80.0","200.0","2.434","Shallow","5"
"100.0","200.0","3.161","Shallow","5"
"120.0","200.0","3.487","Shallow","5"
"140.0","200.0","3.119","Shallow","5"
"160.0","200.0","1.958","Shallow","5"
"180.0","200.0","0.235","Shallow","5"
"200.0","200.0","-1.492","Shallow","5"
"220.0","200.0","-2.548","Shallow","5"
"240.0","200.0","-2.475","Shallow","5"
"260.0","200.0","-1.313","Shallow","5"
"280.0","200.0","0.358","Shallow","5"
"300.0","200.0","1.69","Shallow","5"
"20.0","220.0","3.161","Shallow","5"
"40.0","220.0","3.277","Shallow","5"
"60.0","220.0","3.432","Shallow","5"
"80.0","220.0","3.478","Shallow","5"
"100.0","220.0","3.229","Shallow","5"
"120.0","220.0","2.525","Shallow","5"
"140.0","220.0","1.328","Shallow","5"
"160.0","220.0","-0.19","Shallow","5"
"180.0","220.0","-1.645","Shallow","5"
"200.0","220.0","-2.548","Shallow","5"
"220.0","220.0","-2.53","Shallow","5"
"240.0","220.0","-1.555","Shallow","5"
"260.0","220.0","-0.018","Shallow","5"
"280.0","220.0","1.399","Shallow","5"
"300.0","220.0","2.044","Shallow","5"
"20.0","240.0","3.119","Shallow","5"
"40.0","240.0","2.992","Shallow","5"
"60.0","240.0","2.693","Shallow","5"
"80.0","240.0","2.155","Shallow","5"
"100.0","240.0","1.328","Shallow","5"
"120.0","240.0","0.235","Shallow","5"
"140.0","240.0","-0.979","Shallow","5"
"160.0","240.0","-2.043","Shallow","5"
"180.0","240.0","-2.628","Shallow","5"
"200.0","240.0","-2.475","Shallow","5"
"220.0","240.0","-1.555","Shallow","5"
"240.0","240.0","-0.147","Shallow","5"
"260.0","240.0","1.224","Shallow","5"
"280.0","240.0","1.995","Shallow","5"
"300.0","240.0","1.841","Shallow","5"
"20.0","260.0","0.891","Shallow","5"
"40.0","260.0","0.672","Shallow","5"
"60.0","260.0","0.235","Shallow","5"
"80.0","260.0","-0.396","Shallow","5"
"100.0","260.0","-1.158","Shallow","5"
"120.0","260.0","-1.921","Shallow","5"
"140.0","260.0","-2.492","Shallow","5"
"160.0","260.0","-2.658","Shallow","5"
"180.0","260.0","-2.265","Shallow","5"
"200.0","260.0","-1.313","Shallow","5"
"220.0","260.0","-0.018","Shallow","5"
"240.0","260.0","1.224","Shallow","5"
"260.0","260.0","1.968","Shallow","5"
"280.0","260.0","1.919","Shallow","5"
"300.0","260.0","1.098","Shallow","5"
"20.0","280.0","-1.645","Shallow","5"
"40.0","280.0","-1.788","Shallow","5"
"60.0","280.0","-2.043","Shallow","5"
"80.0","280.0","-2.346","Shallow","5"
"100.0","280.0","-2.594","Shallow","5"
"120.0","280.0","-2.658","Shallow","5"
"140.0","280.0","-2.413","Shallow","5"
"160.0","280.0","-1.783","Shallow","5"
"180.0","280.0","-0.801","Shallow","5"
"200.0","280.0","0.358","Shallow","5"
"220.0","280.0","1.399","Shallow","5"
"240.0","280.0","1.995","Shallow","5"
"260.0","280.0","1.919","Shallow","5"
"280.0","280.0","1.174","Shallow","5"
"300.0","280.0","0.035","Shallow","5"
"20.0","300.0","-2.666","Shallow","5"
"40.0","300.0","-2.658","Shallow","5"
"60.0","300.0","-2.612","Shallow","5"
"80.0","300.0","-2.475","Shallow","5"
"100.0","300.0","-2.18","Shallow","5"
"120.0","300.0","-1.671","Shallow","5"
"140.0","300.0","-0.932","Shallow","5"
"160.0","300.0","-0.018","Shallow","5"
"180.0","300.0","0.928","Shallow","5"
"200.0","300.0","1.69","Shallow","5"
"220.0","300.0","2.044","Shallow","5"
"240.0","300.0","1.841","Shallow","5"
"260.0","300.0","1.098","Shallow","5"
"280.0","300.0","0.035","Shallow","5"
"300.0","300.0","-0.977","Shallow","5"
"20.0","20.0","-5.481","Shallow","6"
"40.0","20.0","-5.508","Shallow","6"
"60.0","20.0","-1.87","Shallow","6"
"80.0","20.0","2.946","Shallow","6"
"100.0","20.0","5.309","Shallow","6"
"120.0","20.0","3.655","Shallow","6"
"140.0","20.0","-0.441","Shallow","6"
"160.0","20.0","-3.753","Shallow","6"
"180.0","20.0","-3.996","Shallow","6"
"200.0","20.0","-1.385","Shallow","6"
"220.0","20.0","1.847","Shallow","6"
"240.0","20.0","3.33","Shallow","6"
"260.0","20.0","2.265","Shallow","6"
"280.0","20.0","-0.239","Shallow","6"
"300.0","20.0","-2.219","Shallow","6"
"20.0","40.0","-5.508","Shallow","6"
"40.0","40.0","-3.827","Shallow","6"
"60.0","40.0","-0.006","Shallow","6"
"80.0","40.0","3.964","Shallow","6"
"100.0","40.0","5.282","Shallow","6"
"120.0","40.0","3.015","Shallow","6"
"140.0","40.0","-1.074","Shallow","6"
"160.0","40.0","-3.984","Shallow","6"
"180.0","40.0","-3.807","Shallow","6"
"200.0","40.0","-1.028","Shallow","6"
"220.0","40.0","2.091","Shallow","6"
"240.0","40.0","3.335","Shallow","6"
"260.0","40.0","2.093","Shallow","6"
"280.0","40.0","-0.427","Shallow","6"
"300.0","40.0","-2.295","Shallow","6"
"20.0","60.0","-1.87","Shallow","6"
"40.0","60.0","-0.006","Shallow","6"
"60.0","60.0","2.946","Shallow","6"
"80.0","60.0","5.12","Shallow","6"
"100.0","60.0","4.71","Shallow","6"
"120.0","60.0","1.63","Shallow","6"
"140.0","60.0","-2.2","Shallow","6"
"160.0","60.0","-4.261","Shallow","6"
"180.0","60.0","-3.329","Shallow","6"
"200.0","60.0","-0.319","Shallow","6"
"220.0","60.0","2.516","Shallow","6"
"240.0","60.0","3.284","Shallow","6"
"260.0","60.0","1.729","Shallow","6"
"280.0","60.0","-0.786","Shallow","6"
"300.0","60.0","-2.416","Shallow","6"
"20.0","80.0","2.946","Shallow","6"
"40.0","80.0","3.964","Shallow","6"
"60.0","80.0","5.12","Shallow","6"
"80.0","80.0","5.072","Shallow","6"
"100.0","80.0","3.015","Shallow","6"
"120.0","80.0","-0.441","Shallow","6"
"140.0","80.0","-3.458","Shallow","6"
"160.0","80.0","-4.249","Shallow","6"
"180.0","80.0","-2.421","Shallow","6"
"200.0","80.0","0.692","Shallow","6"
"220.0","80.0","2.988","Shallow","6"
"240.0","80.0","3.072","Shallow","6"
"260.0","80.0","1.146","Shallow","6"
"280.0","80.0","-1.277","Shallow","6"
"300.0","80.0","-2.525","Shallow","6"
"20.0","100.0","5.309","Shallow","6"
"40.0","100.0","5.282","Shallow","6"
"60.0","100.0","4.71","Shallow","6"
"80.0","100.0","3.015","Shallow","6"
"100.0","100.0","0.229","Shallow","6"
"120.0","100.0","-2.681","Shallow","6"
"140.0","100.0","-4.261","Shallow","6"
"160.0","100.0","-3.584","Shallow","6"
"180.0","100.0","-1.028","Shallow","6"
"200.0","100.0","1.847","Shallow","6"
"220.0","100.0","3.305","Shallow","6"
"240.0","100.0","2.581","Shallow","6"
"260.0","100.0","0.345","Shallow","6"
"280.0","100.0","-1.821","Shallow","6"
"300.0","100.0","-2.538","Shallow","6"
"20.0","120.0","3.655","Shallow","6"
"40.0","120.0","3.015","Shallow","6"
"60.0","120.0","1.63","Shallow","6"
"80.0","120.0","-0.441","Shallow","6"
"100.0","120.0","-2.681","Shallow","6"
"120.0","120.0","-4.152","Shallow","6"
"140.0","120.0","-3.996","Shallow","6"
"160.0","120.0","-2.085","Shallow","6"
"180.0","120.0","0.692","Shallow","6"
"200.0","120.0","2.853","Shallow","6"
"220.0","120.0","3.23","Shallow","6"
"240.0","120.0","1.729","Shallow","6"
"260.0","120.0","-0.609","Shallow","6"
"280.0","120.0","-2.295","Shallow","6"
"300.0","120.0","-2.361","Shallow","6"
"20.0","140.0","-0.441","Shallow","6"
"40.0","140.0","-1.074","Shallow","6"
"60.0","140.0","-2.2","Shallow","6"
"80.0","140.0","-3.458","Shallow","6"
"100.0","140.0","-4.261","Shallow","6"
"120.0","140.0","-3.996","Shallow","6"
"140.0","140.0","-2.421","Shallow","6"
"160.0","140.0","0.027","Shallow","6"
"180.0","140.0","2.314","Shallow","6"
"200.0","140.0","3.33","Shallow","6"
"220.0","140.0","2.581","Shallow","6"
"240.0","140.0","0.545","Shallow","6"
"260.0","140.0","-1.566","Shallow","6"
"280.0","140.0","-2.542","Shallow","6"
"300.0","140.0","-1.916","Shallow","6"
"20.0","160.0","-3.753","Shallow","6"
"40.0","160.0","-3.984","Shallow","6"
"60.0","160.0","-4.261","Shallow","6"
"80.0","160.0","-4.249","Shallow","6"
"100.0","160.0","-3.584","Shallow","6"
"120.0","160.0","-2.085","Shallow","6"
"140.0","160.0","0.027","Shallow","6"
"160.0","160.0","2.091","Shallow","6"
"180.0","160.0","3.259","Shallow","6"
"200.0","160.0","2.97","Shallow","6"
"220.0","160.0","1.343","Shallow","6"
"240.0","160.0","-0.786","Shallow","6"
"260.0","160.0","-2.295","Shallow","6"
"280.0","160.0","-2.412","Shallow","6"
"300.0","160.0","-1.18","Shallow","6"
"20.0","180.0","-3.996","Shallow","6"
"40.0","180.0","-3.807","Shallow","6"
"60.0","180.0","-3.329","Shallow","6"
"80.0","180.0","-2.421","Shallow","6"
"100.0","180.0","-1.028","Shallow","6"
"120.0","180.0","0.692","Shallow","6"
"140.0","180.0","2.314","Shallow","6"
"160.0","180.0","3.259","Shallow","6"
"180.0","180.0","3.072","Shallow","6"
"200.0","180.0","1.729","Shallow","6"
"220.0","180.0","-0.239","Shallow","6"
"240.0","180.0","-1.935","Shallow","6"
"260.0","180.0","-2.548","Shallow","6"
"280.0","180.0","-1.822","Shallow","6"
"300.0","180.0","-0.219","Shallow","6"
"20.0","200.0","-1.385","Shallow","6"
"40.0","200.0","-1.028","Shallow","6"
"60.0","200.0","-0.319","Shallow","6"
"80.0","200.0","0.692","Shallow","6"
"100.0","200.0","1.847","Shallow","6"
"120.0","200.0","2.853","Shallow","6"
"140.0","200.0","3.33","Shallow","6"
"160.0","200.0","2.97","Shallow","6"
"180.0","200.0","1.729","Shallow","6"
"200.0","200.0","-0.048","Shallow","6"
"220.0","200.0","-1.698","Shallow","6"
"240.0","200.0","-2.525","Shallow","6"
"260.0","200.0","-2.166","Shallow","6"
"280.0","200.0","-0.825","Shallow","6"
"300.0","200.0","0.792","Shallow","6"
"20.0","220.0","1.847","Shallow","6"
"40.0","220.0","2.091","Shallow","6"
"60.0","220.0","2.516","Shallow","6"
"80.0","220.0","2.988","Shallow","6"
"100.0","220.0","3.305","Shallow","6"
"120.0","220.0","3.23","Shallow","6"
"140.0","220.0","2.581","Shallow","6"
"160.0","220.0","1.343","Shallow","6"
"180.0","220.0","-0.239","Shallow","6"
"200.0","220.0","-1.698","Shallow","6"
"220.0","220.0","-2.498","Shallow","6"
"240.0","220.0","-2.303","Shallow","6"
"260.0","220.0","-1.18","Shallow","6"
"280.0","220.0","0.365","Shallow","6"
"300.0","220.0","1.603","Shallow","6"
"20.0","240.0","3.33","Shallow","6"
"40.0","240.0","3.335","Shallow","6"
"60.0","240.0","3.284","Shallow","6"
"80.0","240.0","3.072","Shallow","6"
"100.0","240.0","2.581","Shallow","6"
"120.0","240.0","1.729","Shallow","6"
"140.0","240.0","0.545","Shallow","6"
"160.0","240.0","-0.786","Shallow","6"
"180.0","240.0","-1.935","Shallow","6"
"200.0","240.0","-2.525","Shallow","6"
"220.0","240.0","-2.303","Shallow","6"
"240.0","240.0","-1.294","Shallow","6"
"260.0","240.0","0.136","Shallow","6"
"280.0","240.0","1.404","Shallow","6"
"300.0","240.0","1.962","Shallow","6"
"20.0","260.0","2.265","Shallow","6"
"40.0","260.0","2.093","Shallow","6"
"60.0","260.0","1.729","Shallow","6"
"80.0","260.0","1.146","Shallow","6"
"100.0","260.0","0.345","Shallow","6"
"120.0","260.0","-0.609","Shallow","6"
"140.0","260.0","-1.566","Shallow","6"
"160.0","260.0","-2.295","Shallow","6"
"180.0","260.0","-2.548","Shallow","6"
"200.0","260.0","-2.166","Shallow","6"
"220.0","260.0","-1.18","Shallow","6"
"240.0","260.0","0.136","Shallow","6"
"260.0","260.0","1.329","Shallow","6"
"280.0","260.0","1.94","Shallow","6"
"300.0","260.0","1.722","Shallow","6"
"20.0","280.0","-0.239","Shallow","6"
"40.0","280.0","-0.427","Shallow","6"
"60.0","280.0","-0.786","Shallow","6"
"80.0","280.0","-1.277","Shallow","6"
"100.0","280.0","-1.821","Shallow","6"
"120.0","280.0","-2.295","Shallow","6"
"140.0","280.0","-2.542","Shallow","6"
"160.0","280.0","-2.412","Shallow","6"
"180.0","280.0","-1.822","Shallow","6"
"200.0","280.0","-0.825","Shallow","6"
"220.0","280.0","0.365","Shallow","6"
"240.0","280.0","1.404","Shallow","6"
"260.0","280.0","1.94","Shallow","6"
"280.0","280.0","1.764","Shallow","6"
"300.0","280.0","0.933","Shallow","6"
"20.0","300.0","-2.219","Shallow","6"
"40.0","300.0","-2.295","Shallow","6"
"60.0","300.0","-2.416","Shallow","6"
"80.0","300.0","-2.525","Shallow","6"
"100.0","300.0","-2.538","Shallow","6"
"120.0","300.0","-2.361","Shallow","6"
"140.0","300.0","-1.916","Shallow","6"
"160.0","300.0","-1.18","Shallow","6"
"180.0","300.0","-0.219","Shallow","6"
"200.0","300.0","0.792","Shallow","6"
"220.0","300.0","1.603","Shallow","6"
"240.0","300.0","1.962","Shallow","6"
"260.0","300.0","1.722","Shallow","6"
"280.0","300.0","0.933","Shallow","6"
"300.0","300.0","-0.138","Shallow","6"
"20.0","20.0","-3.547","Shallow","7"
"40.0","20.0","-5.845","Shallow","7"
"60.0","20.0","-4.353","Shallow","7"
"80.0","20.0","0.178","Shallow","7"
"100.0","20.0","4.265","Shallow","7"
"120.0","20.0","4.931","Shallow","7"
"140.0","20.0","2.005","Shallow","7"
"160.0","20.0","-2.011","Shallow","7"
"180.0","20.0","-4.105","Shallow","7"
"200.0","20.0","-3.026","Shallow","7"
"220.0","20.0","0.039","Shallow","7"
"240.0","20.0","2.65","Shallow","7"
"260.0","20.0","3.031","Shallow","7"
"280.0","20.0","1.23","Shallow","7"
"300.0","20.0","-1.178","Shallow","7"
"20.0","40.0","-5.845","Shallow","7"
"40.0","40.0","-5.523","Shallow","7"
"60.0","40.0","-2.862","Shallow","7"
"80.0","40.0","1.508","Shallow","7"
"100.0","40.0","4.757","Shallow","7"
"120.0","40.0","4.626","Shallow","7"
"140.0","40.0","1.383","Shallow","7"
"160.0","40.0","-2.451","Shallow","7"
"180.0","40.0","-4.141","Shallow","7"
"200.0","40.0","-2.76","Shallow","7"
"220.0","40.0","0.344","Shallow","7"
"240.0","40.0","2.784","Shallow","7"
"260.0","40.0","2.953","Shallow","7"
"280.0","40.0","1.049","Shallow","7"
"300.0","40.0","-1.317","Shallow","7"
"20.0","60.0","-4.353","Shallow","7"
"40.0","60.0","-2.862","Shallow","7"
"60.0","60.0","0.178","Shallow","7"
"80.0","60.0","3.562","Shallow","7"
"100.0","60.0","5.165","Shallow","7"
"120.0","60.0","3.74","Shallow","7"
"140.0","60.0","0.15","Shallow","7"
"160.0","60.0","-3.181","Shallow","7"
"180.0","60.0","-4.077","Shallow","7"
"200.0","60.0","-2.179","Shallow","7"
"220.0","60.0","0.925","Shallow","7"
"240.0","60.0","2.994","Shallow","7"
"260.0","60.0","2.759","Shallow","7"
"280.0","60.0","0.682","Shallow","7"
"300.0","60.0","-1.573","Shallow","7"
"20.0","80.0","0.178","Shallow","7"
"40.0","80.0","1.508","Shallow","7"
"60.0","80.0","3.562","Shallow","7"
"80.0","80.0","5.051","Shallow","7"
"100.0","80.0","4.626","Shallow","7"
"120.0","80.0","2.005","Shallow","7"
"140.0","80.0","-1.527","Shallow","7"
"160.0","80.0","-3.89","Shallow","7"
"180.0","80.0","-3.689","Shallow","7"
"200.0","80.0","-1.236","Shallow","7"
"220.0","80.0","1.698","Shallow","7"
"240.0","80.0","3.166","Shallow","7"
"260.0","80.0","2.381","Shallow","7"
"280.0","80.0","0.134","Shallow","7"
"300.0","80.0","-1.898","Shallow","7"
"20.0","100.0","4.265","Shallow","7"
"40.0","100.0","4.757","Shallow","7"
"60.0","100.0","5.165","Shallow","7"
"80.0","100.0","4.626","Shallow","7"
"100.0","100.0","2.616","Shallow","7"
"120.0","100.0","-0.44","Shallow","7"
"140.0","100.0","-3.181","Shallow","7"
"160.0","100.0","-4.13","Shallow","7"
"180.0","100.0","-2.76","Shallow","7"
"200.0","100.0","0.039","Shallow","7"
"220.0","100.0","2.496","Shallow","7"
"240.0","100.0","3.141","Shallow","7"
"260.0","100.0","1.756","Shallow","7"
"280.0","100.0","-0.56","Shallow","7"
"300.0","100.0","-2.216","Shallow","7"
"20.0","120.0","4.931","Shallow","7"
"40.0","120.0","4.626","Shallow","7"
"60.0","120.0","3.74","Shallow","7"
"80.0","120.0","2.005","Shallow","7"
"100.0","120.0","-0.44","Shallow","7"
"120.0","120.0","-2.841","Shallow","7"
"140.0","120.0","-4.105","Shallow","7"
"160.0","120.0","-3.494","Shallow","7"
"180.0","120.0","-1.236","Shallow","7"
"200.0","120.0","1.455","Shallow","7"
"220.0","120.0","3.071","Shallow","7"
"240.0","120.0","2.759","Shallow","7"
"260.0","120.0","0.866","Shallow","7"
"280.0","120.0","-1.317","Shallow","7"
"300.0","120.0","-2.418","Shallow","7"
"20.0","140.0","2.005","Shallow","7"
"40.0","140.0","1.383","Shallow","7"
"60.0","140.0","0.15","Shallow","7"
"80.0","140.0","-1.527","Shallow","7"
"100.0","140.0","-3.181","Shallow","7"
"120.0","140.0","-4.105","Shallow","7"
"140.0","140.0","-3.689","Shallow","7"
"160.0","140.0","-1.872","Shallow","7"
"180.0","140.0","0.64","Shallow","7"
"200.0","140.0","2.65","Shallow","7"
"220.0","140.0","3.141","Shallow","7"
"240.0","140.0","1.922","Shallow","7"
"260.0","140.0","-0.22","Shallow","7"
"280.0","140.0","-1.99","Shallow","7"
"300.0","140.0","-2.387","Shallow","7"
"20.0","160.0","-2.011","Shallow","7"
"40.0","160.0","-2.451","Shallow","7"
"60.0","160.0","-3.181","Shallow","7"
"80.0","160.0","-3.89","Shallow","7"
"100.0","160.0","-4.13","Shallow","7"
"120.0","160.0","-3.494","Shallow","7"
"140.0","160.0","-1.872","Shallow","7"
"160.0","160.0","0.344","Shallow","7"
"180.0","160.0","2.324","Shallow","7"
"200.0","160.0","3.186","Shallow","7"
"220.0","160.0","2.517","Shallow","7"
"240.0","160.0","0.682","Shallow","7"
"260.0","160.0","-1.317","Shallow","7"
"280.0","160.0","-2.395","Shallow","7"
"300.0","160.0","-2.025","Shallow","7"
"20.0","180.0","-4.105","Shallow","7"
"40.0","180.0","-4.141","Shallow","7"
"60.0","180.0","-4.077","Shallow","7"
"80.0","180.0","-3.689","Shallow","7"
"100.0","180.0","-2.76","Shallow","7"
"120.0","180.0","-1.236","Shallow","7"
"140.0","180.0","0.64","Shallow","7"
"160.0","180.0","2.324","Shallow","7"
"180.0","180.0","3.166","Shallow","7"
"200.0","180.0","2.759","Shallow","7"
"220.0","180.0","1.23","Shallow","7"
"240.0","180.0","-0.723","Shallow","7"
"260.0","180.0","-2.149","Shallow","7"
"280.0","180.0","-2.355","Shallow","7"
"300.0","180.0","-1.307","Shallow","7"
"20.0","200.0","-3.026","Shallow","7"
"40.0","200.0","-2.76","Shallow","7"
"60.0","200.0","-2.179","Shallow","7"
"80.0","200.0","-1.236","Shallow","7"
"100.0","200.0","0.039","Shallow","7"
"120.0","200.0","1.455","Shallow","7"
"140.0","200.0","2.65","Shallow","7"
"160.0","200.0","3.186","Shallow","7"
"180.0","200.0","2.759","Shallow","7"
"200.0","200.0","1.409","Shallow","7"
"220.0","200.0","-0.392","Shallow","7"
"240.0","200.0","-1.898","Shallow","7"
"260.0","200.0","-2.438","Shallow","7"
"280.0","200.0","-1.786","Shallow","7"
"300.0","200.0","-0.319","Shallow","7"
"20.0","220.0","0.039","Shallow","7"
"40.0","220.0","0.344","Shallow","7"
"60.0","220.0","0.925","Shallow","7"
"80.0","220.0","1.698","Shallow","7"
"100.0","220.0","2.496","Shallow","7"
"120.0","220.0","3.071","Shallow","7"
"140.0","220.0","3.141","Shallow","7"
"160.0","220.0","2.517","Shallow","7"
"180.0","220.0","1.23","Shallow","7"
"200.0","220.0","-0.392","Shallow","7"
"220.0","220.0","-1.798","Shallow","7"
"240.0","220.0","-2.433","Shallow","7"
"260.0","220.0","-2.025","Shallow","7"
"280.0","220.0","-0.767","Shallow","7"
"300.0","220.0","0.732","Shallow","7"
"20.0","240.0","2.65","Shallow","7"
"40.0","240.0","2.784","Shallow","7"
"60.0","240.0","2.994","Shallow","7"
"80.0","240.0","3.166","Shallow","7"
"100.0","240.0","3.141","Shallow","7"
"120.0","240.0","2.759","Shallow","7"
"140.0","240.0","1.922","Shallow","7"
"160.0","240.0","0.682","Shallow","7"
"180.0","240.0","-0.723","Shallow","7"
"200.0","240.0","-1.898","Shallow","7"
"220.0","240.0","-2.433","Shallow","7"
"240.0","240.0","-2.095","Shallow","7"
"260.0","240.0","-0.988","Shallow","7"
"280.0","240.0","0.438","Shallow","7"
"300.0","240.0","1.557","Shallow","7"
"20.0","260.0","3.031","Shallow","7"
"40.0","260.0","2.953","Shallow","7"
"60.0","260.0","2.759","Shallow","7"
"80.0","260.0","2.381","Shallow","7"
"100.0","260.0","1.756","Shallow","7"
"120.0","260.0","0.866","Shallow","7"
"140.0","260.0","-0.22","Shallow","7"
"160.0","260.0","-1.317","Shallow","7"
"180.0","260.0","-2.149","Shallow","7"
"200.0","260.0","-2.438","Shallow","7"
"220.0","260.0","-2.025","Shallow","7"
"240.0","260.0","-0.988","Shallow","7"
"260.0","260.0","0.334","Shallow","7"
"280.0","260.0","1.442","Shallow","7"
"300.0","260.0","1.885","Shallow","7"
"20.0","280.0","1.23","Shallow","7"
"40.0","280.0","1.049","Shallow","7"
"60.0","280.0","0.682","Shallow","7"
"80.0","280.0","0.134","Shallow","7"
"100.0","280.0","-0.56","Shallow","7"
"120.0","280.0","-1.317","Shallow","7"
"140.0","280.0","-1.99","Shallow","7"
"160.0","280.0","-2.395","Shallow","7"
"180.0","280.0","-2.355","Shallow","7"
"200.0","280.0","-1.786","Shallow","7"
"220.0","280.0","-0.767","Shallow","7"
"240.0","280.0","0.438","Shallow","7"
"260.0","280.0","1.442","Shallow","7"
"280.0","280.0","1.882","Shallow","7"
"300.0","280.0","1.581","Shallow","7"
"20.0","300.0","-1.178","Shallow","7"
"40.0","300.0","-1.317","Shallow","7"
"60.0","300.0","-1.573","Shallow","7"
"80.0","300.0","-1.898","Shallow","7"
"100.0","300.0","-2.216","Shallow","7"
"120.0","300.0","-2.418","Shallow","7"
"140.0","300.0","-2.387","Shallow","7"
"160.0","300.0","-2.025","Shallow","7"
"180.0","300.0","-1.307","Shallow","7"
"200.0","300.0","-0.319","Shallow","7"
"220.0","300.0","0.732","Shallow","7"
"240.0","300.0","1.557","Shallow","7"
"260.0","300.0","1.885","Shallow","7"
"280.0","300.0","1.581","Shallow","7"
"300.0","300.0","0.738","Shallow","7"
"20.0","20.0","-0.663","Shallow","8"
"40.0","20.0","-4.615","Shallow","8"
"60.0","20.0","-5.669","Shallow","8"
"80.0","20.0","-2.638","Shallow","8"
"100.0","20.0","2.078","Shallow","8"
"120.0","20.0","4.886","Shallow","8"
"140.0","20.0","3.914","Shallow","8"
"160.0","20.0","0.269","Shallow","8"
"180.0","20.0","-3.115","Shallow","8"
"200.0","20.0","-3.857","Shallow","8"
"220.0","20.0","-1.78","Shallow","8"
"240.0","20.0","1.259","Shallow","8"
"260.0","20.0","2.985","Shallow","8"
"280.0","20.0","2.37","Shallow","8"
"300.0","20.0","0.179","Shallow","8"
"20.0","40.0","-4.615","Shallow","8"
"40.0","40.0","-5.739","Shallow","8"
"60.0","40.0","-4.95","Shallow","8"
"80.0","40.0","-1.352","Shallow","8"
"100.0","40.0","2.957","Shallow","8"
"120.0","40.0","4.997","Shallow","8"
"140.0","40.0","3.469","Shallow","8"
"160.0","40.0","-0.261","Shallow","8"
"180.0","40.0","-3.365","Shallow","8"
"200.0","40.0","-3.752","Shallow","8"
"220.0","40.0","-1.495","Shallow","8"
"240.0","40.0","1.488","Shallow","8"
"260.0","40.0","3.022","Shallow","8"
"280.0","40.0","2.243","Shallow","8"
"300.0","40.0","0.014","Shallow","8"
"20.0","60.0","-5.669","Shallow","8"
"40.0","60.0","-4.95","Shallow","8"
"60.0","60.0","-2.638","Shallow","8"
"80.0","60.0","1.051","Shallow","8"
"100.0","60.0","4.235","Shallow","8"
"120.0","60.0","4.848","Shallow","8"
"140.0","60.0","2.46","Shallow","8"
"160.0","60.0","-1.25","Shallow","8"
"180.0","60.0","-3.733","Shallow","8"
"200.0","60.0","-3.456","Shallow","8"
"220.0","60.0","-0.914","Shallow","8"
"240.0","60.0","1.903","Shallow","8"
"260.0","60.0","3.05","Shallow","8"
"280.0","60.0","1.967","Shallow","8"
"300.0","60.0","-0.308","Shallow","8"
"20.0","80.0","-2.638","Shallow","8"
"40.0","80.0","-1.352","Shallow","8"
"60.0","80.0","1.051","Shallow","8"
"80.0","80.0","3.677","Shallow","8"
"100.0","80.0","4.997","Shallow","8"
"120.0","80.0","3.914","Shallow","8"
"140.0","80.0","0.814","Shallow","8"
"160.0","80.0","-2.488","Shallow","8"
"180.0","80.0","-3.968","Shallow","8"
"200.0","80.0","-2.833","Shallow","8"
"220.0","80.0","-0.048","Shallow","8"
"240.0","80.0","2.412","Shallow","8"
"260.0","80.0","2.978","Shallow","8"
"280.0","80.0","1.509","Shallow","8"
"300.0","80.0","-0.763","Shallow","8"
"20.0","100.0","2.078","Shallow","8"
"40.0","100.0","2.957","Shallow","8"
"60.0","100.0","4.235","Shallow","8"
"80.0","100.0","4.997","Shallow","8"
"100.0","100.0","4.301","Shallow","8"
"120.0","100.0","1.918","Shallow","8"
"140.0","100.0","-1.25","Shallow","8"
"160.0","100.0","-3.57","Shallow","8"
"180.0","100.0","-3.752","Shallow","8"
"200.0","100.0","-1.78","Shallow","8"
"220.0","100.0","1.018","Shallow","8"
"240.0","100.0","2.861","Shallow","8"
"260.0","100.0","2.697","Shallow","8"
"280.0","100.0","0.851","Shallow","8"
"300.0","100.0","-1.3","Shallow","8"
"20.0","120.0","4.886","Shallow","8"
"40.0","120.0","4.997","Shallow","8"
"60.0","120.0","4.848","Shallow","8"
"80.0","120.0","3.914","Shallow","8"
"100.0","120.0","1.918","Shallow","8"
"120.0","120.0","-0.769","Shallow","8"
"140.0","120.0","-3.115","Shallow","8"
"160.0","120.0","-3.967","Shallow","8"
"180.0","120.0","-2.833","Shallow","8"
"200.0","120.0","-0.333","Shallow","8"
"220.0","120.0","2.088","Shallow","8"
"240.0","120.0","3.05","Shallow","8"
"260.0","120.0","2.109","Shallow","8"
"280.0","120.0","0.014","Shallow","8"
"300.0","120.0","-1.827","Shallow","8"
"20.0","140.0","3.914","Shallow","8"
"40.0","140.0","3.469","Shallow","8"
"60.0","140.0","2.46","Shallow","8"
"80.0","140.0","0.814","Shallow","8"
"100.0","140.0","-1.25","Shallow","8"
"120.0","140.0","-3.115","Shallow","8"
"140.0","140.0","-3.968","Shallow","8"
"160.0","140.0","-3.269","Shallow","8"
"180.0","140.0","-1.205","Shallow","8"
"200.0","140.0","1.259","Shallow","8"
"220.0","140.0","2.861","Shallow","8"
"240.0","140.0","2.785","Shallow","8"
"260.0","140.0","1.184","Shallow","8"
"280.0","140.0","-0.905","Shallow","8"
"300.0","140.0","-2.218","Shallow","8"
"20.0","160.0","0.269","Shallow","8"
"40.0","160.0","-0.261","Shallow","8"
"60.0","160.0","-1.25","Shallow","8"
"80.0","160.0","-2.488","Shallow","8"
"100.0","160.0","-3.57","Shallow","8"
"120.0","160.0","-3.967","Shallow","8"
"140.0","160.0","-3.269","Shallow","8"
"160.0","160.0","-1.495","Shallow","8"
"180.0","160.0","0.766","Shallow","8"
"200.0","160.0","2.549","Shallow","8"
"220.0","160.0","3.016","Shallow","8"
"240.0","160.0","1.967","Shallow","8"
"260.0","160.0","0.014","Shallow","8"
"280.0","160.0","-1.736","Shallow","8"
"300.0","160.0","-2.328","Shallow","8"
"20.0","180.0","-3.115","Shallow","8"
"40.0","180.0","-3.365","Shallow","8"
"60.0","180.0","-3.733","Shallow","8"
"80.0","180.0","-3.968","Shallow","8"
"100.0","180.0","-3.752","Shallow","8"
"120.0","180.0","-2.833","Shallow","8"
"140.0","180.0","-1.205","Shallow","8"
"160.0","180.0","0.766","Shallow","8"
"180.0","180.0","2.412","Shallow","8"
"200.0","180.0","3.05","Shallow","8"
"220.0","180.0","2.37","Shallow","8"
"240.0","180.0","0.682","Shallow","8"
"260.0","180.0","-1.174","Shallow","8"
"280.0","180.0","-2.256","Shallow","8"
"300.0","180.0","-2.045","Shallow","8"
"20.0","200.0","-3.857","Shallow","8"
"40.0","200.0","-3.752","Shallow","8"
"60.0","200.0","-3.456","Shallow","8"
"80.0","200.0","-2.833","Shallow","8"
"100.0","200.0","-1.78","Shallow","8"
"120.0","200.0","-0.333","Shallow","8"
"140.0","200.0","1.259","Shallow","8"
"160.0","200.0","2.549","Shallow","8"
"180.0","200.0","3.05","Shallow","8"
"200.0","200.0","2.488","Shallow","8"
"220.0","200.0","1.018","Shallow","8"
"240.0","200.0","-0.763","Shallow","8"
"260.0","200.0","-2.057","Shallow","8"
"280.0","200.0","-2.269","Shallow","8"
"300.0","200.0","-1.344","Shallow","8"
"20.0","220.0","-1.78","Shallow","8"
"40.0","220.0","-1.495","Shallow","8"
"60.0","220.0","-0.914","Shallow","8"
"80.0","220.0","-0.048","Shallow","8"
"100.0","220.0","1.018","Shallow","8"
"120.0","220.0","2.088","Shallow","8"
"140.0","220.0","2.861","Shallow","8"
"160.0","220.0","3.016","Shallow","8"
"180.0","220.0","2.37","Shallow","8"
"200.0","220.0","1.018","Shallow","8"
"220.0","220.0","-0.615","Shallow","8"
"240.0","220.0","-1.911","Shallow","8"
"260.0","220.0","-2.328","Shallow","8"
"280.0","220.0","-1.694","Shallow","8"
"300.0","220.0","-0.335","Shallow","8"
"20.0","240.0","1.259","Shallow","8"
"40.0","240.0","1.488","Shallow","8"
"60.0","240.0","1.903","Shallow","8"
"80.0","240.0","2.412","Shallow","8"
"100.0","240.0","2.861","Shallow","8"
"120.0","240.0","3.05","Shallow","8"
"140.0","240.0","2.785","Shallow","8"
"160.0","240.0","1.967","Shallow","8"
"180.0","240.0","0.682","Shallow","8"
"200.0","240.0","-0.763","Shallow","8"
"220.0","240.0","-1.911","Shallow","8"
"240.0","240.0","-2.335","Shallow","8"
"260.0","240.0","-1.848","Shallow","8"
"280.0","240.0","-0.647","Shallow","8"
"300.0","240.0","0.735","Shallow","8"
"20.0","260.0","2.985","Shallow","8"
"40.0","260.0","3.022","Shallow","8"
"60.0","260.0","3.05","Shallow","8"
"80.0","260.0","2.978","Shallow","8"
"100.0","260.0","2.697","Shallow","8"
"120.0","260.0","2.109","Shallow","8"
"140.0","260.0","1.184","Shallow","8"
"160.0","260.0","0.014","Shallow","8"
"180.0","260.0","-1.174","Shallow","8"
"200.0","260.0","-2.057","Shallow","8"
"220.0","260.0","-2.328","Shallow","8"
"240.0","260.0","-1.848","Shallow","8"
"260.0","260.0","-0.75","Shallow","8"
"280.0","260.0","0.557","Shallow","8"
"300.0","260.0","1.543","Shallow","8"
"20.0","280.0","2.37","Shallow","8"
"40.0","280.0","2.243","Shallow","8"
"60.0","280.0","1.967","Shallow","8"
"80.0","280.0","1.509","Shallow","8"
"100.0","280.0","0.851","Shallow","8"
"120.0","280.0","0.014","Shallow","8"
"140.0","280.0","-0.905","Shallow","8"
"160.0","280.0","-1.736","Shallow","8"
"180.0","280.0","-2.256","Shallow","8"
"200.0","280.0","-2.269","Shallow","8"
"220.0","280.0","-1.694","Shallow","8"
"240.0","280.0","-0.647","Shallow","8"
"260.0","280.0","0.557","Shallow","8"
"280.0","280.0","1.495","Shallow","8"
"300.0","280.0","1.806","Shallow","8"
"20.0","300.0","0.179","Shallow","8"
"40.0","300.0","0.014","Shallow","8"
"60.0","300.0","-0.308","Shallow","8"
"80.0","300.0","-0.763","Shallow","8"
"100.0","300.0","-1.3","Shallow","8"
"120.0","300.0","-1.827","Shallow","8"
"140.0","300.0","-2.218","Shallow","8"
"160.0","300.0","-2.328","Shallow","8"
"180.0","300.0","-2.045","Shallow","8"
"200.0","300.0","-1.344","Shallow","8"
"220.0","300.0","-0.335","Shallow","8"
"240.0","300.0","0.735","Shallow","8"
"260.0","300.0","1.543","Shallow","8"
"280.0","300.0","1.806","Shallow","8"
"300.0","300.0","1.416","Shallow","8"
"20.0","20.0","2.398","Shallow","9"
"40.0","20.0","-2.149","Shallow","9"
"60.0","20.0","-5.467","Shallow","9"
"80.0","20.0","-4.747","Shallow","9"
"100.0","20.0","-0.666","Shallow","9"
"120.0","20.0","3.532","Shallow","9"
"140.0","20.0","4.774","Shallow","9"
"160.0","20.0","2.477","Shallow","9"
"180.0","20.0","-1.29","Shallow","9"
"200.0","20.0","-3.654","Shallow","9"
"220.0","20.0","-3.122","Shallow","9"
"240.0","20.0","-0.469","Shallow","9"
"260.0","20.0","2.139","Shallow","9"
"280.0","20.0","2.875","Shallow","9"
"300.0","20.0","1.488","Shallow","9"
"20.0","40.0","-2.149","Shallow","9"
"40.0","40.0","-4.417","Shallow","9"
"60.0","40.0","-5.713","Shallow","9"
"80.0","40.0","-3.85","Shallow","9"
"100.0","40.0","0.364","Shallow","9"
"120.0","40.0","4.029","Shallow","9"
"140.0","40.0","4.626","Shallow","9"
"160.0","40.0","1.999","Shallow","9"
"180.0","40.0","-1.687","Shallow","9"
"200.0","40.0","-3.739","Shallow","9"
"220.0","40.0","-2.933","Shallow","9"
"240.0","40.0","-0.208","Shallow","9"
"260.0","40.0","2.282","Shallow","9"
"280.0","40.0","2.837","Shallow","9"
"300.0","40.0","1.341","Shallow","9"
"20.0","60.0","-5.467","Shallow","9"
"40.0","60.0","-5.713","Shallow","9"
"60.0","60.0","-4.747","Shallow","9"
"80.0","60.0","-1.743","Shallow","9"
"100.0","60.0","2.171","Shallow","9"
"120.0","60.0","4.657","Shallow","9"
"140.0","60.0","4.11","Shallow","9"
"160.0","60.0","1.017","Shallow","9"
"180.0","60.0","-2.388","Shallow","9"
"200.0","60.0","-3.806","Shallow","9"
"220.0","60.0","-2.507","Shallow","9"
"240.0","60.0","0.301","Shallow","9"
"260.0","60.0","2.524","Shallow","9"
"280.0","60.0","2.725","Shallow","9"
"300.0","60.0","1.04","Shallow","9"
"20.0","80.0","-4.747","Shallow","9"
"40.0","80.0","-3.85","Shallow","9"
"60.0","80.0","-1.743","Shallow","9"
"80.0","80.0","1.317","Shallow","9"
"100.0","80.0","4.029","Shallow","9"
"120.0","80.0","4.774","Shallow","9"
"140.0","80.0","2.936","Shallow","9"
"160.0","80.0","-0.42","Shallow","9"
"180.0","80.0","-3.184","Shallow","9"
"200.0","80.0","-3.67","Shallow","9"
"220.0","80.0","-1.781","Shallow","9"
"240.0","80.0","1.011","Shallow","9"
"260.0","80.0","2.777","Shallow","9"
"280.0","80.0","2.48","Shallow","9"
"300.0","80.0","0.577","Shallow","9"
"20.0","100.0","-0.666","Shallow","9"
"40.0","100.0","0.364","Shallow","9"
"60.0","100.0","2.171","Shallow","9"
"80.0","100.0","4.029","Shallow","9"
"100.0","100.0","4.835","Shallow","9"
"120.0","100.0","3.762","Shallow","9"
"140.0","100.0","1.017","Shallow","9"
"160.0","100.0","-2.054","Shallow","9"
"180.0","100.0","-3.739","Shallow","9"
"200.0","100.0","-3.122","Shallow","9"
"220.0","100.0","-0.733","Shallow","9"
"240.0","100.0","1.813","Shallow","9"
"260.0","100.0","2.915","Shallow","9"
"280.0","100.0","2.033","Shallow","9"
"300.0","100.0","-0.035","Shallow","9"
"20.0","120.0","3.532","Shallow","9"
"40.0","120.0","4.029","Shallow","9"
"60.0","120.0","4.657","Shallow","9"
"80.0","120.0","4.774","Shallow","9"
"100.0","120.0","3.762","Shallow","9"
"120.0","120.0","1.51","Shallow","9"
"140.0","120.0","-1.29","Shallow","9"
"160.0","120.0","-3.377","Shallow","9"
"180.0","120.0","-3.67","Shallow","9"
"200.0","120.0","-2.032","Shallow","9"
"220.0","120.0","0.546","Shallow","9"
"240.0","120.0","2.524","Shallow","9"
"260.0","120.0","2.786","Shallow","9"
"280.0","120.0","1.341","Shallow","9"
"300.0","120.0","-0.747","Shallow","9"
"20.0","140.0","4.774","Shallow","9"
"40.0","140.0","4.626","Shallow","9"
"60.0","140.0","4.11","Shallow","9"
"80.0","140.0","2.936","Shallow","9"
"100.0","140.0","1.017","Shallow","9"
"120.0","140.0","-1.29","Shallow","9"
"140.0","140.0","-3.184","Shallow","9"
"160.0","140.0","-3.791","Shallow","9"
"180.0","140.0","-2.727","Shallow","9"
"200.0","140.0","-0.469","Shallow","9"
"220.0","140.0","1.813","Shallow","9"
"240.0","140.0","2.901","Shallow","9"
"260.0","140.0","2.272","Shallow","9"
"280.0","140.0","0.422","Shallow","9"
"300.0","140.0","-1.455","Shallow","9"
"20.0","160.0","2.477","Shallow","9"
"40.0","160.0","1.999","Shallow","9"
"60.0","160.0","1.017","Shallow","9"
"80.0","160.0","-0.42","Shallow","9"
"100.0","160.0","-2.054","Shallow","9"
"120.0","160.0","-3.377","Shallow","9"
"140.0","160.0","-3.791","Shallow","9"
"160.0","160.0","-2.933","Shallow","9"
"180.0","160.0","-0.997","Shallow","9"
"200.0","160.0","1.229","Shallow","9"
"220.0","160.0","2.707","Shallow","9"
"240.0","160.0","2.725","Shallow","9"
"260.0","160.0","1.341","Shallow","9"
"280.0","160.0","-0.612","Shallow","9"
"300.0","160.0","-2.007","Shallow","9"
"20.0","180.0","-1.29","Shallow","9"
"40.0","180.0","-1.687","Shallow","9"
"60.0","180.0","-2.388","Shallow","9"
"80.0","180.0","-3.184","Shallow","9"
"100.0","180.0","-3.739","Shallow","9"
"120.0","180.0","-3.67","Shallow","9"
"140.0","180.0","-2.727","Shallow","9"
"160.0","180.0","-0.997","Shallow","9"
"180.0","180.0","1.011","Shallow","9"
"200.0","180.0","2.524","Shallow","9"
"220.0","180.0","2.875","Shallow","9"
"240.0","180.0","1.905","Shallow","9"
"260.0","180.0","0.115","Shallow","9"
"280.0","180.0","-1.553","Shallow","9"
"300.0","180.0","-2.235","Shallow","9"
"20.0","200.0","-3.654","Shallow","9"
"40.0","200.0","-3.739","Shallow","9"
"60.0","200.0","-3.806","Shallow","9"
"80.0","200.0","-3.67","Shallow","9"
"100.0","200.0","-3.122","Shallow","9"
"120.0","200.0","-2.032","Shallow","9"
"140.0","200.0","-0.469","Shallow","9"
"160.0","200.0","1.229","Shallow","9"
"180.0","200.0","2.524","Shallow","9"
"200.0","200.0","2.901","Shallow","9"
"220.0","200.0","2.156","Shallow","9"
"240.0","200.0","0.577","Shallow","9"
"260.0","200.0","-1.125","Shallow","9"
"280.0","200.0","-2.144","Shallow","9"
"300.0","200.0","-2.009","Shallow","9"
"20.0","220.0","-3.122","Shallow","9"
"40.0","220.0","-2.933","Shallow","9"
"60.0","220.0","-2.507","Shallow","9"
"80.0","220.0","-1.781","Shallow","9"
"100.0","220.0","-0.733","Shallow","9"
"120.0","220.0","0.546","Shallow","9"
"140.0","220.0","1.813","Shallow","9"
"160.0","220.0","2.707","Shallow","9"
"180.0","220.0","2.875","Shallow","9"
"200.0","220.0","2.156","Shallow","9"
"220.0","220.0","0.732","Shallow","9"
"240.0","220.0","-0.878","Shallow","9"
"260.0","220.0","-2.007","Shallow","9"
"280.0","220.0","-2.167","Shallow","9"
"300.0","220.0","-1.312","Shallow","9"
"20.0","240.0","-0.469","Shallow","9"
"40.0","240.0","-0.208","Shallow","9"
"60.0","240.0","0.301","Shallow","9"
"80.0","240.0","1.011","Shallow","9"
"100.0","240.0","1.813","Shallow","9"
"120.0","240.0","2.524","Shallow","9"
"140.0","240.0","2.901","Shallow","9"
"160.0","240.0","2.725","Shallow","9"
"180.0","240.0","1.905","Shallow","9"
"200.0","240.0","0.577","Shallow","9"
"220.0","240.0","-0.878","Shallow","9"
"240.0","240.0","-1.948","Shallow","9"
"260.0","240.0","-2.212","Shallow","9"
"280.0","240.0","-1.558","Shallow","9"
"300.0","240.0","-0.284","Shallow","9"
"20.0","260.0","2.139","Shallow","9"
"40.0","260.0","2.282","Shallow","9"
"60.0","260.0","2.524","Shallow","9"
"80.0","260.0","2.777","Shallow","9"
"100.0","260.0","2.915","Shallow","9"
"120.0","260.0","2.786","Shallow","9"
"140.0","260.0","2.272","Shallow","9"
"160.0","260.0","1.341","Shallow","9"
"180.0","260.0","0.115","Shallow","9"
"200.0","260.0","-1.125","Shallow","9"
"220.0","260.0","-2.007","Shallow","9"
"240.0","260.0","-2.212","Shallow","9"
"260.0","260.0","-1.633","Shallow","9"
"280.0","260.0","-0.477","Shallow","9"
"300.0","260.0","0.787","Shallow","9"
"20.0","280.0","2.875","Shallow","9"
"40.0","280.0","2.837","Shallow","9"
"60.0","280.0","2.725","Shallow","9"
"80.0","280.0","2.48","Shallow","9"
"100.0","280.0","2.033","Shallow","9"
"120.0","280.0","1.341","Shallow","9"
"140.0","280.0","0.422","Shallow","9"
"160.0","280.0","-0.612","Shallow","9"
"180.0","280.0","-1.553","Shallow","9"
"200.0","280.0","-2.144","Shallow","9"
"220.0","280.0","-2.167","Shallow","9"
"240.0","280.0","-1.558","Shallow","9"
"260.0","280.0","-0.477","Shallow","9"
"280.0","280.0","0.708","Shallow","9"
"300.0","280.0","1.546","Shallow","9"
"20.0","300.0","1.488","Shallow","9"
"40.0","300.0","1.341","Shallow","9"
"60.0","300.0","1.04","Shallow","9"
"80.0","300.0","0.577","Shallow","9"
"100.0","300.0","-0.035","Shallow","9"
"120.0","300.0","-0.747","Shallow","9"
"140.0","300.0","-1.455","Shallow","9"
"160.0","300.0","-2.007","Shallow","9"
"180.0","300.0","-2.235","Shallow","9"
"200.0","300.0","-2.009","Shallow","9"
"220.0","300.0","-1.312","Shallow","9"
"240.0","300.0","-0.284","Shallow","9"
"260.0","300.0","0.787","Shallow","9"
"280.0","300.0","1.546","Shallow","9"
"300.0","300.0","1.715","Shallow","9"
"20.0","20.0","4.817","Shallow","10"
"40.0","20.0","0.893","Shallow","10"
"60.0","20.0","-3.8","Shallow","10"
"80.0","20.0","-5.584","Shallow","10"
"100.0","20.0","-3.231","Shallow","10"
"120.0","20.0","1.232","Shallow","10"
"140.0","20.0","4.355","Shallow","10"
"160.0","20.0","4.022","Shallow","10"
"180.0","20.0","0.88","Shallow","10"
"200.0","20.0","-2.472","Shallow","10"
"220.0","20.0","-3.628","Shallow","10"
"240.0","20.0","-2.071","Shallow","10"
"260.0","20.0","0.72","Shallow","10"
"280.0","20.0","2.609","Shallow","10"
"300.0","20.0","2.398","Shallow","10"
"20.0","40.0","0.893","Shallow","10"
"40.0","40.0","-1.912","Shallow","10"
"60.0","40.0","-4.944","Shallow","10"
"80.0","40.0","-5.316","Shallow","10"
"100.0","40.0","-2.326","Shallow","10"
"120.0","40.0","1.981","Shallow","10"
"140.0","40.0","4.544","Shallow","10"
"160.0","40.0","3.723","Shallow","10"
"180.0","40.0","0.443","Shallow","10"
"200.0","40.0","-2.724","Shallow","10"
"220.0","40.0","-3.586","Shallow","10"
"240.0","40.0","-1.847","Shallow","10"
"260.0","40.0","0.929","Shallow","10"
"280.0","40.0","2.67","Shallow","10"
"300.0","40.0","2.309","Shallow","10"
"20.0","60.0","-3.8","Shallow","10"
"40.0","60.0","-4.944","Shallow","10"
"60.0","60.0","-5.584","Shallow","10"
"80.0","60.0","-4.069","Shallow","10"
"100.0","60.0","-0.475","Shallow","10"
"120.0","60.0","3.218","Shallow","10"
"140.0","60.0","4.66","Shallow","10"
"160.0","60.0","3.011","Shallow","10"
"180.0","60.0","-0.404","Shallow","10"
"200.0","60.0","-3.136","Shallow","10"
"220.0","60.0","-3.429","Shallow","10"
"240.0","60.0","-1.381","Shallow","10"
"260.0","60.0","1.321","Shallow","10"
"280.0","60.0","2.753","Shallow","10"
"300.0","60.0","2.108","Shallow","10"
"20.0","80.0","-5.584","Shallow","10"
"40.0","80.0","-5.316","Shallow","10"
"60.0","80.0","-4.069","Shallow","10"
"80.0","80.0","-1.395","Shallow","10"
"100.0","80.0","1.981","Shallow","10"
"120.0","80.0","4.355","Shallow","10"
"140.0","80.0","4.272","Shallow","10"
"160.0","80.0","1.761","Shallow","10"
"180.0","80.0","-1.547","Shallow","10"
"200.0","80.0","-3.524","Shallow","10"
"220.0","80.0","-3.036","Shallow","10"
"240.0","80.0","-0.661","Shallow","10"
"260.0","80.0","1.832","Shallow","10"
"280.0","80.0","2.786","Shallow","10"
"300.0","80.0","1.762","Shallow","10"
"20.0","100.0","-3.231","Shallow","10"
"40.0","100.0","-2.326","Shallow","10"
"60.0","100.0","-0.475","Shallow","10"
"80.0","100.0","1.981","Shallow","10"
"100.0","100.0","4.073","Shallow","10"
"120.0","100.0","4.599","Shallow","10"
"140.0","100.0","3.011","Shallow","10"
"160.0","100.0","0.013","Shallow","10"
"180.0","100.0","-2.724","Shallow","10"
"200.0","100.0","-3.628","Shallow","10"
"220.0","100.0","-2.287","Shallow","10"
"240.0","100.0","0.28","Shallow","10"
"260.0","100.0","2.351","Shallow","10"
"280.0","100.0","2.671","Shallow","10"
"300.0","100.0","1.238","Shallow","10"
"20.0","120.0","1.232","Shallow","10"
"40.0","120.0","1.981","Shallow","10"
"60.0","120.0","3.218","Shallow","10"
"80.0","120.0","4.355","Shallow","10"
"100.0","120.0","4.599","Shallow","10"
"120.0","120.0","3.384","Shallow","10"
"140.0","120.0","0.88","Shallow","10"
"160.0","120.0","-1.882","Shallow","10"
"180.0","120.0","-3.524","Shallow","10"
"200.0","120.0","-3.186","Shallow","10"
"220.0","120.0","-1.142","Shallow","10"
"240.0","120.0","1.321","Shallow","10"
"260.0","120.0","2.718","Shallow","10"
"280.0","120.0","2.309","Shallow","10"
"300.0","120.0","0.534","Shallow","10"
"20.0","140.0","4.355","Shallow","10"
"40.0","140.0","4.544","Shallow","10"
"60.0","140.0","4.66","Shallow","10"
"80.0","140.0","4.272","Shallow","10"
"100.0","140.0","3.011","Shallow","10"
"120.0","140.0","0.88","Shallow","10"
"140.0","140.0","-1.547","Shallow","10"
"160.0","140.0","-3.296","Shallow","10"
"180.0","140.0","-3.519","Shallow","10"
"200.0","140.0","-2.071","Shallow","10"
"220.0","140.0","0.28","Shallow","10"
"240.0","140.0","2.24","Shallow","10"
"260.0","140.0","2.75","Shallow","10"
"280.0","140.0","1.637","Shallow","10"
"300.0","140.0","-0.302","Shallow","10"
"20.0","160.0","4.022","Shallow","10"
"40.0","160.0","3.723","Shallow","10"
"60.0","160.0","3.011","Shallow","10"
"80.0","160.0","1.761","Shallow","10"
"100.0","160.0","0.013","Shallow","10"
"120.0","160.0","-1.882","Shallow","10"
"140.0","160.0","-3.296","Shallow","10"
"160.0","160.0","-3.586","Shallow","10"
"180.0","160.0","-2.493","Shallow","10"
"200.0","160.0","-0.421","Shallow","10"
"220.0","160.0","1.673","Shallow","10"
"240.0","160.0","2.753","Shallow","10"
"260.0","160.0","2.309","Shallow","10"
"280.0","160.0","0.676","Shallow","10"
"300.0","160.0","-1.149","Shallow","10"
"20.0","180.0","0.88","Shallow","10"
"40.0","180.0","0.443","Shallow","10"
"60.0","180.0","-0.404","Shallow","10"
"80.0","180.0","-1.547","Shallow","10"
"100.0","180.0","-2.724","Shallow","10"
"120.0","180.0","-3.524","Shallow","10"
"140.0","180.0","-3.519","Shallow","10"
"160.0","180.0","-2.493","Shallow","10"
"180.0","180.0","-0.661","Shallow","10"
"200.0","180.0","1.321","Shallow","10"
"220.0","180.0","2.609","Shallow","10"
"240.0","180.0","2.617","Shallow","10"
"260.0","180.0","1.374","Shallow","10"
"280.0","180.0","-0.434","Shallow","10"
"300.0","180.0","-1.826","Shallow","10"
"20.0","200.0","-2.472","Shallow","10"
"40.0","200.0","-2.724","Shallow","10"
"60.0","200.0","-3.136","Shallow","10"
"80.0","200.0","-3.524","Shallow","10"
"100.0","200.0","-3.628","Shallow","10"
"120.0","200.0","-3.186","Shallow","10"
"140.0","200.0","-2.071","Shallow","10"
"160.0","200.0","-0.421","Shallow","10"
"180.0","200.0","1.321","Shallow","10"
"200.0","200.0","2.536","Shallow","10"
"220.0","200.0","2.716","Shallow","10"
"240.0","200.0","1.762","Shallow","10"
"260.0","200.0","0.109","Shallow","10"
"280.0","200.0","-1.444","Shallow","10"
"300.0","200.0","-2.136","Shallow","10"
"20.0","220.0","-3.628","Shallow","10"
"40.0","220.0","-3.586","Shallow","10"
"60.0","220.0","-3.429","Shallow","10"
"80.0","220.0","-3.036","Shallow","10"
"100.0","220.0","-2.287","Shallow","10"
"120.0","220.0","-1.142","Shallow","10"
"140.0","220.0","0.28","Shallow","10"
"160.0","220.0","1.673","Shallow","10"
"180.0","220.0","2.609","Shallow","10"
"200.0","220.0","2.716","Shallow","10"
"220.0","220.0","1.883","Shallow","10"
"240.0","220.0","0.391","Shallow","10"
"260.0","220.0","-1.149","Shallow","10"
"280.0","220.0","-2.059","Shallow","10"
"300.0","220.0","-1.938","Shallow","10"
"20.0","240.0","-2.071","Shallow","10"
"40.0","240.0","-1.847","Shallow","10"
"60.0","240.0","-1.381","Shallow","10"
"80.0","240.0","-0.661","Shallow","10"
"100.0","240.0","0.28","Shallow","10"
"120.0","240.0","1.321","Shallow","10"
"140.0","240.0","2.24","Shallow","10"
"160.0","240.0","2.753","Shallow","10"
"180.0","240.0","2.617","Shallow","10"
"200.0","240.0","1.762","Shallow","10"
"220.0","240.0","0.391","Shallow","10"
"240.0","240.0","-1.04","Shallow","10"
"260.0","240.0","-1.984","Shallow","10"
"280.0","240.0","-2.051","Shallow","10"
"300.0","240.0","-1.227","Shallow","10"
"20.0","260.0","0.72","Shallow","10"
"40.0","260.0","0.929","Shallow","10"
"60.0","260.0","1.321","Shallow","10"
"80.0","260.0","1.832","Shallow","10"
"100.0","260.0","2.351","Shallow","10"
"120.0","260.0","2.718","Shallow","10"
"140.0","260.0","2.75","Shallow","10"
"160.0","260.0","2.309","Shallow","10"
"180.0","260.0","1.374","Shallow","10"
"200.0","260.0","0.109","Shallow","10"
"220.0","260.0","-1.149","Shallow","10"
"240.0","260.0","-1.984","Shallow","10"
"260.0","260.0","-2.079","Shallow","10"
"280.0","260.0","-1.383","Shallow","10"
"300.0","260.0","-0.18","Shallow","10"
"20.0","280.0","2.609","Shallow","10"
"40.0","280.0","2.67","Shallow","10"
"60.0","280.0","2.753","Shallow","10"
"80.0","280.0","2.786","Shallow","10"
"100.0","280.0","2.671","Shallow","10"
"120.0","280.0","2.309","Shallow","10"
"140.0","280.0","1.637","Shallow","10"
"160.0","280.0","0.676","Shallow","10"
"180.0","280.0","-0.434","Shallow","10"
"200.0","280.0","-1.444","Shallow","10"
"220.0","280.0","-2.059","Shallow","10"
"240.0","280.0","-2.051","Shallow","10"
"260.0","280.0","-1.383","Shallow","10"
"280.0","280.0","-0.269","Shallow","10"
"300.0","280.0","0.872","Shallow","10"
"20.0","300.0","2.398","Shallow","10"
"40.0","300.0","2.309","Shallow","10"
"60.0","300.0","2.108","Shallow","10"
"80.0","300.0","1.762","Shallow","10"
"100.0","300.0","1.238","Shallow","10"
"120.0","300.0","0.534","Shallow","10"
"140.0","300.0","-0.302","Shallow","10"
"160.0","300.0","-1.149","Shallow","10"
"180.0","300.0","-1.826","Shallow","10"
"200.0","300.0","-2.136","Shallow","10"
"220.0","300.0","-1.938","Shallow","10"
"240.0","300.0","-1.227","Shallow","10"
"260.0","300.0","-0.18","Shallow","10"
"280.0","300.0","0.872","Shallow","10"
"300.0","300.0","1.554","Shallow","10"
"20.0","20.0","5.945","Shallow","11"
"40.0","20.0","3.696","Shallow","11"
"60.0","20.0","-1.114","Shallow","11"
"80.0","20.0","-4.925","Shallow","11"
"100.0","20.0","-4.931","Shallow","11"
"120.0","20.0","-1.399","Shallow","11"
"140.0","20.0","2.769","Shallow","11"
"160.0","20.0","4.489","Shallow","11"
"180.0","20.0","2.815","Shallow","11"
"200.0","20.0","-0.628","Shallow","11"
"220.0","20.0","-3.161","Shallow","11"
"240.0","20.0","-3.119","Shallow","11"
"260.0","20.0","-0.891","Shallow","11"
"280.0","20.0","1.645","Shallow","11"
"300.0","20.0","2.666","Shallow","11"
"20.0","40.0","3.696","Shallow","11"
"40.0","40.0","1.105","Shallow","11"
"60.0","40.0","-2.851","Shallow","11"
"80.0","40.0","-5.358","Shallow","11"
"100.0","40.0","-4.393","Shallow","11"
"120.0","40.0","-0.597","Shallow","11"
"140.0","40.0","3.243","Shallow","11"
"160.0","40.0","4.45","Shallow","11"
"180.0","40.0","2.454","Shallow","11"
"200.0","40.0","-0.979","Shallow","11"
"220.0","40.0","-3.277","Shallow","11"
"240.0","40.0","-2.992","Shallow","11"
"260.0","40.0","-0.672","Shallow","11"
"280.0","40.0","1.788","Shallow","11"
"300.0","40.0","2.658","Shallow","11"
"20.0","60.0","-1.114","Shallow","11"
"40.0","60.0","-2.851","Shallow","11"
"60.0","60.0","-4.925","Shallow","11"
"80.0","60.0","-5.305","Shallow","11"
"100.0","60.0","-2.994","Shallow","11"
"120.0","60.0","0.917","Shallow","11"
"140.0","60.0","3.96","Shallow","11"
"160.0","60.0","4.198","Shallow","11"
"180.0","60.0","1.689","Shallow","11"
"200.0","60.0","-1.626","Shallow","11"
"220.0","60.0","-3.432","Shallow","11"
"240.0","60.0","-2.693","Shallow","11"
"260.0","60.0","-0.235","Shallow","11"
"280.0","60.0","2.043","Shallow","11"
"300.0","60.0","2.612","Shallow","11"
"20.0","80.0","-4.925","Shallow","11"
"40.0","80.0","-5.358","Shallow","11"
"60.0","80.0","-5.305","Shallow","11"
"80.0","80.0","-3.734","Shallow","11"
"100.0","80.0","-0.597","Shallow","11"
"120.0","80.0","2.769","Shallow","11"
"140.0","80.0","4.463","Shallow","11"
"160.0","80.0","3.469","Shallow","11"
"180.0","80.0","0.505","Shallow","11"
"200.0","80.0","-2.434","Shallow","11"
"220.0","80.0","-3.478","Shallow","11"
"240.0","80.0","-2.155","Shallow","11"
"260.0","80.0","0.396","Shallow","11"
"280.0","80.0","2.346","Shallow","11"
"300.0","80.0","2.475","Shallow","11"
"20.0","100.0","-4.931","Shallow","11"
"40.0","100.0","-4.393","Shallow","11"
"60.0","100.0","-2.994","Shallow","11"
"80.0","100.0","-0.597","Shallow","11"
"100.0","100.0","2.219","Shallow","11"
"120.0","100.0","4.203","Shallow","11"
"140.0","100.0","4.198","Shallow","11"
"160.0","100.0","2.077","Shallow","11"
"180.0","100.0","-0.979","Shallow","11"
"200.0","100.0","-3.161","Shallow","11"
"220.0","100.0","-3.229","Shallow","11"
"240.0","100.0","-1.328","Shallow","11"
"260.0","100.0","1.158","Shallow","11"
"280.0","100.0","2.594","Shallow","11"
"300.0","100.0","2.18","Shallow","11"
"20.0","120.0","-1.399","Shallow","11"
"40.0","120.0","-0.597","Shallow","11"
"60.0","120.0","0.917","Shallow","11"
"80.0","120.0","2.769","Shallow","11"
"100.0","120.0","4.203","Shallow","11"
"120.0","120.0","4.351","Shallow","11"
"140.0","120.0","2.815","Shallow","11"
"160.0","120.0","0.117","Shallow","11"
"180.0","120.0","-2.434","Shallow","11"
"200.0","120.0","-3.487","Shallow","11"
"220.0","120.0","-2.525","Shallow","11"
"240.0","120.0","-0.235","Shallow","11"
"260.0","120.0","1.921","Shallow","11"
"280.0","120.0","2.658","Shallow","11"
"300.0","120.0","1.671","Shallow","11"
"20.0","140.0","2.769","Shallow","11"
"40.0","140.0","3.243","Shallow","11"
"60.0","140.0","3.96","Shallow","11"
"80.0","140.0","4.463","Shallow","11"
"100.0","140.0","4.198","Shallow","11"
"120.0","140.0","2.815","Shallow","11"
"140.0","140.0","0.505","Shallow","11"
"160.0","140.0","-1.919","Shallow","11"
"180.0","140.0","-3.368","Shallow","11"
"200.0","140.0","-3.119","Shallow","11"
"220.0","140.0","-1.328","Shallow","11"
"240.0","140.0","0.979","Shallow","11"
"260.0","140.0","2.492","Shallow","11"
"280.0","140.0","2.413","Shallow","11"
"300.0","140.0","0.932","Shallow","11"
"20.0","160.0","4.489","Shallow","11"
"40.0","160.0","4.45","Shallow","11"
"60.0","160.0","4.198","Shallow","11"
"80.0","160.0","3.469","Shallow","11"
"100.0","160.0","2.077","Shallow","11"
"120.0","160.0","0.117","Shallow","11"
"140.0","160.0","-1.919","Shallow","11"
"160.0","160.0","-3.277","Shallow","11"
"180.0","160.0","-3.321","Shallow","11"
"200.0","160.0","-1.958","Shallow","11"
"220.0","160.0","0.19","Shallow","11"
"240.0","160.0","2.043","Shallow","11"
"260.0","160.0","2.658","Shallow","11"
"280.0","160.0","1.783","Shallow","11"
"300.0","160.0","0.018","Shallow","11"
"20.0","180.0","2.815","Shallow","11"
"40.0","180.0","2.454","Shallow","11"
"60.0","180.0","1.689","Shallow","11"
"80.0","180.0","0.505","Shallow","11"
"100.0","180.0","-0.979","Shallow","11"
"120.0","180.0","-2.434","Shallow","11"
"140.0","180.0","-3.368","Shallow","11"
"160.0","180.0","-3.321","Shallow","11"
"180.0","180.0","-2.155","Shallow","11"
"200.0","180.0","-0.235","Shallow","11"
"220.0","180.0","1.645","Shallow","11"
"240.0","180.0","2.628","Shallow","11"
"260.0","180.0","2.265","Shallow","11"
"280.0","180.0","0.801","Shallow","11"
"300.0","180.0","-0.928","Shallow","11"
"20.0","200.0","-0.628","Shallow","11"
"40.0","200.0","-0.979","Shallow","11"
"60.0","200.0","-1.626","Shallow","11"
"80.0","200.0","-2.434","Shallow","11"
"100.0","200.0","-3.161","Shallow","11"
"120.0","200.0","-3.487","Shallow","11"
"140.0","200.0","-3.119","Shallow","11"
"160.0","200.0","-1.958","Shallow","11"
"180.0","200.0","-0.235","Shallow","11"
"200.0","200.0","1.492","Shallow","11"
"220.0","200.0","2.548","Shallow","11"
"240.0","200.0","2.475","Shallow","11"
"260.0","200.0","1.313","Shallow","11"
"280.0","200.0","-0.358","Shallow","11"
"300.0","200.0","-1.69","Shallow","11"
"20.0","220.0","-3.161","Shallow","11"
"40.0","220.0","-3.277","Shallow","11"
"60.0","220.0","-3.432","Shallow","11"
"80.0","220.0","-3.478","Shallow","11"
"100.0","220.0","-3.229","Shallow","11"
"120.0","220.0","-2.525","Shallow","11"
"140.0","220.0","-1.328","Shallow","11"
"160.0","220.0","0.19","Shallow","11"
"180.0","220.0","1.645","Shallow","11"
"200.0","220.0","2.548","Shallow","11"
"220.0","220.0","2.53","Shallow","11"
"240.0","220.0","1.555","Shallow","11"
"260.0","220.0","0.018","Shallow","11"
"280.0","220.0","-1.399","Shallow","11"
"300.0","220.0","-2.044","Shallow","11"
"20.0","240.0","-3.119","Shallow","11"
"40.0","240.0","-2.992","Shallow","11"
"60.0","240.0","-2.693","Shallow","11"
"80.0","240.0","-2.155","Shallow","11"
"100.0","240.0","-1.328","Shallow","11"
"120.0","240.0","-0.235","Shallow","11"
"140.0","240.0","0.979","Shallow","11"
"160.0","240.0","2.043","Shallow","11"
"180.0","240.0","2.628","Shallow","11"
"200.0","240.0","2.475","Shallow","11"
"220.0","240.0","1.555","Shallow","11"
"240.0","240.0","0.147","Shallow","11"
"260.0","240.0","-1.224","Shallow","11"
"280.0","240.0","-1.995","Shallow","11"
"300.0","240.0","-1.841","Shallow","11"
"20.0","260.0","-0.891","Shallow","11"
"40.0","260.0","-0.672","Shallow","11"
"60.0","260.0","-0.235","Shallow","11"
"80.0","260.0","0.396","Shallow","11"
"100.0","260.0","1.158","Shallow","11"
"120.0","260.0","1.921","Shallow","11"
"140.0","260.0","2.492","Shallow","11"
"160.0","260.0","2.658","Shallow","11"
"180.0","260.0","2.265","Shallow","11"
"200.0","260.0","1.313","Shallow","11"
"220.0","260.0","0.018","Shallow","11"
"240.0","260.0","-1.224","Shallow","11"
"260.0","260.0","-1.968","Shallow","11"
"280.0","260.0","-1.919","Shallow","11"
"300.0","260.0","-1.098","Shallow","11"
"20.0","280.0","1.645","Shallow","11"
"40.0","280.0","1.788","Shallow","11"
"60.0","280.0","2.043","Shallow","11"
"80.0","280.0","2.346","Shallow","11"
"100.0","280.0","2.594","Shallow","11"
"120.0","280.0","2.658","Shallow","11"
"140.0","280.0","2.413","Shallow","11"
"160.0","280.0","1.783","Shallow","11"
"180.0","280.0","0.801","Shallow","11"
"200.0","280.0","-0.358","Shallow","11"
"220.0","280.0","-1.399","Shallow","11"
"240.0","280.0","-1.995","Shallow","11"
"260.0","280.0","-1.919","Shallow","11"
"280.0","280.0","-1.174","Shallow","11"
"300.0","280.0","-0.035","Shallow","11"
"20.0","300.0","2.666","Shallow","11"
"40.0","300.0","2.658","Shallow","11"
"60.0","300.0","2.612","Shallow","11"
"80.0","300.0","2.475","Shallow","11"
"100.0","300.0","2.18","Shallow","11"
"120.0","300.0","1.671","Shallow","11"
"140.0","300.0","0.932","Shallow","11"
"160.0","300.0","0.018","Shallow","11"
"180.0","300.0","-0.928","Shallow","11"
"200.0","300.0","-1.69","Shallow","11"
"220.0","300.0","-2.044","Shallow","11"
"240.0","300.0","-1.841","Shallow","11"
"260.0","300.0","-1.098","Shallow","11"
"280.0","300.0","-0.035","Shallow","11"
"300.0","300.0","0.977","Shallow","11"
"20.0","20.0","5.481","Shallow","12"
"40.0","20.0","5.508","Shallow","12"
"60.0","20.0","1.87","Shallow","12"
"80.0","20.0","-2.946","Shallow","12"
"100.0","20.0","-5.309","Shallow","12"
"120.0","20.0","-3.655","Shallow","12"
"140.0","20.0","0.441","Shallow","12"
"160.0","20.0","3.753","Shallow","12"
"180.0","20.0","3.996","Shallow","12"
"200.0","20.0","1.385","Shallow","12"
"220.0","20.0","-1.847","Shallow","12"
"240.0","20.0","-3.33","Shallow","12"
"260.0","20.0","-2.265","Shallow","12"
"280.0","20.0","0.239","Shallow","12"
"300.0","20.0","2.219","Shallow","12"
"20.0","40.0","5.508","Shallow","12"
"40.0","40.0","3.827","Shallow","12"
"60.0","40.0","0.006","Shallow","12"
"80.0","40.0","-3.964","Shallow","12"
"100.0","40.0","-5.282","Shallow","12"
"120.0","40.0","-3.015","Shallow","12"
"140.0","40.0","1.074","Shallow","12"
"160.0","40.0","3.984","Shallow","12"
"180.0","40.0","3.807","Shallow","12"
"200.0","40.0","1.028","Shallow","12"
"220.0","40.0","-2.091","Shallow","12"
"240.0","40.0","-3.335","Shallow","12"
"260.0","40.0","-2.093","Shallow","12"
"280.0","40.0","0.427","Shallow","12"
"300.0","40.0","2.295","Shallow","12"
"20.0","60.0","1.87","Shallow","12"
"40.0","60.0","0.006","Shallow","12"
"60.0","60.0","-2.946","Shallow","12"
"80.0","60.0","-5.12","Shallow","12"
"100.0","60.0","-4.71","Shallow","12"
"120.0","60.0","-1.63","Shallow","12"
"140.0","60.0","2.2","Shallow","12"
"160.0","60.0","4.261","Shallow","12"
"180.0","60.0","3.329","Shallow","12"
"200.0","60.0","0.319","Shallow","12"
"220.0","60.0","-2.516","Shallow","12"
"240.0","60.0","-3.284","Shallow","12"
"260.0","60.0","-1.729","Shallow","12"
"280.0","60.0","0.786","Shallow","12"
"300.0","60.0","2.416","Shallow","12"
"20.0","80.0","-2.946","Shallow","12"
"40.0","80.0","-3.964","Shallow","12"
"60.0","80.0","-5.12","Shallow","12"
"80.0","80.0","-5.072","Shallow","12"
"100.0","80.0","-3.015","Shallow","12"
"120.0","80.0","0.441","Shallow","12"
"140.0","80.0","3.458","Shallow","12"
"160.0","80.0","4.249","Shallow","12"
"180.0","80.0","2.421","Shallow","12"
"200.0","80.0","-0.692","Shallow","12"
"220.0","80.0","-2.988","Shallow","12"
"240.0","80.0","-3.072","Shallow","12"
"260.0","80.0","-1.146","Shallow","12"
"280.0","80.0","1.277","Shallow","12"
"300.0","80.0","2.525","Shallow","12"
"20.0","100.0","-5.309","Shallow","12"
"40.0","100.0","-5.282","Shallow","12"
"60.0","100.0","-4.71","Shallow","12"
"80.0","100.0","-3.015","Shallow","12"
"100.0","100.0","-0.229","Shallow","12"
"120.0","100.0","2.681","Shallow","12"
"140.0","100.0","4.261","Shallow","12"
"160.0","100.0","3.584","Shallow","12"
"180.0","100.0","1.028","Shallow","12"
"200.0","100.0","-1.847","Shallow","12"
"220.0","100.0","-3.305","Shallow","12"
"240.0","100.0","-2.581","Shallow","12"
"260.0","100.0","-0.345","Shallow","12"
"280.0","100.0","1.821","Shallow","12"
"300.0","100.0","2.538","Shallow","12"
"20.0","120.0","-3.655","Shallow","12"
"40.0","120.0","-3.015","Shallow","12"
"60.0","120.0","-1.63","Shallow","12"
"80.0","120.0","0.441","Shallow","12"
"100.0","120.0","2.681","Shallow","12"
"120.0","120.0","4.152","Shallow","12"
"140.0","120.0","3.996","Shallow","12"
"160.0","120.0","2.085","Shallow","12"
"180.0","120.0","-0.692","Shallow","12"
"200.0","120.0","-2.853","Shallow","12"
"220.0","120.0","-3.23","Shallow","12"
"240.0","120.0","-1.729","Shallow","12"
"260.0","120.0","0.609","Shallow","12"
"280.0","120.0","2.295","Shallow","12"
"300.0","120.0","2.361","Shallow","12"
"20.0","140.0","0.441","Shallow","12"
"40.0","140.0","1.074","Shallow","12"
"60.0","140.0","2.2","Shallow","12"
"80.0","140.0","3.458","Shallow","12"
"100.0","140.0","4.261","Shallow","12"
"120.0","140.0","3.996","Shallow","12"
"140.0","140.0","2.421","Shallow","12"
"160.0","140.0","-0.027","Shallow","12"
"180.0","140.0","-2.314","Shallow","12"
"200.0","140.0","-3.33","Shallow","12"
"220.0","140.0","-2.581","Shallow","12"
"240.0","140.0","-0.545","Shallow","12"
"260.0","140.0","1.566","Shallow","12"
"280.0","140.0","2.542","Shallow","12"
"300.0","140.0","1.916","Shallow","12"
"20.0","160.0","3.753","Shallow","12"
"40.0","160.0","3.984","Shallow","12"
"60.0","160.0","4.261","Shallow","12"
"80.0","160.0","4.249","Shallow","12"
"100.0","160.0","3.584","Shallow","12"
"120.0","160.0","2.085","Shallow","12"
"140.0","160.0","-0.027","Shallow","12"
"160.0","160.0","-2.091","Shallow","12"
"180.0","160.0","-3.259","Shallow","12"
"200.0","160.0","-2.97","Shallow","12"
"220.0","160.0","-1.343","Shallow","12"
"240.0","160.0","0.786","Shallow","12"
"260.0","160.0","2.295","Shallow","12"
"280.0","160.0","2.412","Shallow","12"
"300.0","160.0","1.18","Shallow","12"
"20.0","180.0","3.996","Shallow","12"
"40.0","180.0","3.807","Shallow","12"
"60.0","180.0","3.329","Shallow","12"
"80.0","180.0","2.421","Shallow","12"
"100.0","180.0","1.028","Shallow","12"
"120.0","180.0","-0.692","Shallow","12"
"140.0","180.0","-2.314","Shallow","12"
"160.0","180.0","-3.259","Shallow","12"
"180.0","180.0","-3.072","Shallow","12"
"200.0","180.0","-1.729","Shallow","12"
"220.0","180.0","0.239","Shallow","12"
"240.0","180.0","1.935","Shallow","12"
"260.0","180.0","2.548","Shallow","12"
"280.0","180.0","1.822","Shallow","12"
"300.0","180.0","0.219","Shallow","12"
"20.0","200.0","1.385","Shallow","12"
"40.0","200.0","1.028","Shallow","12"
"60.0","200.0","0.319","Shallow","12"
"80.0","200.0","-0.692","Shallow","12"
"100.0","200.0","-1.847","Shallow","12"
"120.0","200.0","-2.853","Shallow","12"
"140.0","200.0","-3.33","Shallow","12"
"160.0","200.0","-2.97","Shallow","12"
"180.0","200.0","-1.729","Shallow","12"
"200.0","200.0","0.048","Shallow","12"
"220.0","200.0","1.698","Shallow","12"
"240.0","200.0","2.525","Shallow","12"
"260.0","200.0","2.166","Shallow","12"
"280.0","200.0","0.825","Shallow","12"
"300.0","200.0","-0.792","Shallow","12"
"20.0","220.0","-1.847","Shallow","12"
"40.0","220.0","-2.091","Shallow","12"
"60.0","220.0","-2.516","Shallow","12"
"80.0","220.0","-2.988","Shallow","12"
"100.0","220.0","-3.305","Shallow","12"
"120.0","220.0","-3.23","Shallow","12"
"140.0","220.0","-2.581","Shallow","12"
"160.0","220.0","-1.343","Shallow","12"
"180.0","220.0","0.239","Shallow","12"
"200.0","220.0","1.698","Shallow","12"
"220.0","220.0","2.498","Shallow","12"
"240.0","220.0","2.303","Shallow","12"
"260.0","220.0","1.18","Shallow","12"
"280.0","220.0","-0.365","Shallow","12"
"300.0","220.0","-1.603","Shallow","12"
"20.0","240.0","-3.33","Shallow","12"
"40.0","240.0","-3.335","Shallow","12"
"60.0","240.0","-3.284","Shallow","12"
"80.0","240.0","-3.072","Shallow","12"
"100.0","240.0","-2.581","Shallow","12"
"120.0","240.0","-1.729","Shallow","12"
"140.0","240.0","-0.545","Shallow","12"
"160.0","240.0","0.786","Shallow","12"
"180.0","240.0","1.935","Shallow","12"
"200.0","240.0","2.525","Shallow","12"
"220.0","240.0","2.303","Shallow","12"
"240.0","240.0","1.294","Shallow","12"
"260.0","240.0","-0.136","Shallow","12"
"280.0","240.0","-1.404","Shallow","12"
"300.0","240.0","-1.962","Shallow","12"
"20.0","260.0","-2.265","Shallow","12"
"40.0","260.0","-2.093","Shallow","12"
"60.0","260.0","-1.729","Shallow","12"
"80.0","260.0","-1.146","Shallow","12"
"100.0","260.0","-0.345","Shallow","12"
"120.0","260.0","0.609","Shallow","12"
"140.0","260.0","1.566","Shallow","12"
"160.0","260.0","2.295","Shallow","12"
"180.0","260.0","2.548","Shallow","12"
"200.0","260.0","2.166","Shallow","12"
"220.0","260.0","1.18","Shallow","12"
"240.0","260.0","-0.136","Shallow","12"
"260.0","260.0","-1.329","Shallow","12"
"280.0","260.0","-1.94","Shallow","12"
"300.0","260.0","-1.722","Shallow","12"
"20.0","280.0","0.239","Shallow","12"
"40.0","280.0","0.427","Shallow","12"
"60.0","280.0","0.786","Shallow","12"
"80.0","280.0","1.277","Shallow","12"
"100.0","280.0","1.821","Shallow","12"
"120.0","280.0","2.295","Shallow","12"
"140.0","280.0","2.542","Shallow","12"
"160.0","280.0","2.412","Shallow","12"
"180.0","280.0","1.822","Shallow","12"
"200.0","280.0","0.825","Shallow","12"
"220.0","280.0","-0.365","Shallow","12"
"240.0","280.0","-1.404","Shallow","12"
"260.0","280.0","-1.94","Shallow","12"
"280.0","280.0","-1.764","Shallow","12"
"300.0","280.0","-0.933","Shallow","12"
"20.0","300.0","2.219","Shallow","12"
"40.0","300.0","2.295","Shallow","12"
"60.0","300.0","2.416","Shallow","12"
"80.0","300.0","2.525","Shallow","12"
"100.0","300.0","2.538","Shallow","12"
"120.0","300.0","2.361","Shallow","12"
"140.0","300.0","1.916","Shallow","12"
"160.0","300.0","1.18","Shallow","12"
"180.0","300.0","0.219","Shallow","12"
"200.0","300.0","-0.792","Shallow","12"
"220.0","300.0","-1.603","Shallow","12"
"240.0","300.0","-1.962","Shallow","12"
"260.0","300.0","-1.722","Shallow","12"
"280.0","300.0","-0.933","Shallow","12"
"300.0","300.0","0.138","Shallow","12"
"20.0","20.0","2.351","Deep","1"
"40.0","20.0","4.643","Deep","1"
"60.0","20.0","5.74","Deep","1"
"80.0","20.0","5.034","Deep","1"
"100.0","20.0","2.821","Deep","1"
"120.0","20.0","-0.066","Deep","1"
"140.0","20.0","-2.636","Deep","1"
"160.0","20.0","-4.108","Deep","1"
"180.0","20.0","-4.151","Deep","1"
"200.0","20.0","-2.934","Deep","1"
"220.0","20.0","-0.998","Deep","1"
"240.0","20.0","0.968","Deep","1"
"260.0","20.0","2.366","Deep","1"
"280.0","20.0","2.858","Deep","1"
"300.0","20.0","2.425","Deep","1"
"20.0","40.0","4.643","Deep","1"
"40.0","40.0","5.472","Deep","1"
"60.0","40.0","5.687","Deep","1"
"80.0","40.0","4.547","Deep","1"
"100.0","40.0","2.218","Deep","1"
"120.0","40.0","-0.576","Deep","1"
"140.0","40.0","-2.945","Deep","1"
"160.0","40.0","-4.197","Deep","1"
"180.0","40.0","-4.066","Deep","1"
"200.0","40.0","-2.753","Deep","1"
"220.0","40.0","-0.803","Deep","1"
"240.0","40.0","1.118","Deep","1"
"260.0","40.0","2.441","Deep","1"
"280.0","40.0","2.855","Deep","1"
"300.0","40.0","2.367","Deep","1"
"20.0","60.0","5.74","Deep","1"
"40.0","60.0","5.687","Deep","1"
"60.0","60.0","5.034","Deep","1"
"80.0","60.0","3.421","Deep","1"
"100.0","60.0","1.036","Deep","1"
"120.0","60.0","-1.502","Deep","1"
"140.0","60.0","-3.46","Deep","1"
"160.0","60.0","-4.296","Deep","1"
"180.0","60.0","-3.851","Deep","1"
"200.0","60.0","-2.378","Deep","1"
"220.0","60.0","-0.418","Deep","1"
"240.0","60.0","1.402","Deep","1"
"260.0","60.0","2.571","Deep","1"
"280.0","60.0","2.836","Deep","1"
"300.0","60.0","2.242","Deep","1"
"20.0","80.0","5.034","Deep","1"
"40.0","80.0","4.547","Deep","1"
"60.0","80.0","3.421","Deep","1"
"80.0","80.0","1.62","Deep","1"
"100.0","80.0","-0.576","Deep","1"
"120.0","80.0","-2.636","Deep","1"
"140.0","80.0","-3.991","Deep","1"
"160.0","80.0","-4.269","Deep","1"
"180.0","80.0","-3.434","Deep","1"
"200.0","80.0","-1.791","Deep","1"
"220.0","80.0","0.135","Deep","1"
"240.0","80.0","1.781","Deep","1"
"260.0","80.0","2.719","Deep","1"
"280.0","80.0","2.772","Deep","1"
"300.0","80.0","2.036","Deep","1"
"20.0","100.0","2.821","Deep","1"
"40.0","100.0","2.218","Deep","1"
"60.0","100.0","1.036","Deep","1"
"80.0","100.0","-0.576","Deep","1"
"100.0","100.0","-2.293","Deep","1"
"120.0","100.0","-3.668","Deep","1"
"140.0","100.0","-4.296","Deep","1"
"160.0","100.0","-3.965","Deep","1"
"180.0","100.0","-2.753","Deep","1"
"200.0","100.0","-0.998","Deep","1"
"220.0","100.0","0.811","Deep","1"
"240.0","100.0","2.197","Deep","1"
"260.0","100.0","2.832","Deep","1"
"280.0","100.0","2.627","Deep","1"
"300.0","100.0","1.735","Deep","1"
"20.0","120.0","-0.066","Deep","1"
"40.0","120.0","-0.576","Deep","1"
"60.0","120.0","-1.502","Deep","1"
"80.0","120.0","-2.636","Deep","1"
"100.0","120.0","-3.668","Deep","1"
"120.0","120.0","-4.259","Deep","1"
"140.0","120.0","-4.151","Deep","1"
"160.0","120.0","-3.275","Deep","1"
"180.0","120.0","-1.791","Deep","1"
"200.0","120.0","-0.046","Deep","1"
"220.0","120.0","1.534","Deep","1"
"240.0","120.0","2.571","Deep","1"
"260.0","120.0","2.848","Deep","1"
"280.0","120.0","2.367","Deep","1"
"300.0","120.0","1.329","Deep","1"
"20.0","140.0","-2.636","Deep","1"
"40.0","140.0","-2.945","Deep","1"
"60.0","140.0","-3.46","Deep","1"
"80.0","140.0","-3.991","Deep","1"
"100.0","140.0","-4.296","Deep","1"
"120.0","140.0","-4.151","Deep","1"
"140.0","140.0","-3.434","Deep","1"
"160.0","140.0","-2.185","Deep","1"
"180.0","140.0","-0.609","Deep","1"
"200.0","140.0","0.968","Deep","1"
"220.0","140.0","2.197","Deep","1"
"240.0","140.0","2.813","Deep","1"
"260.0","140.0","2.708","Deep","1"
"280.0","140.0","1.963","Deep","1"
"300.0","140.0","0.821","Deep","1"
"20.0","160.0","-4.108","Deep","1"
"40.0","160.0","-4.197","Deep","1"
"60.0","160.0","-4.296","Deep","1"
"80.0","160.0","-4.269","Deep","1"
"100.0","160.0","-3.965","Deep","1"
"120.0","160.0","-3.275","Deep","1"
"140.0","160.0","-2.185","Deep","1"
"160.0","160.0","-0.803","Deep","1"
"180.0","160.0","0.65","Deep","1"
"200.0","160.0","1.895","Deep","1"
"220.0","160.0","2.676","Deep","1"
"240.0","160.0","2.836","Deep","1"
"260.0","160.0","2.367","Deep","1"
"280.0","160.0","1.412","Deep","1"
"300.0","160.0","0.233","Deep","1"
"20.0","180.0","-4.151","Deep","1"
"40.0","180.0","-4.066","Deep","1"
"60.0","180.0","-3.851","Deep","1"
"80.0","180.0","-3.434","Deep","1"
"100.0","180.0","-2.753","Deep","1"
"120.0","180.0","-1.791","Deep","1"
"140.0","180.0","-0.609","Deep","1"
"160.0","180.0","0.65","Deep","1"
"180.0","180.0","1.781","Deep","1"
"200.0","180.0","2.571","Deep","1"
"220.0","180.0","2.858","Deep","1"
"240.0","180.0","2.582","Deep","1"
"260.0","180.0","1.813","Deep","1"
"280.0","180.0","0.736","Deep","1"
"300.0","180.0","-0.393","Deep","1"
"20.0","200.0","-2.934","Deep","1"
"40.0","200.0","-2.753","Deep","1"
"60.0","200.0","-2.378","Deep","1"
"80.0","200.0","-1.791","Deep","1"
"100.0","200.0","-0.998","Deep","1"
"120.0","200.0","-0.046","Deep","1"
"140.0","200.0","0.968","Deep","1"
"160.0","200.0","1.895","Deep","1"
"180.0","200.0","2.571","Deep","1"
"200.0","200.0","2.854","Deep","1"
"220.0","200.0","2.669","Deep","1"
"240.0","200.0","2.036","Deep","1"
"260.0","200.0","1.076","Deep","1"
"280.0","200.0","-0.01","Deep","1"
"300.0","200.0","-0.991","Deep","1"
"20.0","220.0","-0.998","Deep","1"
"40.0","220.0","-0.803","Deep","1"
"60.0","220.0","-0.418","Deep","1"
"80.0","220.0","0.135","Deep","1"
"100.0","220.0","0.811","Deep","1"
"120.0","220.0","1.534","Deep","1"
"140.0","220.0","2.197","Deep","1"
"160.0","220.0","2.676","Deep","1"
"180.0","220.0","2.858","Deep","1"
"200.0","220.0","2.669","Deep","1"
"220.0","220.0","2.107","Deep","1"
"240.0","220.0","1.245","Deep","1"
"260.0","220.0","0.233","Deep","1"
"280.0","220.0","-0.741","Deep","1"
"300.0","220.0","-1.488","Deep","1"
"20.0","240.0","0.968","Deep","1"
"40.0","240.0","1.118","Deep","1"
"60.0","240.0","1.402","Deep","1"
"80.0","240.0","1.781","Deep","1"
"100.0","240.0","2.197","Deep","1"
"120.0","240.0","2.571","Deep","1"
"140.0","240.0","2.813","Deep","1"
"160.0","240.0","2.836","Deep","1"
"180.0","240.0","2.582","Deep","1"
"200.0","240.0","2.036","Deep","1"
"220.0","240.0","1.245","Deep","1"
"240.0","240.0","0.315","Deep","1"
"260.0","240.0","-0.607","Deep","1"
"280.0","240.0","-1.359","Deep","1"
"300.0","240.0","-1.806","Deep","1"
"20.0","260.0","2.366","Deep","1"
"40.0","260.0","2.441","Deep","1"
"60.0","260.0","2.571","Deep","1"
"80.0","260.0","2.719","Deep","1"
"100.0","260.0","2.832","Deep","1"
"120.0","260.0","2.848","Deep","1"
"140.0","260.0","2.708","Deep","1"
"160.0","260.0","2.367","Deep","1"
"180.0","260.0","1.813","Deep","1"
"200.0","260.0","1.076","Deep","1"
"220.0","260.0","0.233","Deep","1"
"240.0","260.0","-0.607","Deep","1"
"260.0","260.0","-1.312","Deep","1"
"280.0","260.0","-1.766","Deep","1"
"300.0","260.0","-1.89","Deep","1"
"20.0","280.0","2.858","Deep","1"
"40.0","280.0","2.855","Deep","1"
"60.0","280.0","2.836","Deep","1"
"80.0","280.0","2.772","Deep","1"
"100.0","280.0","2.627","Deep","1"
"120.0","280.0","2.367","Deep","1"
"140.0","280.0","1.963","Deep","1"
"160.0","280.0","1.412","Deep","1"
"180.0","280.0","0.736","Deep","1"
"200.0","280.0","-0.01","Deep","1"
"220.0","280.0","-0.741","Deep","1"
"240.0","280.0","-1.359","Deep","1"
"260.0","280.0","-1.766","Deep","1"
"280.0","280.0","-1.893","Deep","1"
"300.0","280.0","-1.714","Deep","1"
"20.0","300.0","2.425","Deep","1"
"40.0","300.0","2.367","Deep","1"
"60.0","300.0","2.242","Deep","1"
"80.0","300.0","2.036","Deep","1"
"100.0","300.0","1.735","Deep","1"
"120.0","300.0","1.329","Deep","1"
"140.0","300.0","0.821","Deep","1"
"160.0","300.0","0.233","Deep","1"
"180.0","300.0","-0.393","Deep","1"
"200.0","300.0","-0.991","Deep","1"
"220.0","300.0","-1.488","Deep","1"
"240.0","300.0","-1.806","Deep","1"
"260.0","300.0","-1.89","Deep","1"
"280.0","300.0","-1.714","Deep","1"
"300.0","300.0","-1.296","Deep","1"
"20.0","20.0","-0.714","Deep","2"
"40.0","20.0","2.191","Deep","2"
"60.0","20.0","4.641","Deep","2"
"80.0","20.0","5.571","Deep","2"
"100.0","20.0","4.717","Deep","2"
"120.0","20.0","2.484","Deep","2"
"140.0","20.0","-0.281","Deep","2"
"160.0","20.0","-2.643","Deep","2"
"180.0","20.0","-3.911","Deep","2"
"200.0","20.0","-3.831","Deep","2"
"220.0","20.0","-2.609","Deep","2"
"240.0","20.0","-0.773","Deep","2"
"260.0","20.0","1.036","Deep","2"
"280.0","20.0","2.277","Deep","2"
"300.0","20.0","2.661","Deep","2"
"20.0","40.0","2.191","Deep","2"
"40.0","40.0","3.712","Deep","2"
"60.0","40.0","5.195","Deep","2"
"80.0","40.0","5.508","Deep","2"
"100.0","40.0","4.325","Deep","2"
"120.0","40.0","2.001","Deep","2"
"140.0","40.0","-0.687","Deep","2"
"160.0","40.0","-2.884","Deep","2"
"180.0","40.0","-3.971","Deep","2"
"200.0","40.0","-3.75","Deep","2"
"220.0","40.0","-2.451","Deep","2"
"240.0","40.0","-0.606","Deep","2"
"260.0","40.0","1.161","Deep","2"
"280.0","40.0","2.336","Deep","2"
"300.0","40.0","2.654","Deep","2"
"20.0","60.0","4.641","Deep","2"
"40.0","60.0","5.195","Deep","2"
"60.0","60.0","5.571","Deep","2"
"80.0","60.0","5.057","Deep","2"
"100.0","60.0","3.439","Deep","2"
"120.0","60.0","1.049","Deep","2"
"140.0","60.0","-1.434","Deep","2"
"160.0","60.0","-3.292","Deep","2"
"180.0","60.0","-4.034","Deep","2"
"200.0","60.0","-3.554","Deep","2"
"220.0","60.0","-2.125","Deep","2"
"240.0","60.0","-0.279","Deep","2"
"260.0","60.0","1.398","Deep","2"
"280.0","60.0","2.44","Deep","2"
"300.0","60.0","2.629","Deep","2"
"20.0","80.0","5.571","Deep","2"
"40.0","80.0","5.508","Deep","2"
"60.0","80.0","5.057","Deep","2"
"80.0","80.0","3.895","Deep","2"
"100.0","80.0","2.001","Deep","2"
"120.0","80.0","-0.281","Deep","2"
"140.0","80.0","-2.378","Deep","2"
"160.0","80.0","-3.729","Deep","2"
"180.0","80.0","-4.0","Deep","2"
"200.0","80.0","-3.19","Deep","2"
"220.0","80.0","-1.621","Deep","2"
"240.0","80.0","0.192","Deep","2"
"260.0","80.0","1.716","Deep","2"
"280.0","80.0","2.557","Deep","2"
"300.0","80.0","2.564","Deep","2"
"20.0","100.0","4.717","Deep","2"
"40.0","100.0","4.325","Deep","2"
"60.0","100.0","3.439","Deep","2"
"80.0","100.0","2.001","Deep","2"
"100.0","100.0","0.146","Deep","2"
"120.0","100.0","-1.773","Deep","2"
"140.0","100.0","-3.292","Deep","2"
"160.0","100.0","-4.012","Deep","2"
"180.0","100.0","-3.75","Deep","2"
"200.0","100.0","-2.609","Deep","2"
"220.0","100.0","-0.941","Deep","2"
"240.0","100.0","0.771","Deep","2"
"260.0","100.0","2.068","Deep","2"
"280.0","100.0","2.645","Deep","2"
"300.0","100.0","2.429","Deep","2"
"20.0","120.0","2.484","Deep","2"
"40.0","120.0","2.001","Deep","2"
"60.0","120.0","1.049","Deep","2"
"80.0","120.0","-0.281","Deep","2"
"100.0","120.0","-1.773","Deep","2"
"120.0","120.0","-3.1","Deep","2"
"140.0","120.0","-3.911","Deep","2"
"160.0","120.0","-3.957","Deep","2"
"180.0","120.0","-3.19","Deep","2"
"200.0","120.0","-1.791","Deep","2"
"220.0","120.0","-0.119","Deep","2"
"240.0","120.0","1.398","Deep","2"
"260.0","120.0","2.391","Deep","2"
"280.0","120.0","2.654","Deep","2"
"300.0","120.0","2.196","Deep","2"
"20.0","140.0","-0.281","Deep","2"
"40.0","140.0","-0.687","Deep","2"
"60.0","140.0","-1.434","Deep","2"
"80.0","140.0","-2.378","Deep","2"
"100.0","140.0","-3.292","Deep","2"
"120.0","140.0","-3.911","Deep","2"
"140.0","140.0","-4.0","Deep","2"
"160.0","140.0","-3.441","Deep","2"
"180.0","140.0","-2.29","Deep","2"
"200.0","140.0","-0.773","Deep","2"
"220.0","140.0","0.771","Deep","2"
"240.0","140.0","1.988","Deep","2"
"260.0","140.0","2.61","Deep","2"
"280.0","140.0","2.535","Deep","2"
"300.0","140.0","1.842","Deep","2"
"20.0","160.0","-2.643","Deep","2"
"40.0","160.0","-2.884","Deep","2"
"60.0","160.0","-3.292","Deep","2"
"80.0","160.0","-3.729","Deep","2"
"100.0","160.0","-4.012","Deep","2"
"120.0","160.0","-3.957","Deep","2"
"140.0","160.0","-3.441","Deep","2"
"160.0","160.0","-2.451","Deep","2"
"180.0","160.0","-1.11","Deep","2"
"200.0","160.0","0.343","Deep","2"
"220.0","160.0","1.615","Deep","2"
"240.0","160.0","2.44","Deep","2"
"260.0","160.0","2.654","Deep","2"
"280.0","160.0","2.247","Deep","2"
"300.0","160.0","1.36","Deep","2"
"20.0","180.0","-3.911","Deep","2"
"40.0","180.0","-3.971","Deep","2"
"60.0","180.0","-4.034","Deep","2"
"80.0","180.0","-4.0","Deep","2"
"100.0","180.0","-3.75","Deep","2"
"120.0","180.0","-3.19","Deep","2"
"140.0","180.0","-2.29","Deep","2"
"160.0","180.0","-1.11","Deep","2"
"180.0","180.0","0.192","Deep","2"
"200.0","180.0","1.398","Deep","2"
"220.0","180.0","2.277","Deep","2"
"240.0","180.0","2.656","Deep","2"
"260.0","180.0","2.467","Deep","2"
"280.0","180.0","1.777","Deep","2"
"300.0","180.0","0.765","Deep","2"
"20.0","200.0","-3.831","Deep","2"
"40.0","200.0","-3.75","Deep","2"
"60.0","200.0","-3.554","Deep","2"
"80.0","200.0","-3.19","Deep","2"
"100.0","200.0","-2.609","Deep","2"
"120.0","200.0","-1.791","Deep","2"
"140.0","200.0","-0.773","Deep","2"
"160.0","200.0","0.343","Deep","2"
"180.0","200.0","1.398","Deep","2"
"200.0","200.0","2.212","Deep","2"
"220.0","200.0","2.63","Deep","2"
"240.0","200.0","2.564","Deep","2"
"260.0","200.0","2.027","Deep","2"
"280.0","200.0","1.14","Deep","2"
"300.0","200.0","0.101","Deep","2"
"20.0","220.0","-2.609","Deep","2"
"40.0","220.0","-2.451","Deep","2"
"60.0","220.0","-2.125","Deep","2"
"80.0","220.0","-1.621","Deep","2"
"100.0","220.0","-0.941","Deep","2"
"120.0","220.0","-0.119","Deep","2"
"140.0","220.0","0.771","Deep","2"
"160.0","220.0","1.615","Deep","2"
"180.0","220.0","2.277","Deep","2"
"200.0","220.0","2.63","Deep","2"
"220.0","220.0","2.589","Deep","2"
"240.0","220.0","2.142","Deep","2"
"260.0","220.0","1.36","Deep","2"
"280.0","220.0","0.392","Deep","2"
"300.0","220.0","-0.568","Deep","2"
"20.0","240.0","-0.773","Deep","2"
"40.0","240.0","-0.606","Deep","2"
"60.0","240.0","-0.279","Deep","2"
"80.0","240.0","0.192","Deep","2"
"100.0","240.0","0.771","Deep","2"
"120.0","240.0","1.398","Deep","2"
"140.0","240.0","1.988","Deep","2"
"160.0","240.0","2.44","Deep","2"
"180.0","240.0","2.656","Deep","2"
"200.0","240.0","2.564","Deep","2"
"220.0","240.0","2.142","Deep","2"
"240.0","240.0","1.432","Deep","2"
"260.0","240.0","0.541","Deep","2"
"280.0","240.0","-0.378","Deep","2"
"300.0","240.0","-1.156","Deep","2"
"20.0","260.0","1.036","Deep","2"
"40.0","260.0","1.161","Deep","2"
"60.0","260.0","1.398","Deep","2"
"80.0","260.0","1.716","Deep","2"
"100.0","260.0","2.068","Deep","2"
"120.0","260.0","2.391","Deep","2"
"140.0","260.0","2.61","Deep","2"
"160.0","260.0","2.654","Deep","2"
"180.0","260.0","2.467","Deep","2"
"200.0","260.0","2.027","Deep","2"
"220.0","260.0","1.36","Deep","2"
"240.0","260.0","0.541","Deep","2"
"260.0","260.0","-0.313","Deep","2"
"280.0","260.0","-1.063","Deep","2"
"300.0","260.0","-1.58","Deep","2"
"20.0","280.0","2.277","Deep","2"
"40.0","280.0","2.336","Deep","2"
"60.0","280.0","2.44","Deep","2"
"80.0","280.0","2.557","Deep","2"
"100.0","280.0","2.645","Deep","2"
"120.0","280.0","2.654","Deep","2"
"140.0","280.0","2.535","Deep","2"
"160.0","280.0","2.247","Deep","2"
"180.0","280.0","1.777","Deep","2"
"200.0","280.0","1.14","Deep","2"
"220.0","280.0","0.392","Deep","2"
"240.0","280.0","-0.378","Deep","2"
"260.0","280.0","-1.063","Deep","2"
"280.0","280.0","-1.554","Deep","2"
"300.0","280.0","-1.769","Deep","2"
"20.0","300.0","2.661","Deep","2"
"40.0","300.0","2.654","Deep","2"
"60.0","300.0","2.629","Deep","2"
"80.0","300.0","2.564","Deep","2"
"100.0","300.0","2.429","Deep","2"
"120.0","300.0","2.196","Deep","2"
"140.0","300.0","1.842","Deep","2"
"160.0","300.0","1.36","Deep","2"
"180.0","300.0","0.765","Deep","2"
"200.0","300.0","0.101","Deep","2"
"220.0","300.0","-0.568","Deep","2"
"240.0","300.0","-1.156","Deep","2"
"260.0","300.0","-1.58","Deep","2"
"280.0","300.0","-1.769","Deep","2"
"300.0","300.0","-1.688","Deep","2"
"20.0","20.0","-3.588","Deep","3"
"40.0","20.0","-0.849","Deep","3"
"60.0","20.0","2.298","Deep","3"
"80.0","20.0","4.616","Deep","3"
"100.0","20.0","5.348","Deep","3"
"120.0","20.0","4.368","Deep","3"
"140.0","20.0","2.15","Deep","3"
"160.0","20.0","-0.47","Deep","3"
"180.0","20.0","-2.623","Deep","3"
"200.0","20.0","-3.702","Deep","3"
"220.0","20.0","-3.52","Deep","3"
"240.0","20.0","-2.306","Deep","3"
"260.0","20.0","-0.572","Deep","3"
"280.0","20.0","1.086","Deep","3"
"300.0","20.0","2.184","Deep","3"
"20.0","40.0","-0.849","Deep","3"
"40.0","40.0","0.957","Deep","3"
"60.0","40.0","3.311","Deep","3"
"80.0","40.0","4.993","Deep","3"
"100.0","40.0","5.273","Deep","3"
"120.0","40.0","4.041","Deep","3"
"140.0","40.0","1.755","Deep","3"
"160.0","40.0","-0.798","Deep","3"
"180.0","40.0","-2.812","Deep","3"
"200.0","40.0","-3.741","Deep","3"
"220.0","40.0","-3.442","Deep","3"
"240.0","40.0","-2.168","Deep","3"
"260.0","40.0","-0.43","Deep","3"
"280.0","40.0","1.191","Deep","3"
"300.0","40.0","2.231","Deep","3"
"20.0","60.0","2.298","Deep","3"
"40.0","60.0","3.311","Deep","3"
"60.0","60.0","4.616","Deep","3"
"80.0","60.0","5.338","Deep","3"
"100.0","60.0","4.919","Deep","3"
"120.0","60.0","3.319","Deep","3"
"140.0","60.0","0.976","Deep","3"
"160.0","60.0","-1.407","Deep","3"
"180.0","60.0","-3.137","Deep","3"
"200.0","60.0","-3.777","Deep","3"
"220.0","60.0","-3.263","Deep","3"
"240.0","60.0","-1.884","Deep","3"
"260.0","60.0","-0.15","Deep","3"
"280.0","60.0","1.389","Deep","3"
"300.0","60.0","2.313","Deep","3"
"20.0","80.0","4.616","Deep","3"
"40.0","80.0","4.993","Deep","3"
"60.0","80.0","5.338","Deep","3"
"80.0","80.0","5.126","Deep","3"
"100.0","80.0","4.041","Deep","3"
"120.0","80.0","2.15","Deep","3"
"140.0","80.0","-0.127","Deep","3"
"160.0","80.0","-2.19","Deep","3"
"180.0","80.0","-3.493","Deep","3"
"200.0","80.0","-3.734","Deep","3"
"220.0","80.0","-2.943","Deep","3"
"240.0","80.0","-1.448","Deep","3"
"260.0","80.0","0.253","Deep","3"
"280.0","80.0","1.656","Deep","3"
"300.0","80.0","2.404","Deep","3"
"20.0","100.0","5.348","Deep","3"
"40.0","100.0","5.273","Deep","3"
"60.0","100.0","4.919","Deep","3"
"80.0","100.0","4.041","Deep","3"
"100.0","100.0","2.545","Deep","3"
"120.0","100.0","0.597","Deep","3"
"140.0","100.0","-1.407","Deep","3"
"160.0","100.0","-2.983","Deep","3"
"180.0","100.0","-3.741","Deep","3"
"200.0","100.0","-3.52","Deep","3"
"220.0","100.0","-2.441","Deep","3"
"240.0","100.0","-0.861","Deep","3"
"260.0","100.0","0.749","Deep","3"
"280.0","100.0","1.954","Deep","3"
"300.0","100.0","2.472","Deep","3"
"20.0","120.0","4.368","Deep","3"
"40.0","120.0","4.041","Deep","3"
"60.0","120.0","3.319","Deep","3"
"80.0","120.0","2.15","Deep","3"
"100.0","120.0","0.597","Deep","3"
"120.0","120.0","-1.111","Deep","3"
"140.0","120.0","-2.623","Deep","3"
"160.0","120.0","-3.579","Deep","3"
"180.0","120.0","-3.734","Deep","3"
"200.0","120.0","-3.056","Deep","3"
"220.0","120.0","-1.74","Deep","3"
"240.0","120.0","-0.15","Deep","3"
"260.0","120.0","1.292","Deep","3"
"280.0","120.0","2.231","Deep","3"
"300.0","120.0","2.474","Deep","3"
"20.0","140.0","2.15","Deep","3"
"40.0","140.0","1.755","Deep","3"
"60.0","140.0","0.976","Deep","3"
"80.0","140.0","-0.127","Deep","3"
"100.0","140.0","-1.407","Deep","3"
"120.0","140.0","-2.623","Deep","3"
"140.0","140.0","-3.493","Deep","3"
"160.0","140.0","-3.775","Deep","3"
"180.0","140.0","-3.357","Deep","3"
"200.0","140.0","-2.306","Deep","3"
"220.0","140.0","-0.861","Deep","3"
"240.0","140.0","0.63","Deep","3"
"260.0","140.0","1.814","Deep","3"
"280.0","140.0","2.427","Deep","3"
"300.0","140.0","2.369","Deep","3"
"20.0","160.0","-0.47","Deep","3"
"40.0","160.0","-0.798","Deep","3"
"60.0","160.0","-1.407","Deep","3"
"80.0","160.0","-2.19","Deep","3"
"100.0","160.0","-2.983","Deep","3"
"120.0","160.0","-3.579","Deep","3"
"140.0","160.0","-3.775","Deep","3"
"160.0","160.0","-3.442","Deep","3"
"180.0","160.0","-2.573","Deep","3"
"200.0","160.0","-1.301","Deep","3"
"220.0","160.0","0.121","Deep","3"
"240.0","160.0","1.389","Deep","3"
"260.0","160.0","2.231","Deep","3"
"280.0","160.0","2.48","Deep","3"
"300.0","160.0","2.123","Deep","3"
"20.0","180.0","-2.623","Deep","3"
"40.0","180.0","-2.812","Deep","3"
"60.0","180.0","-3.137","Deep","3"
"80.0","180.0","-3.493","Deep","3"
"100.0","180.0","-3.741","Deep","3"
"120.0","180.0","-3.734","Deep","3"
"140.0","180.0","-3.357","Deep","3"
"160.0","180.0","-2.573","Deep","3"
"180.0","180.0","-1.448","Deep","3"
"200.0","180.0","-0.15","Deep","3"
"220.0","180.0","1.086","Deep","3"
"240.0","180.0","2.018","Deep","3"
"260.0","180.0","2.461","Deep","3"
"280.0","180.0","2.341","Deep","3"
"300.0","180.0","1.719","Deep","3"
"20.0","200.0","-3.702","Deep","3"
"40.0","200.0","-3.741","Deep","3"
"60.0","200.0","-3.777","Deep","3"
"80.0","200.0","-3.734","Deep","3"
"100.0","200.0","-3.52","Deep","3"
"120.0","200.0","-3.056","Deep","3"
"140.0","200.0","-2.306","Deep","3"
"160.0","200.0","-1.301","Deep","3"
"180.0","200.0","-0.15","Deep","3"
"200.0","200.0","0.978","Deep","3"
"220.0","200.0","1.886","Deep","3"
"240.0","200.0","2.404","Deep","3"
"260.0","200.0","2.435","Deep","3"
"280.0","200.0","1.984","Deep","3"
"300.0","200.0","1.166","Deep","3"
"20.0","220.0","-3.52","Deep","3"
"40.0","220.0","-3.442","Deep","3"
"60.0","220.0","-3.263","Deep","3"
"80.0","220.0","-2.943","Deep","3"
"100.0","220.0","-2.441","Deep","3"
"120.0","220.0","-1.74","Deep","3"
"140.0","220.0","-0.861","Deep","3"
"160.0","220.0","0.121","Deep","3"
"180.0","220.0","1.086","Deep","3"
"200.0","220.0","1.886","Deep","3"
"220.0","220.0","2.378","Deep","3"
"240.0","220.0","2.464","Deep","3"
"260.0","220.0","2.123","Deep","3"
"280.0","220.0","1.42","Deep","3"
"300.0","220.0","0.505","Deep","3"
"20.0","240.0","-2.306","Deep","3"
"40.0","240.0","-2.168","Deep","3"
"60.0","240.0","-1.884","Deep","3"
"80.0","240.0","-1.448","Deep","3"
"100.0","240.0","-0.861","Deep","3"
"120.0","240.0","-0.15","Deep","3"
"140.0","240.0","0.63","Deep","3"
"160.0","240.0","1.389","Deep","3"
"180.0","240.0","2.018","Deep","3"
"200.0","240.0","2.404","Deep","3"
"220.0","240.0","2.464","Deep","3"
"240.0","240.0","2.165","Deep","3"
"260.0","240.0","1.543","Deep","3"
"280.0","240.0","0.704","Deep","3"
"300.0","240.0","-0.196","Deep","3"
"20.0","260.0","-0.572","Deep","3"
"40.0","260.0","-0.43","Deep","3"
"60.0","260.0","-0.15","Deep","3"
"80.0","260.0","0.253","Deep","3"
"100.0","260.0","0.749","Deep","3"
"120.0","260.0","1.292","Deep","3"
"140.0","260.0","1.814","Deep","3"
"160.0","260.0","2.231","Deep","3"
"180.0","260.0","2.461","Deep","3"
"200.0","260.0","2.435","Deep","3"
"220.0","260.0","2.123","Deep","3"
"240.0","260.0","1.543","Deep","3"
"260.0","260.0","0.77","Deep","3"
"280.0","260.0","-0.074","Deep","3"
"300.0","260.0","-0.846","Deep","3"
"20.0","280.0","1.086","Deep","3"
"40.0","280.0","1.191","Deep","3"
"60.0","280.0","1.389","Deep","3"
"80.0","280.0","1.656","Deep","3"
"100.0","280.0","1.954","Deep","3"
"120.0","280.0","2.231","Deep","3"
"140.0","280.0","2.427","Deep","3"
"160.0","280.0","2.48","Deep","3"
"180.0","280.0","2.341","Deep","3"
"200.0","280.0","1.984","Deep","3"
"220.0","280.0","1.42","Deep","3"
"240.0","280.0","0.704","Deep","3"
"260.0","280.0","-0.074","Deep","3"
"280.0","280.0","-0.798","Deep","3"
"300.0","280.0","-1.35","Deep","3"
"20.0","300.0","2.184","Deep","3"
"40.0","300.0","2.231","Deep","3"
"60.0","300.0","2.313","Deep","3"
"80.0","300.0","2.404","Deep","3"
"100.0","300.0","2.472","Deep","3"
"120.0","300.0","2.474","Deep","3"
"140.0","300.0","2.369","Deep","3"
"160.0","300.0","2.123","Deep","3"
"180.0","300.0","1.719","Deep","3"
"200.0","300.0","1.166","Deep","3"
"220.0","300.0","0.505","Deep","3"
"240.0","300.0","-0.196","Deep","3"
"260.0","300.0","-0.846","Deep","3"
"280.0","300.0","-1.35","Deep","3"
"300.0","300.0","-1.627","Deep","3"
"20.0","20.0","-5.501","Deep","4"
"40.0","20.0","-3.661","Deep","4"
"60.0","20.0","-0.66","Deep","4"
"80.0","20.0","2.423","Deep","4"
"100.0","20.0","4.547","Deep","4"
"120.0","20.0","5.082","Deep","4"
"140.0","20.0","4.005","Deep","4"
"160.0","20.0","1.829","Deep","4"
"180.0","20.0","-0.632","Deep","4"
"200.0","20.0","-2.581","Deep","4"
"220.0","20.0","-3.488","Deep","4"
"240.0","20.0","-3.221","Deep","4"
"260.0","20.0","-2.027","Deep","4"
"280.0","20.0","-0.395","Deep","4"
"300.0","20.0","1.122","Deep","4"
"20.0","40.0","-3.661","Deep","4"
"40.0","40.0","-2.054","Deep","4"
"60.0","40.0","0.539","Deep","4"
"80.0","40.0","3.14","Deep","4"
"100.0","40.0","4.808","Deep","4"
"120.0","40.0","4.999","Deep","4"
"140.0","40.0","3.726","Deep","4"
"160.0","40.0","1.501","Deep","4"
"180.0","40.0","-0.9","Deep","4"
"200.0","40.0","-2.73","Deep","4"
"220.0","40.0","-3.512","Deep","4"
"240.0","40.0","-3.148","Deep","4"
"260.0","40.0","-1.905","Deep","4"
"280.0","40.0","-0.273","Deep","4"
"300.0","40.0","1.21","Deep","4"
"20.0","60.0","-0.66","Deep","4"
"40.0","60.0","0.539","Deep","4"
"60.0","60.0","2.423","Deep","4"
"80.0","60.0","4.189","Deep","4"
"100.0","60.0","5.082","Deep","4"
"120.0","60.0","4.7","Deep","4"
"140.0","60.0","3.124","Deep","4"
"160.0","60.0","0.856","Deep","4"
"180.0","60.0","-1.399","Deep","4"
"200.0","60.0","-2.989","Deep","4"
"220.0","60.0","-3.527","Deep","4"
"240.0","60.0","-2.985","Deep","4"
"260.0","60.0","-1.657","Deep","4"
"280.0","60.0","-0.033","Deep","4"
"300.0","60.0","1.376","Deep","4"
"20.0","80.0","2.423","Deep","4"
"40.0","80.0","3.14","Deep","4"
"60.0","80.0","4.189","Deep","4"
"80.0","80.0","4.984","Deep","4"
"100.0","80.0","4.999","Deep","4"
"120.0","80.0","4.005","Deep","4"
"140.0","80.0","2.157","Deep","4"
"160.0","80.0","-0.065","Deep","4"
"180.0","80.0","-2.051","Deep","4"
"200.0","80.0","-3.277","Deep","4"
"220.0","80.0","-3.476","Deep","4"
"240.0","80.0","-2.7","Deep","4"
"260.0","80.0","-1.278","Deep","4"
"280.0","80.0","0.312","Deep","4"
"300.0","80.0","1.601","Deep","4"
"20.0","100.0","4.547","Deep","4"
"40.0","100.0","4.808","Deep","4"
"60.0","100.0","5.082","Deep","4"
"80.0","100.0","4.999","Deep","4"
"100.0","100.0","4.263","Deep","4"
"120.0","100.0","2.808","Deep","4"
"140.0","100.0","0.856","Deep","4"
"160.0","100.0","-1.156","Deep","4"
"180.0","100.0","-2.73","Deep","4"
"200.0","100.0","-3.488","Deep","4"
"220.0","100.0","-3.287","Deep","4"
"240.0","100.0","-2.263","Deep","4"
"260.0","100.0","-0.77","Deep","4"
"280.0","100.0","0.739","Deep","4"
"300.0","100.0","1.852","Deep","4"
"20.0","120.0","5.082","Deep","4"
"40.0","120.0","4.999","Deep","4"
"60.0","120.0","4.7","Deep","4"
"80.0","120.0","4.005","Deep","4"
"100.0","120.0","2.808","Deep","4"
"120.0","120.0","1.176","Deep","4"
"140.0","120.0","-0.632","Deep","4"
"160.0","120.0","-2.241","Deep","4"
"180.0","120.0","-3.277","Deep","4"
"200.0","120.0","-3.502","Deep","4"
"220.0","120.0","-2.895","Deep","4"
"240.0","120.0","-1.657","Deep","4"
"260.0","120.0","-0.152","Deep","4"
"280.0","120.0","1.21","Deep","4"
"300.0","120.0","2.089","Deep","4"
"20.0","140.0","4.005","Deep","4"
"40.0","140.0","3.726","Deep","4"
"60.0","140.0","3.124","Deep","4"
"80.0","140.0","2.157","Deep","4"
"100.0","140.0","0.856","Deep","4"
"120.0","140.0","-0.632","Deep","4"
"140.0","140.0","-2.051","Deep","4"
"160.0","140.0","-3.098","Deep","4"
"180.0","140.0","-3.524","Deep","4"
"200.0","140.0","-3.221","Deep","4"
"220.0","140.0","-2.263","Deep","4"
"240.0","140.0","-0.896","Deep","4"
"260.0","140.0","0.531","Deep","4"
"280.0","140.0","1.669","Deep","4"
"300.0","140.0","2.261","Deep","4"
"20.0","160.0","1.829","Deep","4"
"40.0","160.0","1.501","Deep","4"
"60.0","160.0","0.856","Deep","4"
"80.0","160.0","-0.065","Deep","4"
"100.0","160.0","-1.156","Deep","4"
"120.0","160.0","-2.241","Deep","4"
"140.0","160.0","-3.098","Deep","4"
"160.0","160.0","-3.512","Deep","4"
"180.0","160.0","-3.346","Deep","4"
"200.0","160.0","-2.596","Deep","4"
"220.0","160.0","-1.405","Deep","4"
"240.0","160.0","-0.033","Deep","4"
"260.0","160.0","1.21","Deep","4"
"280.0","160.0","2.049","Deep","4"
"300.0","160.0","2.317","Deep","4"
"20.0","180.0","-0.632","Deep","4"
"40.0","180.0","-0.9","Deep","4"
"60.0","180.0","-1.399","Deep","4"
"80.0","180.0","-2.051","Deep","4"
"100.0","180.0","-2.73","Deep","4"
"120.0","180.0","-3.277","Deep","4"
"140.0","180.0","-3.524","Deep","4"
"160.0","180.0","-3.346","Deep","4"
"180.0","180.0","-2.7","Deep","4"
"200.0","180.0","-1.657","Deep","4"
"220.0","180.0","-0.395","Deep","4"
"240.0","180.0","0.839","Deep","4"
"260.0","180.0","1.795","Deep","4"
"280.0","180.0","2.278","Deep","4"
"300.0","180.0","2.211","Deep","4"
"20.0","200.0","-2.581","Deep","4"
"40.0","200.0","-2.73","Deep","4"
"60.0","200.0","-2.989","Deep","4"
"80.0","200.0","-3.277","Deep","4"
"100.0","200.0","-3.488","Deep","4"
"120.0","200.0","-3.502","Deep","4"
"140.0","200.0","-3.221","Deep","4"
"160.0","200.0","-2.596","Deep","4"
"180.0","200.0","-1.657","Deep","4"
"200.0","200.0","-0.519","Deep","4"
"220.0","200.0","0.637","Deep","4"
"240.0","200.0","1.601","Deep","4"
"260.0","200.0","2.19","Deep","4"
"280.0","200.0","2.297","Deep","4"
"300.0","200.0","1.919","Deep","4"
"20.0","220.0","-3.488","Deep","4"
"40.0","220.0","-3.512","Deep","4"
"60.0","220.0","-3.527","Deep","4"
"80.0","220.0","-3.476","Deep","4"
"100.0","220.0","-3.287","Deep","4"
"120.0","220.0","-2.895","Deep","4"
"140.0","220.0","-2.263","Deep","4"
"160.0","220.0","-1.405","Deep","4"
"180.0","220.0","-0.395","Deep","4"
"200.0","220.0","0.637","Deep","4"
"220.0","220.0","1.529","Deep","4"
"240.0","220.0","2.126","Deep","4"
"260.0","220.0","2.317","Deep","4"
"280.0","220.0","2.068","Deep","4"
"300.0","220.0","1.442","Deep","4"
"20.0","240.0","-3.221","Deep","4"
"40.0","240.0","-3.148","Deep","4"
"60.0","240.0","-2.985","Deep","4"
"80.0","240.0","-2.7","Deep","4"
"100.0","240.0","-2.263","Deep","4"
"120.0","240.0","-1.657","Deep","4"
"140.0","240.0","-0.896","Deep","4"
"160.0","240.0","-0.033","Deep","4"
"180.0","240.0","0.839","Deep","4"
"200.0","240.0","1.601","Deep","4"
"220.0","240.0","2.126","Deep","4"
"240.0","240.0","2.318","Deep","4"
"260.0","240.0","2.132","Deep","4"
"280.0","240.0","1.597","Deep","4"
"300.0","240.0","0.817","Deep","4"
"20.0","260.0","-2.027","Deep","4"
"40.0","260.0","-1.905","Deep","4"
"60.0","260.0","-1.657","Deep","4"
"80.0","260.0","-1.278","Deep","4"
"100.0","260.0","-0.77","Deep","4"
"120.0","260.0","-0.152","Deep","4"
"140.0","260.0","0.531","Deep","4"
"160.0","260.0","1.21","Deep","4"
"180.0","260.0","1.795","Deep","4"
"200.0","260.0","2.19","Deep","4"
"220.0","260.0","2.317","Deep","4"
"240.0","260.0","2.132","Deep","4"
"260.0","260.0","1.647","Deep","4"
"280.0","260.0","0.934","Deep","4"
"300.0","260.0","0.114","Deep","4"
"20.0","280.0","-0.395","Deep","4"
"40.0","280.0","-0.273","Deep","4"
"60.0","280.0","-0.033","Deep","4"
"80.0","280.0","0.312","Deep","4"
"100.0","280.0","0.739","Deep","4"
"120.0","280.0","1.21","Deep","4"
"140.0","280.0","1.669","Deep","4"
"160.0","280.0","2.049","Deep","4"
"180.0","280.0","2.278","Deep","4"
"200.0","280.0","2.297","Deep","4"
"220.0","280.0","2.068","Deep","4"
"240.0","280.0","1.597","Deep","4"
"260.0","280.0","0.934","Deep","4"
"280.0","280.0","0.171","Deep","4"
"300.0","280.0","-0.569","Deep","4"
"20.0","300.0","1.122","Deep","4"
"40.0","300.0","1.21","Deep","4"
"60.0","300.0","1.376","Deep","4"
"80.0","300.0","1.601","Deep","4"
"100.0","300.0","1.852","Deep","4"
"120.0","300.0","2.089","Deep","4"
"140.0","300.0","2.261","Deep","4"
"160.0","300.0","2.317","Deep","4"
"180.0","300.0","2.211","Deep","4"
"200.0","300.0","1.919","Deep","4"
"220.0","300.0","1.442","Deep","4"
"240.0","300.0","0.817","Deep","4"
"260.0","300.0","0.114","Deep","4"
"280.0","300.0","-0.569","Deep","4"
"300.0","300.0","-1.131","Deep","4"
"20.0","20.0","-5.939","Deep","5"
"40.0","20.0","-5.492","Deep","5"
"60.0","20.0","-3.442","Deep","5"
"80.0","20.0","-0.418","Deep","5"
"100.0","20.0","2.527","Deep","5"
"120.0","20.0","4.434","Deep","5"
"140.0","20.0","4.786","Deep","5"
"160.0","20.0","3.638","Deep","5"
"180.0","20.0","1.528","Deep","5"
"200.0","20.0","-0.768","Deep","5"
"220.0","20.0","-2.521","Deep","5"
"240.0","20.0","-3.273","Deep","5"
"260.0","20.0","-2.938","Deep","5"
"280.0","20.0","-1.771","Deep","5"
"300.0","20.0","-0.241","Deep","5"
"20.0","40.0","-5.492","Deep","5"
"40.0","40.0","-4.515","Deep","5"
"60.0","40.0","-2.377","Deep","5"
"80.0","40.0","0.445","Deep","5"
"100.0","40.0","3.055","Deep","5"
"120.0","40.0","4.617","Deep","5"
"140.0","40.0","4.699","Deep","5"
"160.0","40.0","3.399","Deep","5"
"180.0","40.0","1.254","Deep","5"
"200.0","40.0","-0.988","Deep","5"
"220.0","40.0","-2.64","Deep","5"
"240.0","40.0","-3.286","Deep","5"
"260.0","40.0","-2.87","Deep","5"
"280.0","40.0","-1.664","Deep","5"
"300.0","40.0","-0.135","Deep","5"
"20.0","60.0","-3.442","Deep","5"
"40.0","60.0","-2.377","Deep","5"
"60.0","60.0","-0.418","Deep","5"
"80.0","60.0","1.917","Deep","5"
"100.0","60.0","3.883","Deep","5"
"120.0","60.0","4.821","Deep","5"
"140.0","60.0","4.436","Deep","5"
"160.0","60.0","2.889","Deep","5"
"180.0","60.0","0.714","Deep","5"
"200.0","60.0","-1.399","Deep","5"
"220.0","60.0","-2.846","Deep","5"
"240.0","60.0","-3.286","Deep","5"
"260.0","60.0","-2.721","Deep","5"
"280.0","60.0","-1.447","Deep","5"
"300.0","60.0","0.071","Deep","5"
"20.0","80.0","-0.418","Deep","5"
"40.0","80.0","0.445","Deep","5"
"60.0","80.0","1.917","Deep","5"
"80.0","80.0","3.506","Deep","5"
"100.0","80.0","4.617","Deep","5"
"120.0","80.0","4.786","Deep","5"
"140.0","80.0","3.864","Deep","5"
"160.0","80.0","2.079","Deep","5"
"180.0","80.0","-0.059","Deep","5"
"200.0","80.0","-1.942","Deep","5"
"220.0","80.0","-3.078","Deep","5"
"240.0","80.0","-3.229","Deep","5"
"260.0","80.0","-2.466","Deep","5"
"280.0","80.0","-1.116","Deep","5"
"300.0","80.0","0.368","Deep","5"
"20.0","100.0","2.527","Deep","5"
"40.0","100.0","3.055","Deep","5"
"60.0","100.0","3.883","Deep","5"
"80.0","100.0","4.617","Deep","5"
"100.0","100.0","4.838","Deep","5"
"120.0","100.0","4.266","Deep","5"
"140.0","100.0","2.889","Deep","5"
"160.0","100.0","0.982","Deep","5"
"180.0","100.0","-0.988","Deep","5"
"200.0","100.0","-2.521","Deep","5"
"220.0","100.0","-3.252","Deep","5"
"240.0","100.0","-3.058","Deep","5"
"260.0","100.0","-2.083","Deep","5"
"280.0","100.0","-0.673","Deep","5"
"300.0","100.0","0.737","Deep","5"
"20.0","120.0","4.434","Deep","5"
"40.0","120.0","4.617","Deep","5"
"60.0","120.0","4.821","Deep","5"
"80.0","120.0","4.786","Deep","5"
"100.0","120.0","4.266","Deep","5"
"120.0","120.0","3.148","Deep","5"
"140.0","120.0","1.528","Deep","5"
"160.0","120.0","-0.303","Deep","5"
"180.0","120.0","-1.942","Deep","5"
"200.0","120.0","-3.01","Deep","5"
"220.0","120.0","-3.274","Deep","5"
"240.0","120.0","-2.721","Deep","5"
"260.0","120.0","-1.556","Deep","5"
"280.0","120.0","-0.135","Deep","5"
"300.0","120.0","1.145","Deep","5"
"20.0","140.0","4.786","Deep","5"
"40.0","140.0","4.699","Deep","5"
"60.0","140.0","4.436","Deep","5"
"80.0","140.0","3.864","Deep","5"
"100.0","140.0","2.889","Deep","5"
"120.0","140.0","1.528","Deep","5"
"140.0","140.0","-0.059","Deep","5"
"160.0","140.0","-1.591","Deep","5"
"180.0","140.0","-2.748","Deep","5"
"200.0","140.0","-3.273","Deep","5"
"220.0","140.0","-3.058","Deep","5"
"240.0","140.0","-2.183","Deep","5"
"260.0","140.0","-0.894","Deep","5"
"280.0","140.0","0.464","Deep","5"
"300.0","140.0","1.548","Deep","5"
"20.0","160.0","3.638","Deep","5"
"40.0","160.0","3.399","Deep","5"
"60.0","160.0","2.889","Deep","5"
"80.0","160.0","2.079","Deep","5"
"100.0","160.0","0.982","Deep","5"
"120.0","160.0","-0.303","Deep","5"
"140.0","160.0","-1.591","Deep","5"
"160.0","160.0","-2.64","Deep","5"
"180.0","160.0","-3.223","Deep","5"
"200.0","160.0","-3.196","Deep","5"
"220.0","160.0","-2.555","Deep","5"
"240.0","160.0","-1.447","Deep","5"
"260.0","160.0","-0.135","Deep","5"
"280.0","160.0","1.068","Deep","5"
"300.0","160.0","1.89","Deep","5"
"20.0","180.0","1.528","Deep","5"
"40.0","180.0","1.254","Deep","5"
"60.0","180.0","0.714","Deep","5"
"80.0","180.0","-0.059","Deep","5"
"100.0","180.0","-0.988","Deep","5"
"120.0","180.0","-1.942","Deep","5"
"140.0","180.0","-2.748","Deep","5"
"160.0","180.0","-3.223","Deep","5"
"180.0","180.0","-3.229","Deep","5"
"200.0","180.0","-2.721","Deep","5"
"220.0","180.0","-1.771","Deep","5"
"240.0","180.0","-0.564","Deep","5"
"260.0","180.0","0.648","Deep","5"
"280.0","180.0","1.605","Deep","5"
"300.0","180.0","2.111","Deep","5"
"20.0","200.0","-0.768","Deep","5"
"40.0","200.0","-0.988","Deep","5"
"60.0","200.0","-1.399","Deep","5"
"80.0","200.0","-1.942","Deep","5"
"100.0","200.0","-2.521","Deep","5"
"120.0","200.0","-3.01","Deep","5"
"140.0","200.0","-3.273","Deep","5"
"160.0","200.0","-3.196","Deep","5"
"180.0","200.0","-2.721","Deep","5"
"200.0","200.0","-1.877","Deep","5"
"220.0","200.0","-0.783","Deep","5"
"240.0","200.0","0.368","Deep","5"
"260.0","200.0","1.359","Deep","5"
"280.0","200.0","1.994","Deep","5"
"300.0","200.0","2.157","Deep","5"
"20.0","220.0","-2.521","Deep","5"
"40.0","220.0","-2.64","Deep","5"
"60.0","220.0","-2.846","Deep","5"
"80.0","220.0","-3.078","Deep","5"
"100.0","220.0","-3.252","Deep","5"
"120.0","220.0","-3.274","Deep","5"
"140.0","220.0","-3.058","Deep","5"
"160.0","220.0","-2.555","Deep","5"
"180.0","220.0","-1.771","Deep","5"
"200.0","220.0","-0.783","Deep","5"
"220.0","220.0","0.271","Deep","5"
"240.0","220.0","1.219","Deep","5"
"260.0","220.0","1.89","Deep","5"
"280.0","220.0","2.162","Deep","5"
"300.0","220.0","1.992","Deep","5"
"20.0","240.0","-3.273","Deep","5"
"40.0","240.0","-3.286","Deep","5"
"60.0","240.0","-3.286","Deep","5"
"80.0","240.0","-3.229","Deep","5"
"100.0","240.0","-3.058","Deep","5"
"120.0","240.0","-2.721","Deep","5"
"140.0","240.0","-2.183","Deep","5"
"160.0","240.0","-1.447","Deep","5"
"180.0","240.0","-0.564","Deep","5"
"200.0","240.0","0.368","Deep","5"
"220.0","240.0","1.219","Deep","5"
"240.0","240.0","1.85","Deep","5"
"260.0","240.0","2.149","Deep","5"
"280.0","240.0","2.063","Deep","5"
"300.0","240.0","1.61","Deep","5"
"20.0","260.0","-2.938","Deep","5"
"40.0","260.0","-2.87","Deep","5"
"60.0","260.0","-2.721","Deep","5"
"80.0","260.0","-2.466","Deep","5"
"100.0","260.0","-2.083","Deep","5"
"120.0","260.0","-1.556","Deep","5"
"140.0","260.0","-0.894","Deep","5"
"160.0","260.0","-0.135","Deep","5"
"180.0","260.0","0.648","Deep","5"
"200.0","260.0","1.359","Deep","5"
"220.0","260.0","1.89","Deep","5"
"240.0","260.0","2.149","Deep","5"
"260.0","260.0","2.083","Deep","5"
"280.0","260.0","1.692","Deep","5"
"300.0","260.0","1.044","Deep","5"
"20.0","280.0","-1.771","Deep","5"
"40.0","280.0","-1.664","Deep","5"
"60.0","280.0","-1.447","Deep","5"
"80.0","280.0","-1.116","Deep","5"
"100.0","280.0","-0.673","Deep","5"
"120.0","280.0","-0.135","Deep","5"
"140.0","280.0","0.464","Deep","5"
"160.0","280.0","1.068","Deep","5"
"180.0","280.0","1.605","Deep","5"
"200.0","280.0","1.994","Deep","5"
"220.0","280.0","2.162","Deep","5"
"240.0","280.0","2.063","Deep","5"
"260.0","280.0","1.692","Deep","5"
"280.0","280.0","1.095","Deep","5"
"300.0","280.0","0.364","Deep","5"
"20.0","300.0","-0.241","Deep","5"
"40.0","300.0","-0.135","Deep","5"
"60.0","300.0","0.071","Deep","5"
"80.0","300.0","0.368","Deep","5"
"100.0","300.0","0.737","Deep","5"
"120.0","300.0","1.145","Deep","5"
"140.0","300.0","1.548","Deep","5"
"160.0","300.0","1.89","Deep","5"
"180.0","300.0","2.111","Deep","5"
"200.0","300.0","2.157","Deep","5"
"220.0","300.0","1.992","Deep","5"
"240.0","300.0","1.61","Deep","5"
"260.0","300.0","1.044","Deep","5"
"280.0","300.0","0.364","Deep","5"
"300.0","300.0","-0.331","Deep","5"
"20.0","20.0","-4.787","Deep","6"
"40.0","20.0","-5.851","Deep","6"
"60.0","20.0","-5.301","Deep","6"
"80.0","20.0","-3.148","Deep","6"
"100.0","20.0","-0.17","Deep","6"
"120.0","20.0","2.598","Deep","6"
"140.0","20.0","4.285","Deep","6"
"160.0","20.0","4.472","Deep","6"
"180.0","20.0","3.279","Deep","6"
"200.0","20.0","1.25","Deep","6"
"220.0","20.0","-0.879","Deep","6"
"240.0","20.0","-2.448","Deep","6"
"260.0","20.0","-3.062","Deep","6"
"280.0","20.0","-2.672","Deep","6"
"300.0","20.0","-1.539","Deep","6"
"20.0","40.0","-5.851","Deep","6"
"40.0","40.0","-5.765","Deep","6"
"60.0","40.0","-4.656","Deep","6"
"80.0","40.0","-2.368","Deep","6"
"100.0","40.0","0.484","Deep","6"
"120.0","40.0","2.999","Deep","6"
"140.0","40.0","4.413","Deep","6"
"160.0","40.0","4.385","Deep","6"
"180.0","40.0","3.071","Deep","6"
"200.0","40.0","1.019","Deep","6"
"220.0","40.0","-1.061","Deep","6"
"240.0","40.0","-2.542","Deep","6"
"260.0","40.0","-3.066","Deep","6"
"280.0","40.0","-2.609","Deep","6"
"300.0","40.0","-1.445","Deep","6"
"20.0","60.0","-5.301","Deep","6"
"40.0","60.0","-4.656","Deep","6"
"60.0","60.0","-3.148","Deep","6"
"80.0","60.0","-0.868","Deep","6"
"100.0","60.0","1.644","Deep","6"
"120.0","60.0","3.651","Deep","6"
"140.0","60.0","4.559","Deep","6"
"160.0","60.0","4.148","Deep","6"
"180.0","60.0","2.635","Deep","6"
"200.0","60.0","0.565","Deep","6"
"220.0","60.0","-1.402","Deep","6"
"240.0","60.0","-2.706","Deep","6"
"260.0","60.0","-3.055","Deep","6"
"280.0","60.0","-2.473","Deep","6"
"300.0","60.0","-1.253","Deep","6"
"20.0","80.0","-3.148","Deep","6"
"40.0","80.0","-2.368","Deep","6"
"60.0","80.0","-0.868","Deep","6"
"80.0","80.0","1.089","Deep","6"
"100.0","80.0","2.999","Deep","6"
"120.0","80.0","4.285","Deep","6"
"140.0","80.0","4.535","Deep","6"
"160.0","80.0","3.665","Deep","6"
"180.0","80.0","1.949","Deep","6"
"200.0","80.0","-0.087","Deep","6"
"220.0","80.0","-1.855","Deep","6"
"240.0","80.0","-2.892","Deep","6"
"260.0","80.0","-2.994","Deep","6"
"280.0","80.0","-2.245","Deep","6"
"300.0","80.0","-0.963","Deep","6"
"20.0","100.0","-0.17","Deep","6"
"40.0","100.0","0.484","Deep","6"
"60.0","100.0","1.644","Deep","6"
"80.0","100.0","2.999","Deep","6"
"100.0","100.0","4.117","Deep","6"
"120.0","100.0","4.581","Deep","6"
"140.0","100.0","4.148","Deep","6"
"160.0","100.0","2.856","Deep","6"
"180.0","100.0","1.019","Deep","6"
"200.0","100.0","-0.879","Deep","6"
"220.0","100.0","-2.346","Deep","6"
"240.0","100.0","-3.034","Deep","6"
"260.0","100.0","-2.838","Deep","6"
"280.0","100.0","-1.906","Deep","6"
"300.0","100.0","-0.576","Deep","6"
"20.0","120.0","2.598","Deep","6"
"40.0","120.0","2.999","Deep","6"
"60.0","120.0","3.651","Deep","6"
"80.0","120.0","4.285","Deep","6"
"100.0","120.0","4.581","Deep","6"
"120.0","120.0","4.276","Deep","6"
"140.0","120.0","3.279","Deep","6"
"160.0","120.0","1.716","Deep","6"
"180.0","120.0","-0.087","Deep","6"
"200.0","120.0","-1.712","Deep","6"
"220.0","120.0","-2.776","Deep","6"
"240.0","120.0","-3.055","Deep","6"
"260.0","120.0","-2.543","Deep","6"
"280.0","120.0","-1.445","Deep","6"
"300.0","120.0","-0.106","Deep","6"
"20.0","140.0","4.285","Deep","6"
"40.0","140.0","4.413","Deep","6"
"60.0","140.0","4.559","Deep","6"
"80.0","140.0","4.535","Deep","6"
"100.0","140.0","4.148","Deep","6"
"120.0","140.0","3.279","Deep","6"
"140.0","140.0","1.949","Deep","6"
"160.0","140.0","0.343","Deep","6"
"180.0","140.0","-1.235","Deep","6"
"200.0","140.0","-2.448","Deep","6"
"220.0","140.0","-3.034","Deep","6"
"240.0","140.0","-2.884","Deep","6"
"260.0","140.0","-2.079","Deep","6"
"280.0","140.0","-0.866","Deep","6"
"300.0","140.0","0.42","Deep","6"
"20.0","160.0","4.472","Deep","6"
"40.0","160.0","4.385","Deep","6"
"60.0","160.0","4.148","Deep","6"
"80.0","160.0","3.665","Deep","6"
"100.0","160.0","2.856","Deep","6"
"120.0","160.0","1.716","Deep","6"
"140.0","160.0","0.343","Deep","6"
"160.0","160.0","-1.061","Deep","6"
"180.0","160.0","-2.236","Deep","6"
"200.0","160.0","-2.939","Deep","6"
"220.0","160.0","-3.02","Deep","6"
"240.0","160.0","-2.473","Deep","6"
"260.0","160.0","-1.445","Deep","6"
"280.0","160.0","-0.199","Deep","6"
"300.0","160.0","0.957","Deep","6"
"20.0","180.0","3.279","Deep","6"
"40.0","180.0","3.071","Deep","6"
"60.0","180.0","2.635","Deep","6"
"80.0","180.0","1.949","Deep","6"
"100.0","180.0","1.019","Deep","6"
"120.0","180.0","-0.087","Deep","6"
"140.0","180.0","-1.235","Deep","6"
"160.0","180.0","-2.236","Deep","6"
"180.0","180.0","-2.892","Deep","6"
"200.0","180.0","-3.055","Deep","6"
"220.0","180.0","-2.672","Deep","6"
"240.0","180.0","-1.816","Deep","6"
"260.0","180.0","-0.673","Deep","6"
"280.0","180.0","0.502","Deep","6"
"300.0","180.0","1.446","Deep","6"
"20.0","200.0","1.25","Deep","6"
"40.0","200.0","1.019","Deep","6"
"60.0","200.0","0.565","Deep","6"
"80.0","200.0","-0.087","Deep","6"
"100.0","200.0","-0.879","Deep","6"
"120.0","200.0","-1.712","Deep","6"
"140.0","200.0","-2.448","Deep","6"
"160.0","200.0","-2.939","Deep","6"
"180.0","200.0","-3.055","Deep","6"
"200.0","200.0","-2.732","Deep","6"
"220.0","200.0","-1.994","Deep","6"
"240.0","200.0","-0.963","Deep","6"
"260.0","200.0","0.163","Deep","6"
"280.0","200.0","1.157","Deep","6"
"300.0","200.0","1.818","Deep","6"
"20.0","220.0","-0.879","Deep","6"
"40.0","220.0","-1.061","Deep","6"
"60.0","220.0","-1.402","Deep","6"
"80.0","220.0","-1.855","Deep","6"
"100.0","220.0","-2.346","Deep","6"
"120.0","220.0","-2.776","Deep","6"
"140.0","220.0","-3.034","Deep","6"
"160.0","220.0","-3.02","Deep","6"
"180.0","220.0","-2.672","Deep","6"
"200.0","220.0","-1.994","Deep","6"
"220.0","220.0","-1.06","Deep","6"
"240.0","220.0","-0.015","Deep","6"
"260.0","220.0","0.957","Deep","6"
"280.0","220.0","1.676","Deep","6"
"300.0","220.0","2.009","Deep","6"
"20.0","240.0","-2.448","Deep","6"
"40.0","240.0","-2.542","Deep","6"
"60.0","240.0","-2.706","Deep","6"
"80.0","240.0","-2.892","Deep","6"
"100.0","240.0","-3.034","Deep","6"
"120.0","240.0","-3.055","Deep","6"
"140.0","240.0","-2.884","Deep","6"
"160.0","240.0","-2.473","Deep","6"
"180.0","240.0","-1.816","Deep","6"
"200.0","240.0","-0.963","Deep","6"
"220.0","240.0","-0.015","Deep","6"
"240.0","240.0","0.886","Deep","6"
"260.0","240.0","1.591","Deep","6"
"280.0","240.0","1.976","Deep","6"
"300.0","240.0","1.973","Deep","6"
"20.0","260.0","-3.062","Deep","6"
"40.0","260.0","-3.066","Deep","6"
"60.0","260.0","-3.055","Deep","6"
"80.0","260.0","-2.994","Deep","6"
"100.0","260.0","-2.838","Deep","6"
"120.0","260.0","-2.543","Deep","6"
"140.0","260.0","-2.079","Deep","6"
"160.0","260.0","-1.445","Deep","6"
"180.0","260.0","-0.673","Deep","6"
"200.0","260.0","0.163","Deep","6"
"220.0","260.0","0.957","Deep","6"
"240.0","260.0","1.591","Deep","6"
"260.0","260.0","1.96","Deep","6"
"280.0","260.0","1.997","Deep","6"
"300.0","260.0","1.694","Deep","6"
"20.0","280.0","-2.672","Deep","6"
"40.0","280.0","-2.609","Deep","6"
"60.0","280.0","-2.473","Deep","6"
"80.0","280.0","-2.245","Deep","6"
"100.0","280.0","-1.906","Deep","6"
"120.0","280.0","-1.445","Deep","6"
"140.0","280.0","-0.866","Deep","6"
"160.0","280.0","-0.199","Deep","6"
"180.0","280.0","0.502","Deep","6"
"200.0","280.0","1.157","Deep","6"
"220.0","280.0","1.676","Deep","6"
"240.0","280.0","1.976","Deep","6"
"260.0","280.0","1.997","Deep","6"
"280.0","280.0","1.725","Deep","6"
"300.0","280.0","1.199","Deep","6"
"20.0","300.0","-1.539","Deep","6"
"40.0","300.0","-1.445","Deep","6"
"60.0","300.0","-1.253","Deep","6"
"80.0","300.0","-0.963","Deep","6"
"100.0","300.0","-0.576","Deep","6"
"120.0","300.0","-0.106","Deep","6"
"140.0","300.0","0.42","Deep","6"
"160.0","300.0","0.957","Deep","6"
"180.0","300.0","1.446","Deep","6"
"200.0","300.0","1.818","Deep","6"
"220.0","300.0","2.009","Deep","6"
"240.0","300.0","1.973","Deep","6"
"260.0","300.0","1.694","Deep","6"
"280.0","300.0","1.199","Deep","6"
"300.0","300.0","0.557","Deep","6"
"20.0","20.0","-2.351","Deep","7"
"40.0","20.0","-4.643","Deep","7"
"60.0","20.0","-5.74","Deep","7"
"80.0","20.0","-5.034","Deep","7"
"100.0","20.0","-2.821","Deep","7"
"120.0","20.0","0.066","Deep","7"
"140.0","20.0","2.636","Deep","7"
"160.0","20.0","4.108","Deep","7"
"180.0","20.0","4.151","Deep","7"
"200.0","20.0","2.934","Deep","7"
"220.0","20.0","0.998","Deep","7"
"240.0","20.0","-0.968","Deep","7"
"260.0","20.0","-2.366","Deep","7"
"280.0","20.0","-2.858","Deep","7"
"300.0","20.0","-2.425","Deep","7"
"20.0","40.0","-4.643","Deep","7"
"40.0","40.0","-5.472","Deep","7"
"60.0","40.0","-5.687","Deep","7"
"80.0","40.0","-4.547","Deep","7"
"100.0","40.0","-2.218","Deep","7"
"120.0","40.0","0.576","Deep","7"
"140.0","40.0","2.945","Deep","7"
"160.0","40.0","4.197","Deep","7"
"180.0","40.0","4.066","Deep","7"
"200.0","40.0","2.753","Deep","7"
"220.0","40.0","0.803","Deep","7"
"240.0","40.0","-1.118","Deep","7"
"260.0","40.0","-2.441","Deep","7"
"280.0","40.0","-2.855","Deep","7"
"300.0","40.0","-2.367","Deep","7"
"20.0","60.0","-5.74","Deep","7"
"40.0","60.0","-5.687","Deep","7"
"60.0","60.0","-5.034","Deep","7"
"80.0","60.0","-3.421","Deep","7"
"100.0","60.0","-1.036","Deep","7"
"120.0","60.0","1.502","Deep","7"
"140.0","60.0","3.46","Deep","7"
"160.0","60.0","4.296","Deep","7"
"180.0","60.0","3.851","Deep","7"
"200.0","60.0","2.378","Deep","7"
"220.0","60.0","0.418","Deep","7"
"240.0","60.0","-1.402","Deep","7"
"260.0","60.0","-2.571","Deep","7"
"280.0","60.0","-2.836","Deep","7"
"300.0","60.0","-2.242","Deep","7"
"20.0","80.0","-5.034","Deep","7"
"40.0","80.0","-4.547","Deep","7"
"60.0","80.0","-3.421","Deep","7"
"80.0","80.0","-1.62","Deep","7"
"100.0","80.0","0.576","Deep","7"
"120.0","80.0","2.636","Deep","7"
"140.0","80.0","3.991","Deep","7"
"160.0","80.0","4.269","Deep","7"
"180.0","80.0","3.434","Deep","7"
"200.0","80.0","1.791","Deep","7"
"220.0","80.0","-0.135","Deep","7"
"240.0","80.0","-1.781","Deep","7"
"260.0","80.0","-2.719","Deep","7"
"280.0","80.0","-2.772","Deep","7"
"300.0","80.0","-2.036","Deep","7"
"20.0","100.0","-2.821","Deep","7"
"40.0","100.0","-2.218","Deep","7"
"60.0","100.0","-1.036","Deep","7"
"80.0","100.0","0.576","Deep","7"
"100.0","100.0","2.293","Deep","7"
"120.0","100.0","3.668","Deep","7"
"140.0","100.0","4.296","Deep","7"
"160.0","100.0","3.965","Deep","7"
"180.0","100.0","2.753","Deep","7"
"200.0","100.0","0.998","Deep","7"
"220.0","100.0","-0.811","Deep","7"
"240.0","100.0","-2.197","Deep","7"
"260.0","100.0","-2.832","Deep","7"
"280.0","100.0","-2.627","Deep","7"
"300.0","100.0","-1.735","Deep","7"
"20.0","120.0","0.066","Deep","7"
"40.0","120.0","0.576","Deep","7"
"60.0","120.0","1.502","Deep","7"
"80.0","120.0","2.636","Deep","7"
"100.0","120.0","3.668","Deep","7"
"120.0","120.0","4.259","Deep","7"
"140.0","120.0","4.151","Deep","7"
"160.0","120.0","3.275","Deep","7"
"180.0","120.0","1.791","Deep","7"
"200.0","120.0","0.046","Deep","7"
"220.0","120.0","-1.534","Deep","7"
"240.0","120.0","-2.571","Deep","7"
"260.0","120.0","-2.848","Deep","7"
"280.0","120.0","-2.367","Deep","7"
"300.0","120.0","-1.329","Deep","7"
"20.0","140.0","2.636","Deep","7"
"40.0","140.0","2.945","Deep","7"
"60.0","140.0","3.46","Deep","7"
"80.0","140.0","3.991","Deep","7"
"100.0","140.0","4.296","Deep","7"
"120.0","140.0","4.151","Deep","7"
"140.0","140.0","3.434","Deep","7"
"160.0","140.0","2.185","Deep","7"
"180.0","140.0","0.609","Deep","7"
"200.0","140.0","-0.968","Deep","7"
"220.0","140.0","-2.197","Deep","7"
"240.0","140.0","-2.813","Deep","7"
"260.0","140.0","-2.708","Deep","7"
"280.0","140.0","-1.963","Deep","7"
"300.0","140.0","-0.821","Deep","7"
"20.0","160.0","4.108","Deep","7"
"40.0","160.0","4.197","Deep","7"
"60.0","160.0","4.296","Deep","7"
"80.0","160.0","4.269","Deep","7"
"100.0","160.0","3.965","Deep","7"
"120.0","160.0","3.275","Deep","7"
"140.0","160.0","2.185","Deep","7"
"160.0","160.0","0.803","Deep","7"
"180.0","160.0","-0.65","Deep","7"
"200.0","160.0","-1.895","Deep","7"
"220.0","160.0","-2.676","Deep","7"
"240.0","160.0","-2.836","Deep","7"
"260.0","160.0","-2.367","Deep","7"
"280.0","160.0","-1.412","Deep","7"
"300.0","160.0","-0.233","Deep","7"
"20.0","180.0","4.151","Deep","7"
"40.0","180.0","4.066","Deep","7"
"60.0","180.0","3.851","Deep","7"
"80.0","180.0","3.434","Deep","7"
"100.0","180.0","2.753","Deep","7"
"120.0","180.0","1.791","Deep","7"
"140.0","180.0","0.609","Deep","7"
"160.0","180.0","-0.65","Deep","7"
"180.0","180.0","-1.781","Deep","7"
"200.0","180.0","-2.571","Deep","7"
"220.0","180.0","-2.858","Deep","7"
"240.0","180.0","-2.582","Deep","7"
"260.0","180.0","-1.813","Deep","7"
"280.0","180.0","-0.736","Deep","7"
"300.0","180.0","0.393","Deep","7"
"20.0","200.0","2.934","Deep","7"
"40.0","200.0","2.753","Deep","7"
"60.0","200.0","2.378","Deep","7"
"80.0","200.0","1.791","Deep","7"
"100.0","200.0","0.998","Deep","7"
"120.0","200.0","0.046","Deep","7"
"140.0","200.0","-0.968","Deep","7"
"160.0","200.0","-1.895","Deep","7"
"180.0","200.0","-2.571","Deep","7"
"200.0","200.0","-2.854","Deep","7"
"220.0","200.0","-2.669","Deep","7"
"240.0","200.0","-2.036","Deep","7"
"260.0","200.0","-1.076","Deep","7"
"280.0","200.0","0.01","Deep","7"
"300.0","200.0","0.991","Deep","7"
"20.0","220.0","0.998","Deep","7"
"40.0","220.0","0.803","Deep","7"
"60.0","220.0","0.418","Deep","7"
"80.0","220.0","-0.135","Deep","7"
"100.0","220.0","-0.811","Deep","7"
"120.0","220.0","-1.534","Deep","7"
"140.0","220.0","-2.197","Deep","7"
"160.0","220.0","-2.676","Deep","7"
"180.0","220.0","-2.858","Deep","7"
"200.0","220.0","-2.669","Deep","7"
"220.0","220.0","-2.107","Deep","7"
"240.0","220.0","-1.245","Deep","7"
"260.0","220.0","-0.233","Deep","7"
"280.0","220.0","0.741","Deep","7"
"300.0","220.0","1.488","Deep","7"
"20.0","240.0","-0.968","Deep","7"
"40.0","240.0","-1.118","Deep","7"
"60.0","240.0","-1.402","Deep","7"
"80.0","240.0","-1.781","Deep","7"
"100.0","240.0","-2.197","Deep","7"
"120.0","240.0","-2.571","Deep","7"
"140.0","240.0","-2.813","Deep","7"
"160.0","240.0","-2.836","Deep","7"
"180.0","240.0","-2.582","Deep","7"
"200.0","240.0","-2.036","Deep","7"
"220.0","240.0","-1.245","Deep","7"
"240.0","240.0","-0.315","Deep","7"
"260.0","240.0","0.607","Deep","7"
"280.0","240.0","1.359","Deep","7"
"300.0","240.0","1.806","Deep","7"
"20.0","260.0","-2.366","Deep","7"
"40.0","260.0","-2.441","Deep","7"
"60.0","260.0","-2.571","Deep","7"
"80.0","260.0","-2.719","Deep","7"
"100.0","260.0","-2.832","Deep","7"
"120.0","260.0","-2.848","Deep","7"
"140.0","260.0","-2.708","Deep","7"
"160.0","260.0","-2.367","Deep","7"
"180.0","260.0","-1.813","Deep","7"
"200.0","260.0","-1.076","Deep","7"
"220.0","260.0","-0.233","Deep","7"
"240.0","260.0","0.607","Deep","7"
"260.0","260.0","1.312","Deep","7"
"280.0","260.0","1.766","Deep","7"
"300.0","260.0","1.89","Deep","7"
"20.0","280.0","-2.858","Deep","7"
"40.0","280.0","-2.855","Deep","7"
"60.0","280.0","-2.836","Deep","7"
"80.0","280.0","-2.772","Deep","7"
"100.0","280.0","-2.627","Deep","7"
"120.0","280.0","-2.367","Deep","7"
"140.0","280.0","-1.963","Deep","7"
"160.0","280.0","-1.412","Deep","7"
"180.0","280.0","-0.736","Deep","7"
"200.0","280.0","0.01","Deep","7"
"220.0","280.0","0.741","Deep","7"
"240.0","280.0","1.359","Deep","7"
"260.0","280.0","1.766","Deep","7"
"280.0","280.0","1.893","Deep","7"
"300.0","280.0","1.714","Deep","7"
"20.0","300.0","-2.425","Deep","7"
"40.0","300.0","-2.367","Deep","7"
"60.0","300.0","-2.242","Deep","7"
"80.0","300.0","-2.036","Deep","7"
"100.0","300.0","-1.735","Deep","7"
"120.0","300.0","-1.329","Deep","7"
"140.0","300.0","-0.821","Deep","7"
"160.0","300.0","-0.233","Deep","7"
"180.0","300.0","0.393","Deep","7"
"200.0","300.0","0.991","Deep","7"
"220.0","300.0","1.488","Deep","7"
"240.0","300.0","1.806","Deep","7"
"260.0","300.0","1.89","Deep","7"
"280.0","300.0","1.714","Deep","7"
"300.0","300.0","1.296","Deep","7"
"20.0","20.0","0.714","Deep","8"
"40.0","20.0","-2.191","Deep","8"
"60.0","20.0","-4.641","Deep","8"
"80.0","20.0","-5.571","Deep","8"
"100.0","20.0","-4.717","Deep","8"
"120.0","20.0","-2.484","Deep","8"
"140.0","20.0","0.281","Deep","8"
"160.0","20.0","2.643","Deep","8"
"180.0","20.0","3.911","Deep","8"
"200.0","20.0","3.831","Deep","8"
"220.0","20.0","2.609","Deep","8"
"240.0","20.0","0.773","Deep","8"
"260.0","20.0","-1.036","Deep","8"
"280.0","20.0","-2.277","Deep","8"
"300.0","20.0","-2.661","Deep","8"
"20.0","40.0","-2.191","Deep","8"
"40.0","40.0","-3.712","Deep","8"
"60.0","40.0","-5.195","Deep","8"
"80.0","40.0","-5.508","Deep","8"
"100.0","40.0","-4.325","Deep","8"
"120.0","40.0","-2.001","Deep","8"
"140.0","40.0","0.687","Deep","8"
"160.0","40.0","2.884","Deep","8"
"180.0","40.0","3.971","Deep","8"
"200.0","40.0","3.75","Deep","8"
"220.0","40.0","2.451","Deep","8"
"240.0","40.0","0.606","Deep","8"
"260.0","40.0","-1.161","Deep","8"
"280.0","40.0","-2.336","Deep","8"
"300.0","40.0","-2.654","Deep","8"
"20.0","60.0","-4.641","Deep","8"
"40.0","60.0","-5.195","Deep","8"
"60.0","60.0","-5.571","Deep","8"
"80.0","60.0","-5.057","Deep","8"
"100.0","60.0","-3.439","Deep","8"
"120.0","60.0","-1.049","Deep","8"
"140.0","60.0","1.434","Deep","8"
"160.0","60.0","3.292","Deep","8"
"180.0","60.0","4.034","Deep","8"
"200.0","60.0","3.554","Deep","8"
"220.0","60.0","2.125","Deep","8"
"240.0","60.0","0.279","Deep","8"
"260.0","60.0","-1.398","Deep","8"
"280.0","60.0","-2.44","Deep","8"
"300.0","60.0","-2.629","Deep","8"
"20.0","80.0","-5.571","Deep","8"
"40.0","80.0","-5.508","Deep","8"
"60.0","80.0","-5.057","Deep","8"
"80.0","80.0","-3.895","Deep","8"
"100.0","80.0","-2.001","Deep","8"
"120.0","80.0","0.281","Deep","8"
"140.0","80.0","2.378","Deep","8"
"160.0","80.0","3.729","Deep","8"
"180.0","80.0","4.0","Deep","8"
"200.0","80.0","3.19","Deep","8"
"220.0","80.0","1.621","Deep","8"
"240.0","80.0","-0.192","Deep","8"
"260.0","80.0","-1.716","Deep","8"
"280.0","80.0","-2.557","Deep","8"
"300.0","80.0","-2.564","Deep","8"
"20.0","100.0","-4.717","Deep","8"
"40.0","100.0","-4.325","Deep","8"
"60.0","100.0","-3.439","Deep","8"
"80.0","100.0","-2.001","Deep","8"
"100.0","100.0","-0.146","Deep","8"
"120.0","100.0","1.773","Deep","8"
"140.0","100.0","3.292","Deep","8"
"160.0","100.0","4.012","Deep","8"
"180.0","100.0","3.75","Deep","8"
"200.0","100.0","2.609","Deep","8"
"220.0","100.0","0.941","Deep","8"
"240.0","100.0","-0.771","Deep","8"
"260.0","100.0","-2.068","Deep","8"
"280.0","100.0","-2.645","Deep","8"
"300.0","100.0","-2.429","Deep","8"
"20.0","120.0","-2.484","Deep","8"
"40.0","120.0","-2.001","Deep","8"
"60.0","120.0","-1.049","Deep","8"
"80.0","120.0","0.281","Deep","8"
"100.0","120.0","1.773","Deep","8"
"120.0","120.0","3.1","Deep","8"
"140.0","120.0","3.911","Deep","8"
"160.0","120.0","3.957","Deep","8"
"180.0","120.0","3.19","Deep","8"
"200.0","120.0","1.791","Deep","8"
"220.0","120.0","0.119","Deep","8"
"240.0","120.0","-1.398","Deep","8"
"260.0","120.0","-2.391","Deep","8"
"280.0","120.0","-2.654","Deep","8"
"300.0","120.0","-2.196","Deep","8"
"20.0","140.0","0.281","Deep","8"
"40.0","140.0","0.687","Deep","8"
"60.0","140.0","1.434","Deep","8"
"80.0","140.0","2.378","Deep","8"
"100.0","140.0","3.292","Deep","8"
"120.0","140.0","3.911","Deep","8"
"140.0","140.0","4.0","Deep","8"
"160.0","140.0","3.441","Deep","8"
"180.0","140.0","2.29","Deep","8"
"200.0","140.0","0.773","Deep","8"
"220.0","140.0","-0.771","Deep","8"
"240.0","140.0","-1.988","Deep","8"
"260.0","140.0","-2.61","Deep","8"
"280.0","140.0","-2.535","Deep","8"
"300.0","140.0","-1.842","Deep","8"
"20.0","160.0","2.643","Deep","8"
"40.0","160.0","2.884","Deep","8"
"60.0","160.0","3.292","Deep","8"
"80.0","160.0","3.729","Deep","8"
"100.0","160.0","4.012","Deep","8"
"120.0","160.0","3.957","Deep","8"
"140.0","160.0","3.441","Deep","8"
"160.0","160.0","2.451","Deep","8"
"180.0","160.0","1.11","Deep","8"
"200.0","160.0","-0.343","Deep","8"
"220.0","160.0","-1.615","Deep","8"
"240.0","160.0","-2.44","Deep","8"
"260.0","160.0","-2.654","Deep","8"
"280.0","160.0","-2.247","Deep","8"
"300.0","160.0","-1.36","Deep","8"
"20.0","180.0","3.911","Deep","8"
"40.0","180.0","3.971","Deep","8"
"60.0","180.0","4.034","Deep","8"
"80.0","180.0","4.0","Deep","8"
"100.0","180.0","3.75","Deep","8"
"120.0","180.0","3.19","Deep","8"
"140.0","180.0","2.29","Deep","8"
"160.0","180.0","1.11","Deep","8"
"180.0","180.0","-0.192","Deep","8"
"200.0","180.0","-1.398","Deep","8"
"220.0","180.0","-2.277","Deep","8"
"240.0","180.0","-2.656","Deep","8"
"260.0","180.0","-2.467","Deep","8"
"280.0","180.0","-1.777","Deep","8"
"300.0","180.0","-0.765","Deep","8"
"20.0","200.0","3.831","Deep","8"
"40.0","200.0","3.75","Deep","8"
"60.0","200.0","3.554","Deep","8"
"80.0","200.0","3.19","Deep","8"
"100.0","200.0","2.609","Deep","8"
"120.0","200.0","1.791","Deep","8"
"140.0","200.0","0.773","Deep","8"
"160.0","200.0","-0.343","Deep","8"
"180.0","200.0","-1.398","Deep","8"
"200.0","200.0","-2.212","Deep","8"
"220.0","200.0","-2.63","Deep","8"
"240.0","200.0","-2.564","Deep","8"
"260.0","200.0","-2.027","Deep","8"
"280.0","200.0","-1.14","Deep","8"
"300.0","200.0","-0.101","Deep","8"
"20.0","220.0","2.609","Deep","8"
"40.0","220.0","2.451","Deep","8"
"60.0","220.0","2.125","Deep","8"
"80.0","220.0","1.621","Deep","8"
"100.0","220.0","0.941","Deep","8"
"120.0","220.0","0.119","Deep","8"
"140.0","220.0","-0.771","Deep","8"
"160.0","220.0","-1.615","Deep","8"
"180.0","220.0","-2.277","Deep","8"
"200.0","220.0","-2.63","Deep","8"
"220.0","220.0","-2.589","Deep","8"
"240.0","220.0","-2.142","Deep","8"
"260.0","220.0","-1.36","Deep","8"
"280.0","220.0","-0.392","Deep","8"
"300.0","220.0","0.568","Deep","8"
"20.0","240.0","0.773","Deep","8"
"40.0","240.0","0.606","Deep","8"
"60.0","240.0","0.279","Deep","8"
"80.0","240.0","-0.192","Deep","8"
"100.0","240.0","-0.771","Deep","8"
"120.0","240.0","-1.398","Deep","8"
"140.0","240.0","-1.988","Deep","8"
"160.0","240.0","-2.44","Deep","8"
"180.0","240.0","-2.656","Deep","8"
"200.0","240.0","-2.564","Deep","8"
"220.0","240.0","-2.142","Deep","8"
"240.0","240.0","-1.432","Deep","8"
"260.0","240.0","-0.541","Deep","8"
"280.0","240.0","0.378","Deep","8"
"300.0","240.0","1.156","Deep","8"
"20.0","260.0","-1.036","Deep","8"
"40.0","260.0","-1.161","Deep","8"
"60.0","260.0","-1.398","Deep","8"
"80.0","260.0","-1.716","Deep","8"
"100.0","260.0","-2.068","Deep","8"
"120.0","260.0","-2.391","Deep","8"
"140.0","260.0","-2.61","Deep","8"
"160.0","260.0","-2.654","Deep","8"
"180.0","260.0","-2.467","Deep","8"
"200.0","260.0","-2.027","Deep","8"
"220.0","260.0","-1.36","Deep","8"
"240.0","260.0","-0.541","Deep","8"
"260.0","260.0","0.313","Deep","8"
"280.0","260.0","1.063","Deep","8"
"300.0","260.0","1.58","Deep","8"
"20.0","280.0","-2.277","Deep","8"
"40.0","280.0","-2.336","Deep","8"
"60.0","280.0","-2.44","Deep","8"
"80.0","280.0","-2.557","Deep","8"
"100.0","280.0","-2.645","Deep","8"
"120.0","280.0","-2.654","Deep","8"
"140.0","280.0","-2.535","Deep","8"
"160.0","280.0","-2.247","Deep","8"
"180.0","280.0","-1.777","Deep","8"
"200.0","280.0","-1.14","Deep","8"
"220.0","280.0","-0.392","Deep","8"
"240.0","280.0","0.378","Deep","8"
"260.0","280.0","1.063","Deep","8"
"280.0","280.0","1.554","Deep","8"
"300.0","280.0","1.769","Deep","8"
"20.0","300.0","-2.661","Deep","8"
"40.0","300.0","-2.654","Deep","8"
"60.0","300.0","-2.629","Deep","8"
"80.0","300.0","-2.564","Deep","8"
"100.0","300.0","-2.429","Deep","8"
"120.0","300.0","-2.196","Deep","8"
"140.0","300.0","-1.842","Deep","8"
"160.0","300.0","-1.36","Deep","8"
"180.0","300.0","-0.765","Deep","8"
"200.0","300.0","-0.101","Deep","8"
"220.0","300.0","0.568","Deep","8"
"240.0","300.0","1.156","Deep","8"
"260.0","300.0","1.58","Deep","8"
"280.0","300.0","1.769","Deep","8"
"300.0","300.0","1.688","Deep","8"
"20.0","20.0","3.588","Deep","9"
"40.0","20.0","0.849","Deep","9"
"60.0","20.0","-2.298","Deep","9"
"80.0","20.0","-4.616","Deep","9"
"100.0","20.0","-5.348","Deep","9"
"120.0","20.0","-4.368","Deep","9"
"140.0","20.0","-2.15","Deep","9"
"160.0","20.0","0.47","Deep","9"
"180.0","20.0","2.623","Deep","9"
"200.0","20.0","3.702","Deep","9"
"220.0","20.0","3.52","Deep","9"
"240.0","20.0","2.306","Deep","9"
"260.0","20.0","0.572","Deep","9"
"280.0","20.0","-1.086","Deep","9"
"300.0","20.0","-2.184","Deep","9"
"20.0","40.0","0.849","Deep","9"
"40.0","40.0","-0.957","Deep","9"
"60.0","40.0","-3.311","Deep","9"
"80.0","40.0","-4.993","Deep","9"
"100.0","40.0","-5.273","Deep","9"
"120.0","40.0","-4.041","Deep","9"
"140.0","40.0","-1.755","Deep","9"
"160.0","40.0","0.798","Deep","9"
"180.0","40.0","2.812","Deep","9"
"200.0","40.0","3.741","Deep","9"
"220.0","40.0","3.442","Deep","9"
"240.0","40.0","2.168","Deep","9"
"260.0","40.0","0.43","Deep","9"
"280.0","40.0","-1.191","Deep","9"
"300.0","40.0","-2.231","Deep","9"
"20.0","60.0","-2.298","Deep","9"
"40.0","60.0","-3.311","Deep","9"
"60.0","60.0","-4.616","Deep","9"
"80.0","60.0","-5.338","Deep","9"
"100.0","60.0","-4.919","Deep","9"
"120.0","60.0","-3.319","Deep","9"
"140.0","60.0","-0.976","Deep","9"
"160.0","60.0","1.407","Deep","9"
"180.0","60.0","3.137","Deep","9"
"200.0","60.0","3.777","Deep","9"
"220.0","60.0","3.263","Deep","9"
"240.0","60.0","1.884","Deep","9"
"260.0","60.0","0.15","Deep","9"
"280.0","60.0","-1.389","Deep","9"
"300.0","60.0","-2.313","Deep","9"
"20.0","80.0","-4.616","Deep","9"
"40.0","80.0","-4.993","Deep","9"
"60.0","80.0","-5.338","Deep","9"
"80.0","80.0","-5.126","Deep","9"
"100.0","80.0","-4.041","Deep","9"
"120.0","80.0","-2.15","Deep","9"
"140.0","80.0","0.127","Deep","9"
"160.0","80.0","2.19","Deep","9"
"180.0","80.0","3.493","Deep","9"
"200.0","80.0","3.734","Deep","9"
"220.0","80.0","2.943","Deep","9"
"240.0","80.0","1.448","Deep","9"
"260.0","80.0","-0.253","Deep","9"
"280.0","80.0","-1.656","Deep","9"
"300.0","80.0","-2.404","Deep","9"
"20.0","100.0","-5.348","Deep","9"
"40.0","100.0","-5.273","Deep","9"
"60.0","100.0","-4.919","Deep","9"
"80.0","100.0","-4.041","Deep","9"
"100.0","100.0","-2.545","Deep","9"
"120.0","100.0","-0.597","Deep","9"
"140.0","100.0","1.407","Deep","9"
"160.0","100.0","2.983","Deep","9"
"180.0","100.0","3.741","Deep","9"
"200.0","100.0","3.52","Deep","9"
"220.0","100.0","2.441","Deep","9"
"240.0","100.0","0.861","Deep","9"
"260.0","100.0","-0.749","Deep","9"
"280.0","100.0","-1.954","Deep","9"
"300.0","100.0","-2.472","Deep","9"
"20.0","120.0","-4.368","Deep","9"
"40.0","120.0","-4.041","Deep","9"
"60.0","120.0","-3.319","Deep","9"
"80.0","120.0","-2.15","Deep","9"
"100.0","120.0","-0.597","Deep","9"
"120.0","120.0","1.111","Deep","9"
"140.0","120.0","2.623","Deep","9"
"160.0","120.0","3.579","Deep","9"
"180.0","120.0","3.734","Deep","9"
"200.0","120.0","3.056","Deep","9"
"220.0","120.0","1.74","Deep","9"
"240.0","120.0","0.15","Deep","9"
"260.0","120.0","-1.292","Deep","9"
"280.0","120.0","-2.231","Deep","9"
"300.0","120.0","-2.474","Deep","9"
"20.0","140.0","-2.15","Deep","9"
"40.0","140.0","-1.755","Deep","9"
"60.0","140.0","-0.976","Deep","9"
"80.0","140.0","0.127","Deep","9"
"100.0","140.0","1.407","Deep","9"
"120.0","140.0","2.623","Deep","9"
"140.0","140.0","3.493","Deep","9"
"160.0","140.0","3.775","Deep","9"
"180.0","140.0","3.357","Deep","9"
"200.0","140.0","2.306","Deep","9"
"220.0","140.0","0.861","Deep","9"
"240.0","140.0","-0.63","Deep","9"
"260.0","140.0","-1.814","Deep","9"
"280.0","140.0","-2.427","Deep","9"
"300.0","140.0","-2.369","Deep","9"
"20.0","160.0","0.47","Deep","9"
"40.0","160.0","0.798","Deep","9"
"60.0","160.0","1.407","Deep","9"
"80.0","160.0","2.19","Deep","9"
"100.0","160.0","2.983","Deep","9"
"120.0","160.0","3.579","Deep","9"
"140.0","160.0","3.775","Deep","9"
"160.0","160.0","3.442","Deep","9"
"180.0","160.0","2.573","Deep","9"
"200.0","160.0","1.301","Deep","9"
"220.0","160.0","-0.121","Deep","9"
"240.0","160.0","-1.389","Deep","9"
"260.0","160.0","-2.231","Deep","9"
"280.0","160.0","-2.48","Deep","9"
"300.0","160.0","-2.123","Deep","9"
"20.0","180.0","2.623","Deep","9"
"40.0","180.0","2.812","Deep","9"
"60.0","180.0","3.137","Deep","9"
"80.0","180.0","3.493","Deep","9"
"100.0","180.0","3.741","Deep","9"
"120.0","180.0","3.734","Deep","9"
"140.0","180.0","3.357","Deep","9"
"160.0","180.0","2.573","Deep","9"
"180.0","180.0","1.448","Deep","9"
"200.0","180.0","0.15","Deep","9"
"220.0","180.0","-1.086","Deep","9"
"240.0","180.0","-2.018","Deep","9"
"260.0","180.0","-2.461","Deep","9"
"280.0","180.0","-2.341","Deep","9"
"300.0","180.0","-1.719","Deep","9"
"20.0","200.0","3.702","Deep","9"
"40.0","200.0","3.741","Deep","9"
"60.0","200.0","3.777","Deep","9"
"80.0","200.0","3.734","Deep","9"
"100.0","200.0","3.52","Deep","9"
"120.0","200.0","3.056","Deep","9"
"140.0","200.0","2.306","Deep","9"
"160.0","200.0","1.301","Deep","9"
"180.0","200.0","0.15","Deep","9"
"200.0","200.0","-0.978","Deep","9"
"220.0","200.0","-1.886","Deep","9"
"240.0","200.0","-2.404","Deep","9"
"260.0","200.0","-2.435","Deep","9"
"280.0","200.0","-1.984","Deep","9"
"300.0","200.0","-1.166","Deep","9"
"20.0","220.0","3.52","Deep","9"
"40.0","220.0","3.442","Deep","9"
"60.0","220.0","3.263","Deep","9"
"80.0","220.0","2.943","Deep","9"
"100.0","220.0","2.441","Deep","9"
"120.0","220.0","1.74","Deep","9"
"140.0","220.0","0.861","Deep","9"
"160.0","220.0","-0.121","Deep","9"
"180.0","220.0","-1.086","Deep","9"
"200.0","220.0","-1.886","Deep","9"
"220.0","220.0","-2.378","Deep","9"
"240.0","220.0","-2.464","Deep","9"
"260.0","220.0","-2.123","Deep","9"
"280.0","220.0","-1.42","Deep","9"
"300.0","220.0","-0.505","Deep","9"
"20.0","240.0","2.306","Deep","9"
"40.0","240.0","2.168","Deep","9"
"60.0","240.0","1.884","Deep","9"
"80.0","240.0","1.448","Deep","9"
"100.0","240.0","0.861","Deep","9"
"120.0","240.0","0.15","Deep","9"
"140.0","240.0","-0.63","Deep","9"
"160.0","240.0","-1.389","Deep","9"
"180.0","240.0","-2.018","Deep","9"
"200.0","240.0","-2.404","Deep","9"
"220.0","240.0","-2.464","Deep","9"
"240.0","240.0","-2.165","Deep","9"
"260.0","240.0","-1.543","Deep","9"
"280.0","240.0","-0.704","Deep","9"
"300.0","240.0","0.196","Deep","9"
"20.0","260.0","0.572","Deep","9"
"40.0","260.0","0.43","Deep","9"
"60.0","260.0","0.15","Deep","9"
"80.0","260.0","-0.253","Deep","9"
"100.0","260.0","-0.749","Deep","9"
"120.0","260.0","-1.292","Deep","9"
"140.0","260.0","-1.814","Deep","9"
"160.0","260.0","-2.231","Deep","9"
"180.0","260.0","-2.461","Deep","9"
"200.0","260.0","-2.435","Deep","9"
"220.0","260.0","-2.123","Deep","9"
"240.0","260.0","-1.543","Deep","9"
"260.0","260.0","-0.77","Deep","9"
"280.0","260.0","0.074","Deep","9"
"300.0","260.0","0.846","Deep","9"
"20.0","280.0","-1.086","Deep","9"
"40.0","280.0","-1.191","Deep","9"
"60.0","280.0","-1.389","Deep","9"
"80.0","280.0","-1.656","Deep","9"
"100.0","280.0","-1.954","Deep","9"
"120.0","280.0","-2.231","Deep","9"
"140.0","280.0","-2.427","Deep","9"
"160.0","280.0","-2.48","Deep","9"
"180.0","280.0","-2.341","Deep","9"
"200.0","280.0","-1.984","Deep","9"
"220.0","280.0","-1.42","Deep","9"
"240.0","280.0","-0.704","Deep","9"
"260.0","280.0","0.074","Deep","9"
"280.0","280.0","0.798","Deep","9"
"300.0","280.0","1.35","Deep","9"
"20.0","300.0","-2.184","Deep","9"
"40.0","300.0","-2.231","Deep","9"
"60.0","300.0","-2.313","Deep","9"
"80.0","300.0","-2.404","Deep","9"
"100.0","300.0","-2.472","Deep","9"
"120.0","300.0","-2.474","Deep","9"
"140.0","300.0","-2.369","Deep","9"
"160.0","300.0","-2.123","Deep","9"
"180.0","300.0","-1.719","Deep","9"
"200.0","300.0","-1.166","Deep","9"
"220.0","300.0","-0.505","Deep","9"
"240.0","300.0","0.196","Deep","9"
"260.0","300.0","0.846","Deep","9"
"280.0","300.0","1.35","Deep","9"
"300.0","300.0","1.627","Deep","9"
"20.0","20.0","5.501","Deep","10"
"40.0","20.0","3.661","Deep","10"
"60.0","20.0","0.66","Deep","10"
"80.0","20.0","-2.423","Deep","10"
"100.0","20.0","-4.547","Deep","10"
"120.0","20.0","-5.082","Deep","10"
"140.0","20.0","-4.005","Deep","10"
"160.0","20.0","-1.829","Deep","10"
"180.0","20.0","0.632","Deep","10"
"200.0","20.0","2.581","Deep","10"
"220.0","20.0","3.488","Deep","10"
"240.0","20.0","3.221","Deep","10"
"260.0","20.0","2.027","Deep","10"
"280.0","20.0","0.395","Deep","10"
"300.0","20.0","-1.122","Deep","10"
"20.0","40.0","3.661","Deep","10"
"40.0","40.0","2.054","Deep","10"
"60.0","40.0","-0.539","Deep","10"
"80.0","40.0","-3.14","Deep","10"
"100.0","40.0","-4.808","Deep","10"
"120.0","40.0","-4.999","Deep","10"
"140.0","40.0","-3.726","Deep","10"
"160.0","40.0","-1.501","Deep","10"
"180.0","40.0","0.9","Deep","10"
"200.0","40.0","2.73","Deep","10"
"220.0","40.0","3.512","Deep","10"
"240.0","40.0","3.148","Deep","10"
"260.0","40.0","1.905","Deep","10"
"280.0","40.0","0.273","Deep","10"
"300.0","40.0","-1.21","Deep","10"
"20.0","60.0","0.66","Deep","10"
"40.0","60.0","-0.539","Deep","10"
"60.0","60.0","-2.423","Deep","10"
"80.0","60.0","-4.189","Deep","10"
"100.0","60.0","-5.082","Deep","10"
"120.0","60.0","-4.7","Deep","10"
"140.0","60.0","-3.124","Deep","10"
"160.0","60.0","-0.856","Deep","10"
"180.0","60.0","1.399","Deep","10"
"200.0","60.0","2.989","Deep","10"
"220.0","60.0","3.527","Deep","10"
"240.0","60.0","2.985","Deep","10"
"260.0","60.0","1.657","Deep","10"
"280.0","60.0","0.033","Deep","10"
"300.0","60.0","-1.376","Deep","10"
"20.0","80.0","-2.423","Deep","10"
"40.0","80.0","-3.14","Deep","10"
"60.0","80.0","-4.189","Deep","10"
"80.0","80.0","-4.984","Deep","10"
"100.0","80.0","-4.999","Deep","10"
"120.0","80.0","-4.005","Deep","10"
"140.0","80.0","-2.157","Deep","10"
"160.0","80.0","0.065","Deep","10"
"180.0","80.0","2.051","Deep","10"
"200.0","80.0","3.277","Deep","10"
"220.0","80.0","3.476","Deep","10"
"240.0","80.0","2.7","Deep","10"
"260.0","80.0","1.278","Deep","10"
"280.0","80.0","-0.312","Deep","10"
"300.0","80.0","-1.601","Deep","10"
"20.0","100.0","-4.547","Deep","10"
"40.0","100.0","-4.808","Deep","10"
"60.0","100.0","-5.082","Deep","10"
"80.0","100.0","-4.999","Deep","10"
"100.0","100.0","-4.263","Deep","10"
"120.0","100.0","-2.808","Deep","10"
"140.0","100.0","-0.856","Deep","10"
"160.0","100.0","1.156","Deep","10"
"180.0","100.0","2.73","Deep","10"
"200.0","100.0","3.488","Deep","10"
"220.0","100.0","3.287","Deep","10"
"240.0","100.0","2.263","Deep","10"
"260.0","100.0","0.77","Deep","10"
"280.0","100.0","-0.739","Deep","10"
"300.0","100.0","-1.852","Deep","10"
"20.0","120.0","-5.082","Deep","10"
"40.0","120.0","-4.999","Deep","10"
"60.0","120.0","-4.7","Deep","10"
"80.0","120.0","-4.005","Deep","10"
"100.0","120.0","-2.808","Deep","10"
"120.0","120.0","-1.176","Deep","10"
"140.0","120.0","0.632","Deep","10"
"160.0","120.0","2.241","Deep","10"
"180.0","120.0","3.277","Deep","10"
"200.0","120.0","3.502","Deep","10"
"220.0","120.0","2.895","Deep","10"
"240.0","120.0","1.657","Deep","10"
"260.0","120.0","0.152","Deep","10"
"280.0","120.0","-1.21","Deep","10"
"300.0","120.0","-2.089","Deep","10"
"20.0","140.0","-4.005","Deep","10"
"40.0","140.0","-3.726","Deep","10"
"60.0","140.0","-3.124","Deep","10"
"80.0","140.0","-2.157","Deep","10"
"100.0","140.0","-0.856","Deep","10"
"120.0","140.0","0.632","Deep","10"
"140.0","140.0","2.051","Deep","10"
"160.0","140.0","3.098","Deep","10"
"180.0","140.0","3.524","Deep","10"
"200.0","140.0","3.221","Deep","10"
"220.0","140.0","2.263","Deep","10"
"240.0","140.0","0.896","Deep","10"
"260.0","140.0","-0.531","Deep","10"
"280.0","140.0","-1.669","Deep","10"
"300.0","140.0","-2.261","Deep","10"
"20.0","160.0","-1.829","Deep","10"
"40.0","160.0","-1.501","Deep","10"
"60.0","160.0","-0.856","Deep","10"
"80.0","160.0","0.065","Deep","10"
"100.0","160.0","1.156","Deep","10"
"120.0","160.0","2.241","Deep","10"
"140.0","160.0","3.098","Deep","10"
"160.0","160.0","3.512","Deep","10"
"180.0","160.0","3.346","Deep","10"
"200.0","160.0","2.596","Deep","10"
"220.0","160.0","1.405","Deep","10"
"240.0","160.0","0.033","Deep","10"
"260.0","160.0","-1.21","Deep","10"
"280.0","160.0","-2.049","Deep","10"
"300.0","160.0","-2.317","Deep","10"
"20.0","180.0","0.632","Deep","10"
"40.0","180.0","0.9","Deep","10"
"60.0","180.0","1.399","Deep","10"
"80.0","180.0","2.051","Deep","10"
"100.0","180.0","2.73","Deep","10"
"120.0","180.0","3.277","Deep","10"
"140.0","180.0","3.524","Deep","10"
"160.0","180.0","3.346","Deep","10"
"180.0","180.0","2.7","Deep","10"
"200.0","180.0","1.657","Deep","10"
"220.0","180.0","0.395","Deep","10"
"240.0","180.0","-0.839","Deep","10"
"260.0","180.0","-1.795","Deep","10"
"280.0","180.0","-2.278","Deep","10"
"300.0","180.0","-2.211","Deep","10"
"20.0","200.0","2.581","Deep","10"
"40.0","200.0","2.73","Deep","10"
"60.0","200.0","2.989","Deep","10"
"80.0","200.0","3.277","Deep","10"
"100.0","200.0","3.488","Deep","10"
"120.0","200.0","3.502","Deep","10"
"140.0","200.0","3.221","Deep","10"
"160.0","200.0","2.596","Deep","10"
"180.0","200.0","1.657","Deep","10"
"200.0","200.0","0.519","Deep","10"
"220.0","200.0","-0.637","Deep","10"
"240.0","200.0","-1.601","Deep","10"
"260.0","200.0","-2.19","Deep","10"
"280.0","200.0","-2.297","Deep","10"
"300.0","200.0","-1.919","Deep","10"
"20.0","220.0","3.488","Deep","10"
"40.0","220.0","3.512","Deep","10"
"60.0","220.0","3.527","Deep","10"
"80.0","220.0","3.476","Deep","10"
"100.0","220.0","3.287","Deep","10"
"120.0","220.0","2.895","Deep","10"
"140.0","220.0","2.263","Deep","10"
"160.0","220.0","1.405","Deep","10"
"180.0","220.0","0.395","Deep","10"
"200.0","220.0","-0.637","Deep","10"
"220.0","220.0","-1.529","Deep","10"
"240.0","220.0","-2.126","Deep","10"
"260.0","220.0","-2.317","Deep","10"
"280.0","220.0","-2.068","Deep","10"
"300.0","220.0","-1.442","Deep","10"
"20.0","240.0","3.221","Deep","10"
"40.0","240.0","3.148","Deep","10"
"60.0","240.0","2.985","Deep","10"
"80.0","240.0","2.7","Deep","10"
"100.0","240.0","2.263","Deep","10"
"120.0","240.0","1.657","Deep","10"
"140.0","240.0","0.896","Deep","10"
"160.0","240.0","0.033","Deep","10"
"180.0","240.0","-0.839","Deep","10"
"200.0","240.0","-1.601","Deep","10"
"220.0","240.0","-2.126","Deep","10"
"240.0","240.0","-2.318","Deep","10"
"260.0","240.0","-2.132","Deep","10"
"280.0","240.0","-1.597","Deep","10"
"300.0","240.0","-0.817","Deep","10"
"20.0","260.0","2.027","Deep","10"
"40.0","260.0","1.905","Deep","10"
"60.0","260.0","1.657","Deep","10"
"80.0","260.0","1.278","Deep","10"
"100.0","260.0","0.77","Deep","10"
"120.0","260.0","0.152","Deep","10"
"140.0","260.0","-0.531","Deep","10"
"160.0","260.0","-1.21","Deep","10"
"180.0","260.0","-1.795","Deep","10"
"200.0","260.0","-2.19","Deep","10"
"220.0","260.0","-2.317","Deep","10"
"240.0","260.0","-2.132","Deep","10"
"260.0","260.0","-1.647","Deep","10"
"280.0","260.0","-0.934","Deep","10"
"300.0","260.0","-0.114","Deep","10"
"20.0","280.0","0.395","Deep","10"
"40.0","280.0","0.273","Deep","10"
"60.0","280.0","0.033","Deep","10"
"80.0","280.0","-0.312","Deep","10"
"100.0","280.0","-0.739","Deep","10"
"120.0","280.0","-1.21","Deep","10"
"140.0","280.0","-1.669","Deep","10"
"160.0","280.0","-2.049","Deep","10"
"180.0","280.0","-2.278","Deep","10"
"200.0","280.0","-2.297","Deep","10"
"220.0","280.0","-2.068","Deep","10"
"240.0","280.0","-1.597","Deep","10"
"260.0","280.0","-0.934","Deep","10"
"280.0","280.0","-0.171","Deep","10"
"300.0","280.0","0.569","Deep","10"
"20.0","300.0","-1.122","Deep","10"
"40.0","300.0","-1.21","Deep","10"
"60.0","300.0","-1.376","Deep","10"
"80.0","300.0","-1.601","Deep","10"
"100.0","300.0","-1.852","Deep","10"
"120.0","300.0","-2.089","Deep","10"
"140.0","300.0","-2.261","Deep","10"
"160.0","300.0","-2.317","Deep","10"
"180.0","300.0","-2.211","Deep","10"
"200.0","300.0","-1.919","Deep","10"
"220.0","300.0","-1.442","Deep","10"
"240.0","300.0","-0.817","Deep","10"
"260.0","300.0","-0.114","Deep","10"
"280.0","300.0","0.569","Deep","10"
"300.0","300.0","1.131","Deep","10"
"20.0","20.0","5.939","Deep","11"
"40.0","20.0","5.492","Deep","11"
"60.0","20.0","3.442","Deep","11"
"80.0","20.0","0.418","Deep","11"
"100.0","20.0","-2.527","Deep","11"
"120.0","20.0","-4.434","Deep","11"
"140.0","20.0","-4.786","Deep","11"
"160.0","20.0","-3.638","Deep","11"
"180.0","20.0","-1.528","Deep","11"
"200.0","20.0","0.768","Deep","11"
"220.0","20.0","2.521","Deep","11"
"240.0","20.0","3.273","Deep","11"
"260.0","20.0","2.938","Deep","11"
"280.0","20.0","1.771","Deep","11"
"300.0","20.0","0.241","Deep","11"
"20.0","40.0","5.492","Deep","11"
"40.0","40.0","4.515","Deep","11"
"60.0","40.0","2.377","Deep","11"
"80.0","40.0","-0.445","Deep","11"
"100.0","40.0","-3.055","Deep","11"
"120.0","40.0","-4.617","Deep","11"
"140.0","40.0","-4.699","Deep","11"
"160.0","40.0","-3.399","Deep","11"
"180.0","40.0","-1.254","Deep","11"
"200.0","40.0","0.988","Deep","11"
"220.0","40.0","2.64","Deep","11"
"240.0","40.0","3.286","Deep","11"
"260.0","40.0","2.87","Deep","11"
"280.0","40.0","1.664","Deep","11"
"300.0","40.0","0.135","Deep","11"
"20.0","60.0","3.442","Deep","11"
"40.0","60.0","2.377","Deep","11"
"60.0","60.0","0.418","Deep","11"
"80.0","60.0","-1.917","Deep","11"
"100.0","60.0","-3.883","Deep","11"
"120.0","60.0","-4.821","Deep","11"
"140.0","60.0","-4.436","Deep","11"
"160.0","60.0","-2.889","Deep","11"
"180.0","60.0","-0.714","Deep","11"
"200.0","60.0","1.399","Deep","11"
"220.0","60.0","2.846","Deep","11"
"240.0","60.0","3.286","Deep","11"
"260.0","60.0","2.721","Deep","11"
"280.0","60.0","1.447","Deep","11"
"300.0","60.0","-0.071","Deep","11"
"20.0","80.0","0.418","Deep","11"
"40.0","80.0","-0.445","Deep","11"
"60.0","80.0","-1.917","Deep","11"
"80.0","80.0","-3.506","Deep","11"
"100.0","80.0","-4.617","Deep","11"
"120.0","80.0","-4.786","Deep","11"
"140.0","80.0","-3.864","Deep","11"
"160.0","80.0","-2.079","Deep","11"
"180.0","80.0","0.059","Deep","11"
"200.0","80.0","1.942","Deep","11"
"220.0","80.0","3.078","Deep","11"
"240.0","80.0","3.229","Deep","11"
"260.0","80.0","2.466","Deep","11"
"280.0","80.0","1.116","Deep","11"
"300.0","80.0","-0.368","Deep","11"
"20.0","100.0","-2.527","Deep","11"
"40.0","100.0","-3.055","Deep","11"
"60.0","100.0","-3.883","Deep","11"
"80.0","100.0","-4.617","Deep","11"
"100.0","100.0","-4.838","Deep","11"
"120.0","100.0","-4.266","Deep","11"
"140.0","100.0","-2.889","Deep","11"
"160.0","100.0","-0.982","Deep","11"
"180.0","100.0","0.988","Deep","11"
"200.0","100.0","2.521","Deep","11"
"220.0","100.0","3.252","Deep","11"
"240.0","100.0","3.058","Deep","11"
"260.0","100.0","2.083","Deep","11"
"280.0","100.0","0.673","Deep","11"
"300.0","100.0","-0.737","Deep","11"
"20.0","120.0","-4.434","Deep","11"
"40.0","120.0","-4.617","Deep","11"
"60.0","120.0","-4.821","Deep","11"
"80.0","120.0","-4.786","Deep","11"
"100.0","120.0","-4.266","Deep","11"
"120.0","120.0","-3.148","Deep","11"
"140.0","120.0","-1.528","Deep","11"
"160.0","120.0","0.303","Deep","11"
"180.0","120.0","1.942","Deep","11"
"200.0","120.0","3.01","Deep","11"
"220.0","120.0","3.274","Deep","11"
"240.0","120.0","2.721","Deep","11"
"260.0","120.0","1.556","Deep","11"
"280.0","120.0","0.135","Deep","11"
"300.0","120.0","-1.145","Deep","11"
"20.0","140.0","-4.786","Deep","11"
"40.0","140.0","-4.699","Deep","11"
"60.0","140.0","-4.436","Deep","11"
"80.0","140.0","-3.864","Deep","11"
"100.0","140.0","-2.889","Deep","11"
"120.0","140.0","-1.528","Deep","11"
"140.0","140.0","0.059","Deep","11"
"160.0","140.0","1.591","Deep","11"
"180.0","140.0","2.748","Deep","11"
"200.0","140.0","3.273","Deep","11"
"220.0","140.0","3.058","Deep","11"
"240.0","140.0","2.183","Deep","11"
"260.0","140.0","0.894","Deep","11"
"280.0","140.0","-0.464","Deep","11"
"300.0","140.0","-1.548","Deep","11"
"20.0","160.0","-3.638","Deep","11"
"40.0","160.0","-3.399","Deep","11"
"60.0","160.0","-2.889","Deep","11"
"80.0","160.0","-2.079","Deep","11"
"100.0","160.0","-0.982","Deep","11"
"120.0","160.0","0.303","Deep","11"
"140.0","160.0","1.591","Deep","11"
"160.0","160.0","2.64","Deep","11"
"180.0","160.0","3.223","Deep","11"
"200.0","160.0","3.196","Deep","11"
"220.0","160.0","2.555","Deep","11"
"240.0","160.0","1.447","Deep","11"
"260.0","160.0","0.135","Deep","11"
"280.0","160.0","-1.068","Deep","11"
"300.0","160.0","-1.89","Deep","11"
"20.0","180.0","-1.528","Deep","11"
"40.0","180.0","-1.254","Deep","11"
"60.0","180.0","-0.714","Deep","11"
"80.0","180.0","0.059","Deep","11"
"100.0","180.0","0.988","Deep","11"
"120.0","180.0","1.942","Deep","11"
"140.0","180.0","2.748","Deep","11"
"160.0","180.0","3.223","Deep","11"
"180.0","180.0","3.229","Deep","11"
"200.0","180.0","2.721","Deep","11"
"220.0","180.0","1.771","Deep","11"
"240.0","180.0","0.564","Deep","11"
"260.0","180.0","-0.648","Deep","11"
"280.0","180.0","-1.605","Deep","11"
"300.0","180.0","-2.111","Deep","11"
"20.0","200.0","0.768","Deep","11"
"40.0","200.0","0.988","Deep","11"
"60.0","200.0","1.399","Deep","11"
"80.0","200.0","1.942","Deep","11"
"100.0","200.0","2.521","Deep","11"
"120.0","200.0","3.01","Deep","11"
"140.0","200.0","3.273","Deep","11"
"160.0","200.0","3.196","Deep","11"
"180.0","200.0","2.721","Deep","11"
"200.0","200.0","1.877","Deep","11"
"220.0","200.0","0.783","Deep","11"
"240.0","200.0","-0.368","Deep","11"
"260.0","200.0","-1.359","Deep","11"
"280.0","200.0","-1.994","Deep","11"
"300.0","200.0","-2.157","Deep","11"
"20.0","220.0","2.521","Deep","11"
"40.0","220.0","2.64","Deep","11"
"60.0","220.0","2.846","Deep","11"
"80.0","220.0","3.078","Deep","11"
"100.0","220.0","3.252","Deep","11"
"120.0","220.0","3.274","Deep","11"
"140.0","220.0","3.058","Deep","11"
"160.0","220.0","2.555","Deep","11"
"180.0","220.0","1.771","Deep","11"
"200.0","220.0","0.783","Deep","11"
"220.0","220.0","-0.271","Deep","11"
"240.0","220.0","-1.219","Deep","11"
"260.0","220.0","-1.89","Deep","11"
"280.0","220.0","-2.162","Deep","11"
"300.0","220.0","-1.992","Deep","11"
"20.0","240.0","3.273","Deep","11"
"40.0","240.0","3.286","Deep","11"
"60.0","240.0","3.286","Deep","11"
"80.0","240.0","3.229","Deep","11"
"100.0","240.0","3.058","Deep","11"
"120.0","240.0","2.721","Deep","11"
"140.0","240.0","2.183","Deep","11"
"160.0","240.0","1.447","Deep","11"
"180.0","240.0","0.564","Deep","11"
"200.0","240.0","-0.368","Deep","11"
"220.0","240.0","-1.219","Deep","11"
"240.0","240.0","-1.85","Deep","11"
"260.0","240.0","-2.149","Deep","11"
"280.0","240.0","-2.063","Deep","11"
"300.0","240.0","-1.61","Deep","11"
"20.0","260.0","2.938","Deep","11"
"40.0","260.0","2.87","Deep","11"
"60.0","260.0","2.721","Deep","11"
"80.0","260.0","2.466","Deep","11"
"100.0","260.0","2.083","Deep","11"
"120.0","260.0","1.556","Deep","11"
"140.0","260.0","0.894","Deep","11"
"160.0","260.0","0.135","Deep","11"
"180.0","260.0","-0.648","Deep","11"
"200.0","260.0","-1.359","Deep","11"
"220.0","260.0","-1.89","Deep","11"
"240.0","260.0","-2.149","Deep","11"
"260.0","260.0","-2.083","Deep","11"
"280.0","260.0","-1.692","Deep","11"
"300.0","260.0","-1.044","Deep","11"
"20.0","280.0","1.771","Deep","11"
"40.0","280.0","1.664","Deep","11"
"60.0","280.0","1.447","Deep","11"
"80.0","280.0","1.116","Deep","11"
"100.0","280.0","0.673","Deep","11"
"120.0","280.0","0.135","Deep","11"
"140.0","280.0","-0.464","Deep","11"
"160.0","280.0","-1.068","Deep","11"
"180.0","280.0","-1.605","Deep","11"
"200.0","280.0","-1.994","Deep","11"
"220.0","280.0","-2.162","Deep","11"
"240.0","280.0","-2.063","Deep","11"
"260.0","280.0","-1.692","Deep","11"
"280.0","280.0","-1.095","Deep","11"
"300.0","280.0","-0.364","Deep","11"
"20.0","300.0","0.241","Deep","11"
"40.0","300.0","0.135","Deep","11"
"60.0","300.0","-0.071","Deep","11"
"80.0","300.0","-0.368","Deep","11"
"100.0","300.0","-0.737","Deep","11"
"120.0","300.0","-1.145","Deep","11"
"140.0","300.0","-1.548","Deep","11"
"160.0","300.0","-1.89","Deep","11"
"180.0","300.0","-2.111","Deep","11"
"200.0","300.0","-2.157","Deep","11"
"220.0","300.0","-1.992","Deep","11"
"240.0","300.0","-1.61","Deep","11"
"260.0","300.0","-1.044","Deep","11"
"280.0","300.0","-0.364","Deep","11"
"300.0","300.0","0.331","Deep","11"
"20.0","20.0","4.787","Deep","12"
"40.0","20.0","5.851","Deep","12"
"60.0","20.0","5.301","Deep","12"
"80.0","20.0","3.148","Deep","12"
"100.0","20.0","0.17","Deep","12"
"120.0","20.0","-2.598","Deep","12"
"140.0","20.0","-4.285","Deep","12"
"160.0","20.0","-4.472","Deep","12"
"180.0","20.0","-3.279","Deep","12"
"200.0","20.0","-1.25","Deep","12"
"220.0","20.0","0.879","Deep","12"
"240.0","20.0","2.448","Deep","12"
"260.0","20.0","3.062","Deep","12"
"280.0","20.0","2.672","Deep","12"
"300.0","20.0","1.539","Deep","12"
"20.0","40.0","5.851","Deep","12"
"40.0","40.0","5.765","Deep","12"
"60.0","40.0","4.656","Deep","12"
"80.0","40.0","2.368","Deep","12"
"100.0","40.0","-0.484","Deep","12"
"120.0","40.0","-2.999","Deep","12"
"140.0","40.0","-4.413","Deep","12"
"160.0","40.0","-4.385","Deep","12"
"180.0","40.0","-3.071","Deep","12"
"200.0","40.0","-1.019","Deep","12"
"220.0","40.0","1.061","Deep","12"
"240.0","40.0","2.542","Deep","12"
"260.0","40.0","3.066","Deep","12"
"280.0","40.0","2.609","Deep","12"
"300.0","40.0","1.445","Deep","12"
"20.0","60.0","5.301","Deep","12"
"40.0","60.0","4.656","Deep","12"
"60.0","60.0","3.148","Deep","12"
"80.0","60.0","0.868","Deep","12"
"100.0","60.0","-1.644","Deep","12"
"120.0","60.0","-3.651","Deep","12"
"140.0","60.0","-4.559","Deep","12"
"160.0","60.0","-4.148","Deep","12"
"180.0","60.0","-2.635","Deep","12"
"200.0","60.0","-0.565","Deep","12"
"220.0","60.0","1.402","Deep","12"
"240.0","60.0","2.706","Deep","12"
"260.0","60.0","3.055","Deep","12"
"280.0","60.0","2.473","Deep","12"
"300.0","60.0","1.253","Deep","12"
"20.0","80.0","3.148","Deep","12"
"40.0","80.0","2.368","Deep","12"
"60.0","80.0","0.868","Deep","12"
"80.0","80.0","-1.089","Deep","12"
"100.0","80.0","-2.999","Deep","12"
"120.0","80.0","-4.285","Deep","12"
"140.0","80.0","-4.535","Deep","12"
"160.0","80.0","-3.665","Deep","12"
"180.0","80.0","-1.949","Deep","12"
"200.0","80.0","0.087","Deep","12"
"220.0","80.0","1.855","Deep","12"
"240.0","80.0","2.892","Deep","12"
"260.0","80.0","2.994","Deep","12"
"280.0","80.0","2.245","Deep","12"
"300.0","80.0","0.963","Deep","12"
"20.0","100.0","0.17","Deep","12"
"40.0","100.0","-0.484","Deep","12"
"60.0","100.0","-1.644","Deep","12"
"80.0","100.0","-2.999","Deep","12"
"100.0","100.0","-4.117","Deep","12"
"120.0","100.0","-4.581","Deep","12"
"140.0","100.0","-4.148","Deep","12"
"160.0","100.0","-2.856","Deep","12"
"180.0","100.0","-1.019","Deep","12"
"200.0","100.0","0.879","Deep","12"
"220.0","100.0","2.346","Deep","12"
"240.0","100.0","3.034","Deep","12"
"260.0","100.0","2.838","Deep","12"
"280.0","100.0","1.906","Deep","12"
"300.0","100.0","0.576","Deep","12"
"20.0","120.0","-2.598","Deep","12"
"40.0","120.0","-2.999","Deep","12"
"60.0","120.0","-3.651","Deep","12"
"80.0","120.0","-4.285","Deep","12"
"100.0","120.0","-4.581","Deep","12"
"120.0","120.0","-4.276","Deep","12"
"140.0","120.0","-3.279","Deep","12"
"160.0","120.0","-1.716","Deep","12"
"180.0","120.0","0.087","Deep","12"
"200.0","120.0","1.712","Deep","12"
"220.0","120.0","2.776","Deep","12"
"240.0","120.0","3.055","Deep","12"
"260.0","120.0","2.543","Deep","12"
"280.0","120.0","1.445","Deep","12"
"300.0","120.0","0.106","Deep","12"
"20.0","140.0","-4.285","Deep","12"
"40.0","140.0","-4.413","Deep","12"
"60.0","140.0","-4.559","Deep","12"
"80.0","140.0","-4.535","Deep","12"
"100.0","140.0","-4.148","Deep","12"
"120.0","140.0","-3.279","Deep","12"
"140.0","140.0","-1.949","Deep","12"
"160.0","140.0","-0.343","Deep","12"
"180.0","140.0","1.235","Deep","12"
"200.0","140.0","2.448","Deep","12"
"220.0","140.0","3.034","Deep","12"
"240.0","140.0","2.884","Deep","12"
"260.0","140.0","2.079","Deep","12"
"280.0","140.0","0.866","Deep","12"
"300.0","140.0","-0.42","Deep","12"
"20.0","160.0","-4.472","Deep","12"
"40.0","160.0","-4.385","Deep","12"
"60.0","160.0","-4.148","Deep","12"
"80.0","160.0","-3.665","Deep","12"
"100.0","160.0","-2.856","Deep","12"
"120.0","160.0","-1.716","Deep","12"
"140.0","160.0","-0.343","Deep","12"
"160.0","160.0","1.061","Deep","12"
"180.0","160.0","2.236","Deep","12"
"200.0","160.0","2.939","Deep","12"
"220.0","160.0","3.02","Deep","12"
"240.0","160.0","2.473","Deep","12"
"260.0","160.0","1.445","Deep","12"
"280.0","160.0","0.199","Deep","12"
"300.0","160.0","-0.957","Deep","12"
"20.0","180.0","-3.279","Deep","12"
"40.0","180.0","-3.071","Deep","12"
"60.0","180.0","-2.635","Deep","12"
"80.0","180.0","-1.949","Deep","12"
"100.0","180.0","-1.019","Deep","12"
"120.0","180.0","0.087","Deep","12"
"140.0","180.0","1.235","Deep","12"
"160.0","180.0","2.236","Deep","12"
"180.0","180.0","2.892","Deep","12"
"200.0","180.0","3.055","Deep","12"
"220.0","180.0","2.672","Deep","12"
"240.0","180.0","1.816","Deep","12"
"260.0","180.0","0.673","Deep","12"
"280.0","180.0","-0.502","Deep","12"
"300.0","180.0","-1.446","Deep","12"
"20.0","200.0","-1.25","Deep","12"
"40.0","200.0","-1.019","Deep","12"
"60.0","200.0","-0.565","Deep","12"
"80.0","200.0","0.087","Deep","12"
"100.0","200.0","0.879","Deep","12"
"120.0","200.0","1.712","Deep","12"
"140.0","200.0","2.448","Deep","12"
"160.0","200.0","2.939","Deep","12"
"180.0","200.0","3.055","Deep","12"
"200.0","200.0","2.732","Deep","12"
"220.0","200.0","1.994","Deep","12"
"240.0","200.0","0.963","Deep","12"
"260.0","200.0","-0.163","Deep","12"
"280.0","200.0","-1.157","Deep","12"
"300.0","200.0","-1.818","Deep","12"
"20.0","220.0","0.879","Deep","12"
"40.0","220.0","1.061","Deep","12"
"60.0","220.0","1.402","Deep","12"
"80.0","220.0","1.855","Deep","12"
"100.0","220.0","2.346","Deep","12"
"120.0","220.0","2.776","Deep","12"
"140.0","220.0","3.034","Deep","12"
"160.0","220.0","3.02","Deep","12"
"180.0","220.0","2.672","Deep","12"
"200.0","220.0","1.994","Deep","12"
"220.0","220.0","1.06","Deep","12"
"240.0","220.0","0.015","Deep","12"
"260.0","220.0","-0.957","Deep","12"
"280.0","220.0","-1.676","Deep","12"
"300.0","220.0","-2.009","Deep","12"
"20.0","240.0","2.448","Deep","12"
"40.0","240.0","2.542","Deep","12"
"60.0","240.0","2.706","Deep","12"
"80.0","240.0","2.892","Deep","12"
"100.0","240.0","3.034","Deep","12"
"120.0","240.0","3.055","Deep","12"
"140.0","240.0","2.884","Deep","12"
"160.0","240.0","2.473","Deep","12"
"180.0","240.0","1.816","Deep","12"
"200.0","240.0","0.963","Deep","12"
"220.0","240.0","0.015","Deep","12"
"240.0","240.0","-0.886","Deep","12"
"260.0","240.0","-1.591","Deep","12"
"280.0","240.0","-1.976","Deep","12"
"300.0","240.0","-1.973","Deep","12"
"20.0","260.0","3.062","Deep","12"
"40.0","260.0","3.066","Deep","12"
"60.0","260.0","3.055","Deep","12"
"80.0","260.0","2.994","Deep","12"
"100.0","260.0","2.838","Deep","12"
"120.0","260.0","2.543","Deep","12"
"140.0","260.0","2.079","Deep","12"
"160.0","260.0","1.445","Deep","12"
"180.0","260.0","0.673","Deep","12"
"200.0","260.0","-0.163","Deep","12"
"220.0","260.0","-0.957","Deep","12"
"240.0","260.0","-1.591","Deep","12"
"260.0","260.0","-1.96","Deep","12"
"280.0","260.0","-1.997","Deep","12"
"300.0","260.0","-1.694","Deep","12"
"20.0","280.0","2.672","Deep","12"
"40.0","280.0","2.609","Deep","12"
"60.0","280.0","2.473","Deep","12"
"80.0","280.0","2.245","Deep","12"
"100.0","280.0","1.906","Deep","12"
"120.0","280.0","1.445","Deep","12"
"140.0","280.0","0.866","Deep","12"
"160.0","280.0","0.199","Deep","12"
"180.0","280.0","-0.502","Deep","12"
"200.0","280.0","-1.157","Deep","12"
"220.0","280.0","-1.676","Deep","12"
"240.0","280.0","-1.976","Deep","12"
"260.0","280.0","-1.997","Deep","12"
"280.0","280.0","-1.725","Deep","12"
"300.0","280.0","-1.199","Deep","12"
"20.0","300.0","1.539","Deep","12"
"40.0","300.0","1.445","Deep","12"
"60.0","300.0","1.253","Deep","12"
"80.0","300.0","0.963","Deep","12"
"100.0","300.0","0.576","Deep","12"
"120.0","300.0","0.106","Deep","12"
"140.0","300.0","-0.42","Deep","12"
"160.0","300.0","-0.957","Deep","12"
"180.0","300.0","-1.446","Deep","12"
"200.0","300.0","-1.818","Deep","12"
"220.0","300.0","-2.009","Deep","12"
"240.0","300.0","-1.973","Deep","12"
"260.0","300.0","-1.694","Deep","12"
"280.0","300.0","-1.199","Deep","12"
"300.0","300.0","-0.557","Deep","12"
