"lon","lat","country","continent","piece"
66.519,37.363,"Afghanistan","Asia","p001"
69.196,37.151,"Afghanistan","Asia","p001"
70.807,38.486,"Afghanistan","Asia","p001"
71.845,36.738,"Afghanistan","Asia","p001"
73.26,37.495,"Afghanistan","Asia","p001"
75.158,37.133,"Afghanistan","Asia","p001"
71.262,36.074,"Afghanistan","Asia","p001"
71.613,35.153,"Afghanistan","Asia","p001"
70.882,33.989,"Afghanistan","Asia","p001"
69.931,34.02,"Afghanistan","Asia","p001"
70.324,33.359,"Afghanistan","Asia","p001"
69.263,32.502,"Afghanistan","Asia","p001"
69.318,31.901,"Afghanistan","Asia","p001"
66.939,31.305,"Afghanistan","Asia","p001"
66.346,29.888,"Afghanistan","Asia","p001"
62.55,29.319,"Afghanistan","Asia","p001"
60.874,29.829,"Afghanistan","Asia","p001"
61.781,30.736,"Afghanistan","Asia","p001"
60.536,32.981,"Afghanistan","Asia","p001"
61.211,35.65,"Afghanistan","Asia","p001"
62.985,35.404,"Afghanistan","Asia","p001"
64.546,36.312,"Afghanistan","Asia","p001"
64.746,37.112,"Afghanistan","Asia","p001"
65.746,37.661,"Afghanistan","Asia","p001"
66.519,37.363,"Afghanistan","Asia","p001"
21.02,40.843,"Albania","Europe","p002"
20.15,39.625,"Albania","Europe","p002"
19.406,40.251,"Albania","Europe","p002"
19.304,42.196,"Albania","Europe","p002"
19.738,42.688,"Albania","Europe","p002"
20.523,42.218,"Albania","Europe","p002"
21.02,40.843,"Albania","Europe","p002"
-8.684,27.396,"Algeria","Africa","p003"
-8.674,28.841,"Algeria","Africa","p003"
-5.242,30.0,"Algeria","Africa","p003"
-3.69,30.897,"Algeria","Africa","p003"
-3.647,31.637,"Algeria","Africa","p003"
-1.308,32.263,"Algeria","Africa","p003"
-2.17,35.168,"Algeria","Africa","p003"
-1.209,35.715,"Algeria","Africa","p003"
1.467,36.606,"Algeria","Africa","p003"
8.421,36.946,"Algeria","Africa","p003"
8.141,34.655,"Algeria","Africa","p003"
7.524,34.097,"Algeria","Africa","p003"
7.613,33.344,"Algeria","Africa","p003"
9.056,32.103,"Algeria","Africa","p003"
9.806,29.425,"Algeria","Africa","p003"
9.319,26.094,"Algeria","Africa","p003"
10.304,24.379,"Algeria","Africa","p003"
10.771,24.563,"Algeria","Africa","p003"
12.0,23.472,"Algeria","Africa","p003"
5.678,19.601,"Algeria","Africa","p003"
3.158,19.057,"Algeria","Africa","p003"
3.147,19.694,"Algeria","Africa","p003"
-8.684,27.396,"Algeria","Africa","p003"
12.996,-4.781,"Angola","Africa","p004"
12.182,-5.79,"Angola","Africa","p004"
11.915,-5.038,"Angola","Africa","p004"
12.621,-4.438,"Angola","Africa","p004"
12.996,-4.781,"Angola","Africa","p004"
12.322,-6.1,"Angola","Africa","p005"
16.327,-5.877,"Angola","Africa","p005"
17.473,-8.069,"Angola","Africa","p005"
19.017,-7.988,"Angola","Africa","p005"
20.092,-6.943,"Angola","Africa","p005"
21.728,-7.291,"Angola","Africa","p005"
22.155,-11.085,"Angola","Africa","p005"
24.018,-11.237,"Angola","Africa","p005"
24.016,-12.911,"Angola","Africa","p005"
21.934,-12.898,"Angola","Africa","p005"
21.888,-16.08,"Angola","Africa","p005"
23.215,-17.523,"Angola","Africa","p005"
21.377,-17.931,"Angola","Africa","p005"
18.263,-17.31,"Angola","Africa","p005"
14.059,-17.423,"Angola","Africa","p005"
13.462,-16.971,"Angola","Africa","p005"
11.734,-17.302,"Angola","Africa","p005"
12.176,-14.449,"Angola","Africa","p005"
13.739,-11.298,"Angola","Africa","p005"
12.322,-6.1,"Angola","Africa","p005"
-68.634,-52.636,"Argentina","South America","p006"
-67.75,-53.85,"Argentina","South America","p006"
-65.05,-54.7,"Argentina","South America","p006"
-66.45,-55.25,"Argentina","South America","p006"
-68.633,-54.87,"Argentina","South America","p006"
-68.634,-52.636,"Argentina","South America","p006"
-57.625,-30.216,"Argentina","South America","p007"
-58.495,-34.431,"Argentina","South America","p007"
-57.226,-35.288,"Argentina","South America","p007"
-56.788,-36.902,"Argentina","South America","p007"
-57.749,-38.184,"Argentina","South America","p007"
-59.232,-38.72,"Argentina","South America","p007"
-62.336,-38.828,"Argentina","South America","p007"
-62.146,-40.677,"Argentina","South America","p007"
-62.746,-41.029,"Argentina","South America","p007"
-65.118,-41.064,"Argentina","South America","p007"
-64.979,-42.058,"Argentina","South America","p007"
-63.756,-42.044,"Argentina","South America","p007"
-63.458,-42.563,"Argentina","South America","p007"
-65.182,-43.495,"Argentina","South America","p007"
-65.565,-45.037,"Argentina","South America","p007"
-67.294,-45.552,"Argentina","South America","p007"
-67.581,-46.302,"Argentina","South America","p007"
-65.641,-47.236,"Argentina","South America","p007"
-65.985,-48.133,"Argentina","South America","p007"
-69.139,-50.733,"Argentina","South America","p007"
-68.15,-52.35,"Argentina","South America","p007"
-71.915,-52.009,"Argentina","South America","p007"
-72.31,-50.677,"Argentina","South America","p007"
-73.328,-50.379,"Argentina","South America","p007"
-73.415,-49.318,"Argentina","South America","p007"
-72.331,-48.244,"Argentina","South America","p007"
-71.659,-44.974,"Argentina","South America","p007"
-71.223,-44.784,"Argentina","South America","p007"
-72.149,-42.255,"Argentina","South America","p007"
-71.414,-38.916,"Argentina","South America","p007"
-70.815,-38.553,"Argentina","South America","p007"
-71.122,-36.658,"Argentina","South America","p007"
-70.365,-36.005,"Argentina","South America","p007"
-69.817,-34.194,"Argentina","South America","p007"
-70.535,-31.365,"Argentina","South America","p007"
-69.656,-28.459,"Argentina","South America","p007"
-68.296,-26.899,"Argentina","South America","p007"
-68.418,-24.519,"Argentina","South America","p007"
-67.328,-24.025,"Argentina","South America","p007"
-67.107,-22.736,"Argentina","South America","p007"
-66.273,-21.832,"Argentina","South America","p007"
-64.965,-22.076,"Argentina","South America","p007"
-64.377,-22.798,"Argentina","South America","p007"
-63.987,-21.994,"Argentina","South America","p007"
-62.846,-22.035,"Argentina","South America","p007"
-60.847,-23.881,"Argentina","South America","p007"
-57.777,-25.162,"Argentina","South America","p007"
-58.618,-27.124,"Argentina","South America","p007"
-55.696,-27.388,"Argentina","South America","p007"
-54.13,-25.548,"Argentina","South America","p007"
-53.649,-26.923,"Argentina","South America","p007"
-57.625,-30.216,"Argentina","South America","p007"
46.506,38.771,"Armenia","Asia","p008"
43.656,40.254,"Armenia","Asia","p008"
43.583,41.092,"Armenia","Asia","p008"
45.56,40.812,"Armenia","Asia","p008"
46.506,38.771,"Armenia","Asia","p008"
147.689,-40.808,"Australia","Oceania","p009"
148.289,-40.875,"Australia","Oceania","p009"
147.914,-43.212,"Australia","Oceania","p009"
146.048,-43.55,"Australia","Oceania","p009"
144.744,-40.704,"Australia","Oceania","p009"
146.364,-41.138,"Australia","Oceania","p009"
147.689,-40.808,"Australia","Oceania","p009"
126.149,-32.216,"Australia","Oceania","p010"
124.222,-32.959,"Australia","Oceania","p010"
123.66,-33.89,"Australia","Oceania","p010"
119.894,-33.976,"Australia","Oceania","p010"
118.025,-35.065,"Australia","Oceania","p010"
116.625,-35.025,"Australia","Oceania","p010"
115.027,-34.197,"Australia","Oceania","p010"
115.802,-32.205,"Australia","Oceania","p010"
113.339,-26.117,"Australia","Oceania","p010"
113.778,-26.549,"Australia","Oceania","p010"
113.441,-25.621,"Australia","Oceania","p010"
114.233,-26.298,"Australia","Oceania","p010"
113.394,-24.385,"Australia","Oceania","p010"
113.737,-22.475,"Australia","Oceania","p010"
114.15,-21.756,"Australia","Oceania","p010"
114.225,-22.517,"Australia","Oceania","p010"
116.712,-20.702,"Australia","Oceania","p010"
120.856,-19.684,"Australia","Oceania","p010"
123.013,-16.405,"Australia","Oceania","p010"
123.434,-17.269,"Australia","Oceania","p010"
123.859,-17.069,"Australia","Oceania","p010"
123.503,-16.597,"Australia","Oceania","p010"
123.817,-16.111,"Australia","Oceania","p010"
124.258,-16.328,"Australia","Oceania","p010"
125.686,-14.231,"Australia","Oceania","p010"
127.066,-13.818,"Australia","Oceania","p010"
128.36,-14.869,"Australia","Oceania","p010"
129.621,-14.97,"Australia","Oceania","p010"
129.41,-14.421,"Australia","Oceania","p010"
130.618,-12.536,"Australia","Oceania","p010"
132.575,-12.114,"Australia","Oceania","p010"
131.825,-11.274,"Australia","Oceania","p010"
132.357,-11.129,"Australia","Oceania","p010"
135.298,-12.249,"Australia","Oceania","p010"
136.492,-11.857,"Australia","Oceania","p010"
136.952,-12.352,"Australia","Oceania","p010"
135.962,-13.325,"Australia","Oceania","p010"
135.5,-14.998,"Australia","Oceania","p010"
140.215,-17.711,"Australia","Oceania","p010"
141.274,-16.389,"Australia","Oceania","p010"
141.687,-12.408,"Australia","Oceania","p010"
142.515,-10.668,"Australia","Oceania","p010"
143.922,-14.548,"Australia","Oceania","p010"
144.564,-14.171,"Australia","Oceania","p010"
145.375,-14.985,"Australia","Oceania","p010"
146.387,-18.958,"Australia","Oceania","p010"
148.848,-20.391,"Australia","Oceania","p010"
149.678,-22.343,"Australia","Oceania","p010"
150.727,-22.402,"Australia","Oceania","p010"
150.9,-23.462,"Australia","Oceania","p010"
152.855,-25.268,"Australia","Oceania","p010"
153.569,-28.11,"Australia","Oceania","p010"
152.892,-31.64,"Australia","Oceania","p010"
150.328,-35.672,"Australia","Oceania","p010"
149.997,-37.425,"Australia","Oceania","p010"
146.318,-39.036,"Australia","Oceania","p010"
144.877,-38.417,"Australia","Oceania","p010"
145.032,-37.896,"Australia","Oceania","p010"
143.61,-38.809,"Australia","Oceania","p010"
140.639,-38.019,"Australia","Oceania","p010"
139.574,-36.138,"Australia","Oceania","p010"
138.121,-35.612,"Australia","Oceania","p010"
138.208,-34.385,"Australia","Oceania","p010"
136.829,-35.261,"Australia","Oceania","p010"
137.89,-33.64,"Australia","Oceania","p010"
137.81,-32.9,"Australia","Oceania","p010"
135.989,-34.89,"Australia","Oceania","p010"
135.208,-34.479,"Australia","Oceania","p010"
134.274,-32.617,"Australia","Oceania","p010"
131.326,-31.496,"Australia","Oceania","p010"
126.149,-32.216,"Australia","Oceania","p010"
16.98,48.123,"Austria","Europe","p011"
16.012,46.684,"Austria","Europe","p011"
14.632,46.432,"Austria","Europe","p011"
12.153,47.115,"Austria","Europe","p011"
11.049,46.751,"Austria","Europe","p011"
9.48,47.103,"Austria","Europe","p011"
9.896,47.58,"Austria","Europe","p011"
12.933,47.468,"Austria","Europe","p011"
12.884,48.289,"Austria","Europe","p011"
13.596,48.877,"Austria","Europe","p011"
16.499,48.786,"Austria","Europe","p011"
16.98,48.123,"Austria","Europe","p011"
46.405,41.861,"Azerbaijan","Asia","p012"
47.816,41.151,"Azerbaijan","Asia","p012"
48.584,41.809,"Azerbaijan","Asia","p012"
50.393,40.257,"Azerbaijan","Asia","p012"
49.569,40.176,"Azerbaijan","Asia","p012"
48.883,38.32,"Azerbaijan","Asia","p012"
48.011,38.794,"Azerbaijan","Asia","p012"
48.06,39.582,"Azerbaijan","Asia","p012"
46.506,38.771,"Azerbaijan","Asia","p012"
46.483,39.464,"Azerbaijan","Asia","p012"
45.61,39.9,"Azerbaijan","Asia","p012"
45.892,40.218,"Azerbaijan","Asia","p012"
44.972,41.248,"Azerbaijan","Asia","p012"
46.502,41.064,"Azerbaijan","Asia","p012"
46.405,41.861,"Azerbaijan","Asia","p012"
46.144,38.741,"Azerbaijan","Asia","p013"
44.794,39.713,"Azerbaijan","Asia","p013"
45.74,39.474,"Azerbaijan","Asia","p013"
46.144,38.741,"Azerbaijan","Asia","p013"
-78.98,26.79,"Bahamas","North America","p014"
-77.82,26.58,"Bahamas","North America","p014"
-78.91,26.42,"Bahamas","North America","p014"
-78.98,26.79,"Bahamas","North America","p014"
-77.79,27.04,"Bahamas","North America","p015"
-77.0,26.59,"Bahamas","North America","p015"
-77.173,25.879,"Bahamas","North America","p015"
-77.79,27.04,"Bahamas","North America","p015"
-78.191,25.21,"Bahamas","North America","p016"
-77.535,23.76,"Bahamas","North America","p016"
-78.408,24.576,"Bahamas","North America","p016"
-78.191,25.21,"Bahamas","North America","p016"
92.673,22.041,"Bangladesh","Asia","p017"
92.369,20.671,"Bangladesh","Asia","p017"
91.417,22.765,"Bangladesh","Asia","p017"
90.496,22.805,"Bangladesh","Asia","p017"
90.273,21.836,"Bangladesh","Asia","p017"
89.032,22.056,"Bangladesh","Asia","p017"
88.7,24.234,"Bangladesh","Asia","p017"
88.084,24.502,"Bangladesh","Asia","p017"
88.932,25.239,"Bangladesh","Asia","p017"
88.21,25.768,"Bangladesh","Asia","p017"
88.563,26.447,"Bangladesh","Asia","p017"
89.832,25.965,"Bangladesh","Asia","p017"
89.921,25.27,"Bangladesh","Asia","p017"
92.376,24.977,"Bangladesh","Asia","p017"
91.159,23.504,"Bangladesh","Asia","p017"
91.706,22.985,"Bangladesh","Asia","p017"
92.146,23.627,"Bangladesh","Asia","p017"
92.673,22.041,"Bangladesh","Asia","p017"
28.177,56.169,"Belarus","Europe","p018"
30.874,55.551,"Belarus","Europe","p018"
30.758,54.812,"Belarus","Europe","p018"
32.694,53.351,"Belarus","Europe","p018"
31.305,53.074,"Belarus","Europe","p018"
31.786,52.102,"Belarus","Europe","p018"
30.928,52.042,"Belarus","Europe","p018"
30.555,51.32,"Belarus","Europe","p018"
25.328,51.911,"Belarus","Europe","p018"
23.527,51.578,"Belarus","Europe","p018"
23.484,53.912,"Belarus","Europe","p018"
25.536,54.282,"Belarus","Europe","p018"
26.494,55.615,"Belarus","Europe","p018"
28.177,56.169,"Belarus","Europe","p018"
6.157,50.804,"Belgium","Europe","p019"
5.674,49.529,"Belgium","Europe","p019"
2.514,51.149,"Belgium","Europe","p019"
4.974,51.475,"Belgium","Europe","p019"
6.157,50.804,"Belgium","Europe","p019"
-89.143,17.808,"Belize","North America","p020"
-88.107,18.349,"Belize","North America","p020"
-88.931,15.887,"Belize","North America","p020"
-89.143,17.808,"Belize","North America","p020"
2.692,6.259,"Benin","Africa","p021"
1.865,6.142,"Benin","Africa","p021"
1.664,9.129,"Benin","Africa","p021"
0.772,10.471,"Benin","Africa","p021"
1.447,11.548,"Benin","Africa","p021"
2.849,12.236,"Benin","Africa","p021"
3.797,10.735,"Benin","Africa","p021"
2.724,8.507,"Benin","Africa","p021"
2.692,6.259,"Benin","Africa","p021"
91.697,27.772,"Bhutan","Asia","p022"
92.033,26.838,"Bhutan","Asia","p022"
88.836,27.099,"Bhutan","Asia","p022"
90.016,28.296,"Bhutan","Asia","p022"
91.697,27.772,"Bhutan","Asia","p022"
-69.53,-10.952,"Bolivia","South America","p023"
-68.271,-11.015,"Bolivia","South America","p023"
-66.647,-9.931,"Bolivia","South America","p023"
-65.338,-9.762,"Bolivia","South America","p023"
-65.402,-11.566,"Bolivia","South America","p023"
-64.316,-12.462,"Bolivia","South America","p023"
-60.503,-13.776,"Bolivia","South America","p023"
-60.158,-16.258,"Bolivia","South America","p023"
-58.241,-16.3,"Bolivia","South America","p023"
-58.281,-17.272,"Bolivia","South America","p023"
-57.498,-18.174,"Bolivia","South America","p023"
-57.854,-19.97,"Bolivia","South America","p023"
-59.115,-19.357,"Bolivia","South America","p023"
-61.786,-19.634,"Bolivia","South America","p023"
-62.685,-22.249,"Bolivia","South America","p023"
-63.987,-21.994,"Bolivia","South America","p023"
-64.377,-22.798,"Bolivia","South America","p023"
-64.965,-22.076,"Bolivia","South America","p023"
-66.273,-21.832,"Bolivia","South America","p023"
-67.828,-22.873,"Bolivia","South America","p023"
-68.757,-20.373,"Bolivia","South America","p023"
-68.442,-19.405,"Bolivia","South America","p023"
-69.59,-17.58,"Bolivia","South America","p023"
-68.96,-16.501,"Bolivia","South America","p023"
-69.34,-14.953,"Bolivia","South America","p023"
-68.665,-12.561,"Bolivia","South America","p023"
-69.53,-10.952,"Bolivia","South America","p023"
18.56,42.65,"Bosnia and Herz.","Europe","p024"
16.456,44.041,"Bosnia and Herz.","Europe","p024"
15.75,44.819,"Bosnia and Herz.","Europe","p024"
15.959,45.234,"Bosnia and Herz.","Europe","p024"
19.368,44.863,"Bosnia and Herz.","Europe","p024"
19.454,43.568,"Bosnia and Herz.","Europe","p024"
18.56,42.65,"Bosnia and Herz.","Europe","p024"
29.432,-22.091,"Botswana","Africa","p025"
27.119,-23.574,"Botswana","Africa","p025"
25.665,-25.487,"Botswana","Africa","p025"
23.312,-25.269,"Botswana","Africa","p025"
21.606,-26.727,"Botswana","Africa","p025"
20.89,-26.829,"Botswana","Africa","p025"
19.896,-24.768,"Botswana","Africa","p025"
19.895,-21.849,"Botswana","Africa","p025"
20.881,-21.814,"Botswana","Africa","p025"
20.911,-18.252,"Botswana","Africa","p025"
25.264,-17.737,"Botswana","Africa","p025"
28.021,-21.486,"Botswana","Africa","p025"
29.432,-22.091,"Botswana","Africa","p025"
-53.374,-33.768,"Brazil","South America","p026"
-53.651,-33.202,"Brazil","South America","p026"
-53.21,-32.728,"Brazil","South America","p026"
-53.788,-32.047,"Brazil","South America","p026"
-56.976,-30.11,"Brazil","South America","p026"
-57.625,-30.216,"Brazil","South America","p026"
-53.649,-26.923,"Brazil","South America","p026"
-53.628,-26.125,"Brazil","South America","p026"
-54.13,-25.548,"Brazil","South America","p026"
-54.625,-25.739,"Brazil","South America","p026"
-54.293,-24.021,"Brazil","South America","p026"
-55.401,-23.957,"Brazil","South America","p026"
-55.798,-22.357,"Brazil","South America","p026"
-57.937,-22.09,"Brazil","South America","p026"
-58.166,-20.177,"Brazil","South America","p026"
-57.498,-18.174,"Brazil","South America","p026"
-58.281,-17.272,"Brazil","South America","p026"
-58.241,-16.3,"Brazil","South America","p026"
-60.158,-16.258,"Brazil","South America","p026"
-60.503,-13.776,"Brazil","South America","p026"
-64.316,-12.462,"Brazil","South America","p026"
-65.402,-11.566,"Brazil","South America","p026"
-65.338,-9.762,"Brazil","South America","p026"
-66.647,-9.931,"Brazil","South America","p026"
-68.271,-11.015,"Brazil","South America","p026"
-70.549,-11.009,"Brazil","South America","p026"
-70.482,-9.49,"Brazil","South America","p026"
-72.185,-10.054,"Brazil","South America","p026"
-73.227,-9.462,"Brazil","South America","p026"
-73.015,-9.033,"Brazil","South America","p026"
-73.987,-7.524,"Brazil","South America","p026"
-73.12,-6.63,"Brazil","South America","p026"
-72.892,-5.275,"Brazil","South America","p026"
-69.894,-4.298,"Brazil","South America","p026"
-69.42,-1.123,"Brazil","South America","p026"
-70.016,0.541,"Brazil","South America","p026"
-69.219,0.986,"Brazil","South America","p026"
-69.805,1.089,"Brazil","South America","p026"
-69.817,1.715,"Brazil","South America","p026"
-67.538,2.037,"Brazil","South America","p026"
-67.065,1.13,"Brazil","South America","p026"
-65.548,0.789,"Brazil","South America","p026"
-63.369,2.201,"Brazil","South America","p026"
-64.27,2.497,"Brazil","South America","p026"
-64.816,4.056,"Brazil","South America","p026"
-63.093,3.771,"Brazil","South America","p026"
-60.967,4.536,"Brazil","South America","p026"
-60.734,5.2,"Brazil","South America","p026"
-59.981,5.014,"Brazil","South America","p026"
-59.538,3.959,"Brazil","South America","p026"
-59.975,2.755,"Brazil","South America","p026"
-59.031,1.318,"Brazil","South America","p026"
-55.996,1.818,"Brazil","South America","p026"
-55.973,2.51,"Brazil","South America","p026"
-52.94,2.125,"Brazil","South America","p026"
-51.317,4.203,"Brazil","South America","p026"
-50.509,1.902,"Brazil","South America","p026"
-49.974,1.736,"Brazil","South America","p026"
-50.699,0.223,"Brazil","South America","p026"
-50.388,-0.078,"Brazil","South America","p026"
-48.621,-0.235,"Brazil","South America","p026"
-48.584,-1.238,"Brazil","South America","p026"
-47.825,-0.582,"Brazil","South America","p026"
-44.906,-1.552,"Brazil","South America","p026"
-44.582,-2.691,"Brazil","South America","p026"
-43.419,-2.383,"Brazil","South America","p026"
-39.979,-2.873,"Brazil","South America","p026"
-37.223,-4.821,"Brazil","South America","p026"
-35.598,-5.15,"Brazil","South America","p026"
-34.73,-7.343,"Brazil","South America","p026"
-35.128,-8.996,"Brazil","South America","p026"
-38.674,-13.058,"Brazil","South America","p026"
-39.267,-17.868,"Brazil","South America","p026"
-40.945,-21.937,"Brazil","South America","p026"
-41.988,-22.97,"Brazil","South America","p026"
-44.648,-23.352,"Brazil","South America","p026"
-47.649,-24.885,"Brazil","South America","p026"
-48.495,-25.877,"Brazil","South America","p026"
-48.888,-28.674,"Brazil","South America","p026"
-53.374,-33.768,"Brazil","South America","p026"
115.451,5.448,"Brunei","Asia","p027"
115.347,4.317,"Brunei","Asia","p027"
114.66,4.008,"Brunei","Asia","p027"
114.204,4.526,"Brunei","Asia","p027"
115.451,5.448,"Brunei","Asia","p027"
22.657,44.235,"Bulgaria","Europe","p028"
22.945,43.824,"Bulgaria","Europe","p028"
27.242,44.176,"Bulgaria","Europe","p028"
28.558,43.707,"Bulgaria","Europe","p028"
27.674,42.578,"Bulgaria","Europe","p028"
27.997,42.007,"Bulgaria","Europe","p028"
26.117,41.827,"Bulgaria","Europe","p028"
26.106,41.329,"Bulgaria","Europe","p028"
22.952,41.338,"Bulgaria","Europe","p028"
22.381,42.32,"Bulgaria","Europe","p028"
22.986,43.211,"Bulgaria","Europe","p028"
22.657,44.235,"Bulgaria","Europe","p028"
-5.404,10.371,"Burkina Faso","Africa","p029"
-4.28,13.228,"Burkina Faso","Africa","p029"
-1.066,14.974,"Burkina Faso","Africa","p029"
0.375,14.929,"Burkina Faso","Africa","p029"
1.024,12.852,"Burkina Faso","Africa","p029"
2.177,12.625,"Burkina Faso","Africa","p029"
1.936,11.641,"Burkina Faso","Africa","p029"
0.9,10.997,"Burkina Faso","Africa","p029"
-2.94,10.963,"Burkina Faso","Africa","p029"
-2.827,9.642,"Burkina Faso","Africa","p029"
-4.33,9.611,"Burkina Faso","Africa","p029"
-5.404,10.371,"Burkina Faso","Africa","p029"
30.47,-2.414,"Burundi","Africa","p030"
30.752,-3.359,"Burundi","Africa","p030"
29.34,-4.5,"Burundi","Africa","p030"
29.025,-2.839,"Burundi","Africa","p030"
30.47,-2.414,"Burundi","Africa","p030"
102.585,12.187,"Cambodia","Asia","p031"
102.348,13.394,"Cambodia","Asia","p031"
102.988,14.226,"Cambodia","Asia","p031"
106.044,13.881,"Cambodia","Asia","p031"
106.496,14.571,"Cambodia","Asia","p031"
107.615,13.536,"Cambodia","Asia","p031"
107.491,12.337,"Cambodia","Asia","p031"
105.811,11.568,"Cambodia","Asia","p031"
106.25,10.962,"Cambodia","Asia","p031"
103.497,10.633,"Cambodia","Asia","p031"
102.585,12.187,"Cambodia","Asia","p031"
14.496,12.859,"Cameroon","Africa","p032"
15.468,9.982,"Cameroon","Africa","p032"
14.171,10.021,"Cameroon","Africa","p032"
13.954,9.549,"Cameroon","Africa","p032"
15.436,7.693,"Cameroon","Africa","p032"
14.537,6.227,"Cameroon","Africa","p032"
14.478,4.733,"Cameroon","Africa","p032"
15.863,3.014,"Cameroon","Africa","p032"
15.941,1.728,"Cameroon","Africa","p032"
14.338,2.228,"Cameroon","Africa","p032"
9.649,2.284,"Cameroon","Africa","p032"
9.795,3.073,"Cameroon","Africa","p032"
8.489,4.496,"Cameroon","Africa","p032"
8.758,5.48,"Cameroon","Africa","p032"
10.118,7.039,"Cameroon","Africa","p032"
11.059,6.644,"Cameroon","Africa","p032"
11.746,6.981,"Cameroon","Africa","p032"
14.415,11.572,"Cameroon","Africa","p032"
14.496,12.859,"Cameroon","Africa","p032"
-122.84,49.0,"Canada","North America","p033"
-127.436,50.831,"Canada","North America","p033"
-127.85,52.33,"Canada","North America","p033"
-129.13,52.755,"Canada","North America","p033"
-129.305,53.562,"Canada","North America","p033"
-130.515,54.288,"Canada","North America","p033"
-130.008,55.916,"Canada","North America","p033"
-131.708,56.552,"Canada","North America","p033"
-135.476,59.788,"Canada","North America","p033"
-137.452,58.905,"Canada","North America","p033"
-139.039,60.0,"Canada","North America","p033"
-140.998,60.306,"Canada","North America","p033"
-140.986,69.712,"Canada","North America","p033"
-136.504,68.898,"Canada","North America","p033"
-129.795,70.194,"Canada","North America","p033"
-129.108,69.779,"Canada","North America","p033"
-128.138,70.484,"Canada","North America","p033"
-125.756,69.481,"Canada","North America","p033"
-124.425,70.158,"Canada","North America","p033"
-124.29,69.4,"Canada","North America","p033"
-121.472,69.798,"Canada","North America","p033"
-115.247,68.906,"Canada","North America","p033"
-113.898,68.399,"Canada","North America","p033"
-115.305,67.903,"Canada","North America","p033"
-109.946,67.981,"Canada","North America","p033"
-108.88,67.381,"Canada","North America","p033"
-107.792,67.887,"Canada","North America","p033"
-108.813,68.312,"Canada","North America","p033"
-108.167,68.654,"Canada","North America","p033"
-106.15,68.8,"Canada","North America","p033"
-101.454,67.647,"Canada","North America","p033"
-98.443,67.782,"Canada","North America","p033"
-98.559,68.404,"Canada","North America","p033"
-97.669,68.579,"Canada","North America","p033"
-96.12,68.239,"Canada","North America","p033"
-96.126,67.293,"Canada","North America","p033"
-95.489,68.091,"Canada","North America","p033"
-94.685,68.064,"Canada","North America","p033"
-94.233,69.069,"Canada","North America","p033"
-96.471,70.09,"Canada","North America","p033"
-96.391,71.195,"Canada","North America","p033"
-95.209,71.921,"Canada","North America","p033"
-92.878,71.319,"Canada","North America","p033"
-91.52,70.191,"Canada","North America","p033"
-92.407,69.7,"Canada","North America","p033"
-90.547,69.498,"Canada","North America","p033"
-90.552,68.475,"Canada","North America","p033"
-89.215,69.259,"Canada","North America","p033"
-88.02,68.615,"Canada","North America","p033"
-88.317,67.873,"Canada","North America","p033"
-87.35,67.199,"Canada","North America","p033"
-85.577,68.785,"Canada","North America","p033"
-85.522,69.882,"Canada","North America","p033"
-82.623,69.658,"Canada","North America","p033"
-81.28,69.162,"Canada","North America","p033"
-81.964,68.133,"Canada","North America","p033"
-81.259,67.597,"Canada","North America","p033"
-81.387,67.111,"Canada","North America","p033"
-83.345,66.412,"Canada","North America","p033"
-85.769,66.558,"Canada","North America","p033"
-87.323,64.776,"Canada","North America","p033"
-90.704,63.61,"Canada","North America","p033"
-90.77,62.96,"Canada","North America","p033"
-91.933,62.835,"Canada","North America","p033"
-94.242,60.899,"Canada","North America","p033"
-94.685,58.949,"Canada","North America","p033"
-93.215,58.782,"Canada","North America","p033"
-92.297,57.087,"Canada","North America","p033"
-90.898,57.285,"Canada","North America","p033"
-85.012,55.303,"Canada","North America","p033"
-82.273,55.148,"Canada","North America","p033"
-82.125,53.277,"Canada","North America","p033"
-79.913,51.208,"Canada","North America","p033"
-78.602,52.562,"Canada","North America","p033"
-79.83,54.668,"Canada","North America","p033"
-78.229,55.136,"Canada","North America","p033"
-76.541,56.534,"Canada","North America","p033"
-77.302,58.052,"Canada","North America","p033"
-78.517,58.805,"Canada","North America","p033"
-77.337,59.853,"Canada","North America","p033"
-78.107,62.32,"Canada","North America","p033"
-73.84,62.444,"Canada","North America","p033"
-71.374,61.137,"Canada","North America","p033"
-69.59,61.061,"Canada","North America","p033"
-69.288,58.957,"Canada","North America","p033"
-67.65,58.212,"Canada","North America","p033"
-66.202,58.767,"Canada","North America","p033"
-64.584,60.336,"Canada","North America","p033"
-61.397,56.967,"Canada","North America","p033"
-61.799,56.339,"Canada","North America","p033"
-57.333,54.627,"Canada","North America","p033"
-56.937,53.78,"Canada","North America","p033"
-55.756,53.27,"Canada","North America","p033"
-55.683,52.147,"Canada","North America","p033"
-60.033,50.243,"Canada","North America","p033"
-66.399,50.229,"Canada","North America","p033"
-71.105,46.822,"Canada","North America","p033"
-68.65,48.3,"Canada","North America","p033"
-65.056,49.233,"Canada","North America","p033"
-64.171,48.742,"Canada","North America","p033"
-65.115,48.071,"Canada","North America","p033"
-64.472,46.238,"Canada","North America","p033"
-61.521,45.884,"Canada","North America","p033"
-60.518,47.008,"Canada","North America","p033"
-59.803,45.92,"Canada","North America","p033"
-65.364,43.545,"Canada","North America","p033"
-66.123,43.619,"Canada","North America","p033"
-66.162,44.465,"Canada","North America","p033"
-64.425,45.292,"Canada","North America","p033"
-67.137,45.138,"Canada","North America","p033"
-67.791,45.703,"Canada","North America","p033"
-67.79,47.066,"Canada","North America","p033"
-69.237,47.448,"Canada","North America","p033"
-71.505,45.008,"Canada","North America","p033"
-74.867,45.0,"Canada","North America","p033"
-76.82,43.629,"Canada","North America","p033"
-78.72,43.625,"Canada","North America","p033"
-79.172,43.466,"Canada","North America","p033"
-78.939,42.864,"Canada","North America","p033"
-82.439,41.675,"Canada","North America","p033"
-83.142,41.976,"Canada","North America","p033"
-82.138,43.571,"Canada","North America","p033"
-82.551,45.348,"Canada","North America","p033"
-88.378,48.303,"Canada","North America","p033"
-91.64,48.14,"Canada","North America","p033"
-94.329,48.671,"Canada","North America","p033"
-94.818,49.389,"Canada","North America","p033"
-95.159,49.0,"Canada","North America","p033"
-122.84,49.0,"Canada","North America","p033"
-83.994,62.453,"Canada","North America","p034"
-81.877,62.905,"Canada","North America","p034"
-83.069,62.159,"Canada","North America","p034"
-83.994,62.453,"Canada","North America","p034"
-79.776,72.803,"Canada","North America","p035"
-80.876,73.333,"Canada","North America","p035"
-80.353,73.76,"Canada","North America","p035"
-78.064,73.652,"Canada","North America","p035"
-76.251,72.826,"Canada","North America","p035"
-79.776,72.803,"Canada","North America","p035"
-80.315,62.086,"Canada","North America","p036"
-79.266,62.159,"Canada","North America","p036"
-79.658,61.633,"Canada","North America","p036"
-80.315,62.086,"Canada","North America","p036"
-93.613,74.98,"Canada","North America","p037"
-94.157,74.592,"Canada","North America","p037"
-96.821,74.928,"Canada","North America","p037"
-94.851,75.647,"Canada","North America","p037"
-93.613,74.98,"Canada","North America","p037"
-96.754,78.766,"Canada","North America","p038"
-95.559,78.418,"Canada","North America","p038"
-97.31,77.851,"Canada","North America","p038"
-98.632,78.872,"Canada","North America","p038"
-96.754,78.766,"Canada","North America","p038"
-88.15,74.392,"Canada","North America","p039"
-92.422,74.838,"Canada","North America","p039"
-92.89,75.883,"Canada","North America","p039"
-93.894,76.319,"Canada","North America","p039"
-97.121,76.751,"Canada","North America","p039"
-96.745,77.161,"Canada","North America","p039"
-91.605,76.779,"Canada","North America","p039"
-90.742,76.45,"Canada","North America","p039"
-90.97,76.074,"Canada","North America","p039"
-89.187,75.61,"Canada","North America","p039"
-81.129,75.714,"Canada","North America","p039"
-80.058,75.337,"Canada","North America","p039"
-79.834,74.923,"Canada","North America","p039"
-80.458,74.657,"Canada","North America","p039"
-88.15,74.392,"Canada","North America","p039"
-111.264,78.153,"Canada","North America","p040"
-109.854,77.996,"Canada","North America","p040"
-110.187,77.697,"Canada","North America","p040"
-113.534,77.732,"Canada","North America","p040"
-111.264,78.153,"Canada","North America","p040"
-110.964,78.804,"Canada","North America","p041"
-109.663,78.602,"Canada","North America","p041"
-112.542,78.408,"Canada","North America","p041"
-110.964,78.804,"Canada","North America","p041"
-55.6,51.317,"Canada","North America","p042"
-56.796,49.812,"Canada","North America","p042"
-56.143,50.15,"Canada","North America","p042"
-55.471,49.936,"Canada","North America","p042"
-55.822,49.587,"Canada","North America","p042"
-53.477,49.249,"Canada","North America","p042"
-53.786,48.517,"Canada","North America","p042"
-53.086,48.688,"Canada","North America","p042"
-52.648,47.536,"Canada","North America","p042"
-53.069,46.655,"Canada","North America","p042"
-54.179,46.807,"Canada","North America","p042"
-54.24,47.752,"Canada","North America","p042"
-55.401,46.885,"Canada","North America","p042"
-55.997,46.92,"Canada","North America","p042"
-55.291,47.39,"Canada","North America","p042"
-56.251,47.633,"Canada","North America","p042"
-59.266,47.603,"Canada","North America","p042"
-58.797,48.252,"Canada","North America","p042"
-59.232,48.523,"Canada","North America","p042"
-57.359,50.718,"Canada","North America","p042"
-55.871,51.632,"Canada","North America","p042"
-55.6,51.317,"Canada","North America","p042"
-83.883,65.11,"Canada","North America","p043"
-80.103,63.726,"Canada","North America","p043"
-80.991,63.411,"Canada","North America","p043"
-83.109,64.102,"Canada","North America","p043"
-85.523,63.052,"Canada","North America","p043"
-85.867,63.637,"Canada","North America","p043"
-87.222,63.541,"Canada","North America","p043"
-86.353,64.036,"Canada","North America","p043"
-85.884,65.739,"Canada","North America","p043"
-83.883,65.11,"Canada","North America","p043"
-78.771,72.352,"Canada","North America","p044"
-77.825,72.75,"Canada","North America","p044"
-74.229,71.767,"Canada","North America","p044"
-74.099,71.331,"Canada","North America","p044"
-72.242,71.557,"Canada","North America","p044"
-68.786,70.525,"Canada","North America","p044"
-66.969,69.186,"Canada","North America","p044"
-68.805,68.72,"Canada","North America","p044"
-61.852,66.862,"Canada","North America","p044"
-63.918,64.999,"Canada","North America","p044"
-66.721,66.388,"Canada","North America","p044"
-68.015,66.263,"Canada","North America","p044"
-68.141,65.69,"Canada","North America","p044"
-65.32,64.383,"Canada","North America","p044"
-64.669,63.393,"Canada","North America","p044"
-65.014,62.674,"Canada","North America","p044"
-68.783,63.746,"Canada","North America","p044"
-66.166,61.931,"Canada","North America","p044"
-71.023,62.911,"Canada","North America","p044"
-74.834,64.679,"Canada","North America","p044"
-77.71,64.23,"Canada","North America","p044"
-78.556,64.573,"Canada","North America","p044"
-77.897,65.309,"Canada","North America","p044"
-73.96,65.455,"Canada","North America","p044"
-73.945,66.311,"Canada","North America","p044"
-72.651,67.285,"Canada","North America","p044"
-73.312,68.069,"Canada","North America","p044"
-76.869,68.895,"Canada","North America","p044"
-76.229,69.148,"Canada","North America","p044"
-78.957,70.167,"Canada","North America","p044"
-81.305,69.743,"Canada","North America","p044"
-88.682,70.411,"Canada","North America","p044"
-89.513,70.762,"Canada","North America","p044"
-88.468,71.218,"Canada","North America","p044"
-89.888,71.223,"Canada","North America","p044"
-90.205,72.235,"Canada","North America","p044"
-88.408,73.538,"Canada","North America","p044"
-85.826,73.804,"Canada","North America","p044"
-86.562,73.157,"Canada","North America","p044"
-85.774,72.534,"Canada","North America","p044"
-84.85,73.34,"Canada","North America","p044"
-82.316,73.751,"Canada","North America","p044"
-80.6,72.717,"Canada","North America","p044"
-80.749,72.062,"Canada","North America","p044"
-78.771,72.352,"Canada","North America","p044"
-94.504,74.135,"Canada","North America","p045"
-90.51,73.857,"Canada","North America","p045"
-94.269,72.025,"Canada","North America","p045"
-95.41,72.062,"Canada","North America","p045"
-96.018,73.437,"Canada","North America","p045"
-94.504,74.135,"Canada","North America","p045"
-122.855,76.117,"Canada","North America","p046"
-119.104,77.512,"Canada","North America","p046"
-116.199,77.645,"Canada","North America","p046"
-116.336,76.877,"Canada","North America","p046"
-117.106,76.53,"Canada","North America","p046"
-122.855,76.117,"Canada","North America","p046"
-132.71,54.04,"Canada","North America","p047"
-131.75,54.12,"Canada","North America","p047"
-132.049,52.985,"Canada","North America","p047"
-131.179,52.18,"Canada","North America","p047"
-133.055,53.411,"Canada","North America","p047"
-133.18,54.17,"Canada","North America","p047"
-132.71,54.04,"Canada","North America","p047"
-105.492,79.302,"Canada","North America","p048"
-100.825,78.8,"Canada","North America","p048"
-99.671,77.908,"Canada","North America","p048"
-105.176,78.38,"Canada","North America","p048"
-104.21,78.677,"Canada","North America","p048"
-105.492,79.302,"Canada","North America","p048"
-123.51,48.51,"Canada","North America","p049"
-125.655,48.825,"Canada","North America","p049"
-128.059,49.995,"Canada","North America","p049"
-128.358,50.771,"Canada","North America","p049"
-125.755,50.295,"Canada","North America","p049"
-123.51,48.51,"Canada","North America","p049"
-121.538,74.449,"Canada","North America","p050"
-117.556,74.186,"Canada","North America","p050"
-115.511,73.475,"Canada","North America","p050"
-119.22,72.52,"Canada","North America","p050"
-120.46,71.384,"Canada","North America","p050"
-123.092,70.902,"Canada","North America","p050"
-125.929,71.869,"Canada","North America","p050"
-123.94,73.68,"Canada","North America","p050"
-124.918,74.293,"Canada","North America","p050"
-121.538,74.449,"Canada","North America","p050"
-107.819,75.846,"Canada","North America","p051"
-105.881,75.969,"Canada","North America","p051"
-105.705,75.48,"Canada","North America","p051"
-106.313,75.005,"Canada","North America","p051"
-112.223,74.417,"Canada","North America","p051"
-113.871,74.72,"Canada","North America","p051"
-111.794,75.162,"Canada","North America","p051"
-117.71,75.222,"Canada","North America","p051"
-115.405,76.479,"Canada","North America","p051"
-109.067,75.473,"Canada","North America","p051"
-110.497,76.43,"Canada","North America","p051"
-109.581,76.794,"Canada","North America","p051"
-108.549,76.678,"Canada","North America","p051"
-107.819,75.846,"Canada","North America","p051"
-106.523,73.076,"Canada","North America","p052"
-105.402,72.673,"Canada","North America","p052"
-104.465,70.993,"Canada","North America","p052"
-100.981,70.024,"Canada","North America","p052"
-101.089,69.584,"Canada","North America","p052"
-102.731,69.504,"Canada","North America","p052"
-102.093,69.12,"Canada","North America","p052"
-102.43,68.753,"Canada","North America","p052"
-105.96,69.18,"Canada","North America","p052"
-113.313,68.536,"Canada","North America","p052"
-117.34,69.96,"Canada","North America","p052"
-112.416,70.366,"Canada","North America","p052"
-117.905,70.541,"Canada","North America","p052"
-118.432,70.909,"Canada","North America","p052"
-116.113,71.309,"Canada","North America","p052"
-119.402,71.559,"Canada","North America","p052"
-117.866,72.706,"Canada","North America","p052"
-115.189,73.315,"Canada","North America","p052"
-114.167,73.121,"Canada","North America","p052"
-114.666,72.653,"Canada","North America","p052"
-112.441,72.955,"Canada","North America","p052"
-111.05,72.45,"Canada","North America","p052"
-109.92,72.961,"Canada","North America","p052"
-108.188,71.651,"Canada","North America","p052"
-107.686,72.065,"Canada","North America","p052"
-108.396,73.09,"Canada","North America","p052"
-106.523,73.076,"Canada","North America","p052"
-100.438,72.706,"Canada","North America","p053"
-101.54,73.36,"Canada","North America","p053"
-100.356,73.844,"Canada","North America","p053"
-97.38,73.76,"Canada","North America","p053"
-97.12,73.47,"Canada","North America","p053"
-98.054,72.991,"Canada","North America","p053"
-96.54,72.56,"Canada","North America","p053"
-96.72,71.66,"Canada","North America","p053"
-98.36,71.273,"Canada","North America","p053"
-102.5,72.51,"Canada","North America","p053"
-100.438,72.706,"Canada","North America","p053"
-106.6,73.6,"Canada","North America","p054"
-104.5,73.42,"Canada","North America","p054"
-105.38,72.76,"Canada","North America","p054"
-106.6,73.6,"Canada","North America","p054"
-98.5,76.72,"Canada","North America","p055"
-97.736,76.257,"Canada","North America","p055"
-98.16,75.0,"Canada","North America","p055"
-102.502,75.564,"Canada","North America","p055"
-102.566,76.337,"Canada","North America","p055"
-98.5,76.72,"Canada","North America","p055"
-96.016,80.602,"Canada","North America","p056"
-94.298,80.977,"Canada","North America","p056"
-94.735,81.206,"Canada","North America","p056"
-92.41,81.257,"Canada","North America","p056"
-87.81,80.32,"Canada","North America","p056"
-85.814,79.337,"Canada","North America","p056"
-89.035,78.287,"Canada","North America","p056"
-92.877,78.343,"Canada","North America","p056"
-93.951,78.751,"Canada","North America","p056"
-93.145,79.38,"Canada","North America","p056"
-94.974,79.372,"Canada","North America","p056"
-96.71,80.158,"Canada","North America","p056"
-96.016,80.602,"Canada","North America","p056"
-91.587,81.894,"Canada","North America","p057"
-85.5,82.652,"Canada","North America","p057"
-83.18,82.32,"Canada","North America","p057"
-82.42,82.86,"Canada","North America","p057"
-79.307,83.131,"Canada","North America","p057"
-61.85,82.629,"Canada","North America","p057"
-67.658,81.501,"Canada","North America","p057"
-65.48,81.507,"Canada","North America","p057"
-71.18,79.8,"Canada","North America","p057"
-76.908,79.323,"Canada","North America","p057"
-75.529,79.198,"Canada","North America","p057"
-76.22,79.019,"Canada","North America","p057"
-75.393,78.526,"Canada","North America","p057"
-79.76,77.21,"Canada","North America","p057"
-77.889,76.778,"Canada","North America","p057"
-80.561,76.178,"Canada","North America","p057"
-89.491,76.472,"Canada","North America","p057"
-89.616,76.952,"Canada","North America","p057"
-87.767,77.178,"Canada","North America","p057"
-88.26,77.9,"Canada","North America","p057"
-84.976,77.539,"Canada","North America","p057"
-87.962,78.372,"Canada","North America","p057"
-85.095,79.345,"Canada","North America","p057"
-86.932,80.251,"Canada","North America","p057"
-81.848,80.464,"Canada","North America","p057"
-87.599,80.516,"Canada","North America","p057"
-91.587,81.894,"Canada","North America","p057"
-75.216,67.444,"Canada","North America","p058"
-76.987,67.099,"Canada","North America","p058"
-77.236,67.588,"Canada","North America","p058"
-75.895,68.287,"Canada","North America","p058"
-75.115,68.01,"Canada","North America","p058"
-75.216,67.444,"Canada","North America","p058"
-96.257,69.49,"Canada","North America","p059"
-95.648,69.108,"Canada","North America","p059"
-96.27,68.757,"Canada","North America","p059"
-99.797,69.4,"Canada","North America","p059"
-98.218,70.144,"Canada","North America","p059"
-96.257,69.49,"Canada","North America","p059"
-64.015,47.036,"Canada","North America","p060"
-63.664,46.55,"Canada","North America","p060"
-62.012,46.443,"Canada","North America","p060"
-62.874,45.968,"Canada","North America","p060"
-64.143,46.393,"Canada","North America","p060"
-64.015,47.036,"Canada","North America","p060"
27.374,5.234,"Central African Rep.","Africa","p061"
24.411,5.109,"Central African Rep.","Africa","p061"
22.841,4.71,"Central African Rep.","Africa","p061"
22.405,4.029,"Central African Rep.","Africa","p061"
19.468,5.032,"Central African Rep.","Africa","p061"
18.453,3.504,"Central African Rep.","Africa","p061"
17.133,3.728,"Central African Rep.","Africa","p061"
16.013,2.268,"Central African Rep.","Africa","p061"
14.459,5.452,"Central African Rep.","Africa","p061"
15.279,7.422,"Central African Rep.","Africa","p061"
17.965,7.891,"Central African Rep.","Africa","p061"
18.812,8.983,"Central African Rep.","Africa","p061"
21.001,9.476,"Central African Rep.","Africa","p061"
22.864,11.142,"Central African Rep.","Africa","p061"
23.554,10.089,"Central African Rep.","Africa","p061"
23.459,8.954,"Central African Rep.","Africa","p061"
27.374,5.234,"Central African Rep.","Africa","p061"
23.838,19.58,"Chad","Africa","p062"
23.887,15.611,"Chad","Africa","p062"
23.025,15.681,"Chad","Africa","p062"
21.937,12.588,"Chad","Africa","p062"
22.864,11.142,"Chad","Africa","p062"
21.001,9.476,"Chad","Africa","p062"
18.812,8.983,"Chad","Africa","p062"
17.965,7.891,"Chad","Africa","p062"
15.279,7.422,"Chad","Africa","p062"
14.98,8.796,"Chad","Africa","p062"
13.954,9.549,"Chad","Africa","p062"
14.171,10.021,"Chad","Africa","p062"
15.468,9.982,"Chad","Africa","p062"
14.596,13.33,"Chad","Africa","p062"
13.954,13.353,"Chad","Africa","p062"
13.54,14.367,"Chad","Africa","p062"
13.972,15.684,"Chad","Africa","p062"
15.248,16.627,"Chad","Africa","p062"
15.903,20.388,"Chad","Africa","p062"
15.097,21.309,"Chad","Africa","p062"
14.851,22.863,"Chad","Africa","p062"
15.861,23.41,"Chad","Africa","p062"
23.838,19.58,"Chad","Africa","p062"
-68.634,-52.636,"Chile","South America","p063"
-68.633,-54.87,"Chile","South America","p063"
-66.96,-54.897,"Chile","South America","p063"
-68.149,-55.612,"Chile","South America","p063"
-71.006,-55.054,"Chile","South America","p063"
-74.663,-52.837,"Chile","South America","p063"
-71.108,-54.074,"Chile","South America","p063"
-70.267,-52.931,"Chile","South America","p063"
-68.634,-52.636,"Chile","South America","p063"
-69.59,-17.58,"Chile","South America","p064"
-68.442,-19.405,"Chile","South America","p064"
-68.757,-20.373,"Chile","South America","p064"
-67.828,-22.873,"Chile","South America","p064"
-66.985,-22.986,"Chile","South America","p064"
-67.328,-24.025,"Chile","South America","p064"
-68.418,-24.519,"Chile","South America","p064"
-68.296,-26.899,"Chile","South America","p064"
-69.656,-28.459,"Chile","South America","p064"
-70.535,-31.365,"Chile","South America","p064"
-69.817,-34.194,"Chile","South America","p064"
-70.365,-36.005,"Chile","South America","p064"
-71.122,-36.658,"Chile","South America","p064"
-70.815,-38.553,"Chile","South America","p064"
-71.414,-38.916,"Chile","South America","p064"
-72.149,-42.255,"Chile","South America","p064"
-71.223,-44.784,"Chile","South America","p064"
-71.659,-44.974,"Chile","South America","p064"
-72.331,-48.244,"Chile","South America","p064"
-73.415,-49.318,"Chile","South America","p064"
-73.328,-50.379,"Chile","South America","p064"
-72.31,-50.677,"Chile","South America","p064"
-71.915,-52.009,"Chile","South America","p064"
-68.572,-52.299,"Chile","South America","p064"
-70.845,-52.899,"Chile","South America","p064"
-71.43,-53.856,"Chile","South America","p064"
-74.947,-52.263,"Chile","South America","p064"
-75.608,-48.674,"Chile","South America","p064"
-74.127,-46.939,"Chile","South America","p064"
-75.644,-46.648,"Chile","South America","p064"
-74.692,-45.764,"Chile","South America","p064"
-74.352,-44.103,"Chile","South America","p064"
-73.24,-44.455,"Chile","South America","p064"
-72.718,-42.383,"Chile","South America","p064"
-73.389,-42.118,"Chile","South America","p064"
-73.701,-43.366,"Chile","South America","p064"
-74.332,-43.225,"Chile","South America","p064"
-73.218,-39.259,"Chile","South America","p064"
-73.588,-37.156,"Chile","South America","p064"
-73.167,-37.124,"Chile","South America","p064"
-71.438,-32.419,"Chile","South America","p064"
-71.49,-28.861,"Chile","South America","p064"
-70.905,-27.64,"Chile","South America","p064"
-70.091,-21.393,"Chile","South America","p064"
-70.373,-18.348,"Chile","South America","p064"
-69.59,-17.58,"Chile","South America","p064"
109.475,18.198,"China","Asia","p065"
108.655,18.508,"China","Asia","p065"
108.626,19.368,"China","Asia","p065"
110.787,20.078,"China","Asia","p065"
110.339,18.678,"China","Asia","p065"
109.475,18.198,"China","Asia","p065"
80.26,42.35,"China","Asia","p066"
80.18,42.92,"China","Asia","p066"
80.866,43.18,"China","Asia","p066"
79.966,44.918,"China","Asia","p066"
82.459,45.54,"China","Asia","p066"
83.18,47.33,"China","Asia","p066"
85.164,47.001,"China","Asia","p066"
85.768,48.456,"China","Asia","p066"
87.751,49.297,"China","Asia","p066"
88.014,48.599,"China","Asia","p066"
90.281,47.694,"China","Asia","p066"
90.971,46.888,"China","Asia","p066"
90.586,45.72,"China","Asia","p066"
90.946,45.286,"China","Asia","p066"
95.307,44.241,"China","Asia","p066"
96.349,42.726,"China","Asia","p066"
100.846,42.664,"China","Asia","p066"
104.965,41.597,"China","Asia","p066"
109.244,42.519,"China","Asia","p066"
111.83,43.743,"China","Asia","p066"
111.348,44.457,"China","Asia","p066"
111.873,45.102,"China","Asia","p066"
113.464,44.809,"China","Asia","p066"
117.422,46.673,"China","Asia","p066"
119.663,46.693,"China","Asia","p066"
118.064,48.067,"China","Asia","p066"
115.743,47.727,"China","Asia","p066"
115.485,48.135,"China","Asia","p066"
116.679,49.889,"China","Asia","p066"
117.879,49.511,"China","Asia","p066"
119.288,50.143,"China","Asia","p066"
120.738,51.964,"China","Asia","p066"
120.177,52.754,"China","Asia","p066"
122.246,53.432,"China","Asia","p066"
125.946,52.793,"China","Asia","p066"
127.657,49.76,"China","Asia","p066"
129.398,49.441,"China","Asia","p066"
130.582,48.73,"China","Asia","p066"
130.987,47.79,"China","Asia","p066"
135.026,48.478,"China","Asia","p066"
133.097,45.144,"China","Asia","p066"
131.025,44.968,"China","Asia","p066"
131.145,42.93,"China","Asia","p066"
130.634,42.903,"China","Asia","p066"
130.64,42.395,"China","Asia","p066"
129.994,42.985,"China","Asia","p066"
128.052,41.994,"China","Asia","p066"
128.208,41.467,"China","Asia","p066"
126.869,41.817,"China","Asia","p066"
124.266,39.928,"China","Asia","p066"
121.055,38.897,"China","Asia","p066"
122.169,40.422,"China","Asia","p066"
121.64,40.946,"China","Asia","p066"
117.533,38.738,"China","Asia","p066"
119.703,37.156,"China","Asia","p066"
120.823,37.87,"China","Asia","p066"
122.358,37.454,"China","Asia","p066"
122.52,36.931,"China","Asia","p066"
121.104,36.651,"China","Asia","p066"
119.151,34.91,"China","Asia","p066"
120.228,34.36,"China","Asia","p066"
121.908,31.692,"China","Asia","p066"
121.892,30.949,"China","Asia","p066"
121.264,30.676,"China","Asia","p066"
122.092,29.833,"China","Asia","p066"
121.684,28.226,"China","Asia","p066"
121.126,28.136,"China","Asia","p066"
118.657,24.547,"China","Asia","p066"
115.891,22.783,"China","Asia","p066"
110.785,21.397,"China","Asia","p066"
110.444,20.341,"China","Asia","p066"
109.89,20.282,"China","Asia","p066"
109.864,21.395,"China","Asia","p066"
107.043,21.812,"China","Asia","p066"
106.725,22.794,"China","Asia","p066"
105.329,23.352,"China","Asia","p066"
101.652,22.318,"China","Asia","p066"
101.803,21.174,"China","Asia","p066"
101.27,21.202,"China","Asia","p066"
101.15,21.85,"China","Asia","p066"
100.417,21.559,"China","Asia","p066"
99.241,22.118,"China","Asia","p066"
99.532,22.949,"China","Asia","p066"
98.899,23.143,"China","Asia","p066"
98.66,24.063,"China","Asia","p066"
97.605,23.897,"China","Asia","p066"
97.725,25.084,"China","Asia","p066"
98.672,25.919,"China","Asia","p066"
98.683,27.509,"China","Asia","p066"
97.912,28.336,"China","Asia","p066"
96.249,28.411,"China","Asia","p066"
96.587,28.831,"China","Asia","p066"
96.118,29.453,"China","Asia","p066"
94.566,29.277,"China","Asia","p066"
92.503,27.897,"China","Asia","p066"
90.016,28.296,"China","Asia","p066"
88.814,27.299,"China","Asia","p066"
88.73,28.087,"China","Asia","p066"
85.823,28.204,"China","Asia","p066"
78.739,31.516,"China","Asia","p066"
78.458,32.618,"China","Asia","p066"
79.176,32.484,"China","Asia","p066"
79.209,32.994,"China","Asia","p066"
78.912,34.322,"China","Asia","p066"
77.837,35.494,"China","Asia","p066"
76.193,35.898,"China","Asia","p066"
74.98,37.42,"China","Asia","p066"
74.865,38.379,"China","Asia","p066"
73.929,38.506,"China","Asia","p066"
73.675,39.431,"China","Asia","p066"
74.777,40.366,"China","Asia","p066"
76.526,40.428,"China","Asia","p066"
76.904,41.066,"China","Asia","p066"
80.26,42.35,"China","Asia","p066"
-66.876,1.253,"Colombia","South America","p067"
-67.538,2.037,"Colombia","South America","p067"
-69.817,1.715,"Colombia","South America","p067"
-69.805,1.089,"Colombia","South America","p067"
-69.219,0.986,"Colombia","South America","p067"
-70.016,0.541,"Colombia","South America","p067"
-69.42,-1.123,"Colombia","South America","p067"
-69.894,-4.298,"Colombia","South America","p067"
-70.693,-3.743,"Colombia","South America","p067"
-70.048,-2.725,"Colombia","South America","p067"
-70.813,-2.257,"Colombia","South America","p067"
-73.07,-2.309,"Colombia","South America","p067"
-75.107,-0.057,"Colombia","South America","p067"
-77.425,0.396,"Colombia","South America","p067"
-78.991,1.691,"Colombia","South America","p067"
-77.128,3.85,"Colombia","South America","p067"
-77.882,7.224,"Colombia","South America","p067"
-77.243,7.935,"Colombia","South America","p067"
-77.475,8.524,"Colombia","South America","p067"
-75.675,9.443,"Colombia","South America","p067"
-74.907,11.083,"Colombia","South America","p067"
-73.415,11.227,"Colombia","South America","p067"
-71.4,12.376,"Colombia","South America","p067"
-71.332,11.776,"Colombia","South America","p067"
-72.905,10.45,"Colombia","South America","p067"
-73.305,9.152,"Colombia","South America","p067"
-72.789,9.085,"Colombia","South America","p067"
-71.96,6.992,"Colombia","South America","p067"
-70.093,6.96,"Colombia","South America","p067"
-69.389,6.1,"Colombia","South America","p067"
-67.341,6.095,"Colombia","South America","p067"
-67.823,4.504,"Colombia","South America","p067"
-67.303,3.318,"Colombia","South America","p067"
-67.81,2.821,"Colombia","South America","p067"
-66.876,1.253,"Colombia","South America","p067"
18.453,3.504,"Congo","Africa","p068"
17.639,-0.425,"Congo","Africa","p068"
16.407,-1.741,"Congo","Africa","p068"
16.006,-3.535,"Congo","Africa","p068"
14.583,-4.97,"Congo","Africa","p068"
12.621,-4.438,"Congo","Africa","p068"
11.915,-5.038,"Congo","Africa","p068"
11.094,-3.979,"Congo","Africa","p068"
11.855,-3.427,"Congo","Africa","p068"
11.478,-2.766,"Congo","Africa","p068"
12.575,-1.949,"Congo","Africa","p068"
13.992,-2.471,"Congo","Africa","p068"
14.425,-1.333,"Congo","Africa","p068"
13.843,0.039,"Congo","Africa","p068"
14.276,1.197,"Congo","Africa","p068"
13.283,1.314,"Congo","Africa","p068"
13.076,2.267,"Congo","Africa","p068"
15.941,1.728,"Congo","Africa","p068"
17.133,3.728,"Congo","Africa","p068"
18.453,3.504,"Congo","Africa","p068"
-82.546,9.566,"Costa Rica","North America","p069"
-82.966,8.225,"Costa Rica","North America","p069"
-84.976,10.087,"Costa Rica","North America","p069"
-85.111,9.557,"Costa Rica","North America","p069"
-85.661,9.933,"Costa Rica","North America","p069"
-85.942,10.895,"Costa Rica","North America","p069"
-83.656,10.939,"Costa Rica","North America","p069"
-82.546,9.566,"Costa Rica","North America","p069"
16.565,46.504,"Croatia","Europe","p070"
18.83,45.909,"Croatia","Europe","p070"
19.39,45.237,"Croatia","Europe","p070"
19.005,44.86,"Croatia","Europe","p070"
15.959,45.234,"Croatia","Europe","p070"
15.75,44.819,"Croatia","Europe","p070"
18.45,42.48,"Croatia","Europe","p070"
16.015,43.507,"Croatia","Europe","p070"
14.902,45.076,"Croatia","Europe","p070"
13.657,45.137,"Croatia","Europe","p070"
15.328,45.452,"Croatia","Europe","p070"
16.565,46.504,"Croatia","Europe","p070"
-82.268,23.189,"Cuba","North America","p071"
-78.347,22.512,"Cuba","North America","p071"
-74.178,20.285,"Cuba","North America","p071"
-77.755,19.855,"Cuba","North America","p071"
-77.085,20.413,"Cuba","North America","p071"
-78.137,20.74,"Cuba","North America","p071"
-78.72,21.598,"Cuba","North America","p071"
-81.821,22.192,"Cuba","North America","p071"
-82.17,22.387,"Cuba","North America","p071"
-81.795,22.637,"Cuba","North America","p071"
-84.975,21.896,"Cuba","North America","p071"
-82.268,23.189,"Cuba","North America","p071"
32.732,35.14,"Cyprus","Asia","p072"
34.005,34.978,"Cyprus","Asia","p072"
32.98,34.572,"Cyprus","Asia","p072"
32.257,35.103,"Cyprus","Asia","p072"
32.732,35.14,"Cyprus","Asia","p072"
15.017,51.107,"Czechia","Europe","p073"
18.853,49.496,"Czechia","Europe","p073"
16.96,48.597,"Czechia","Europe","p073"
15.253,49.039,"Czechia","Europe","p073"
14.339,48.555,"Czechia","Europe","p073"
12.521,49.547,"Czechia","Europe","p073"
12.24,50.266,"Czechia","Europe","p073"
15.017,51.107,"Czechia","Europe","p073"
-8.03,10.207,"Côte d'Ivoire","Africa","p074"
-6.205,10.524,"Côte d'Ivoire","Africa","p074"
-4.33,9.611,"Côte d'Ivoire","Africa","p074"
-2.827,9.642,"Côte d'Ivoire","Africa","p074"
-2.562,8.22,"Côte d'Ivoire","Africa","p074"
-3.244,6.25,"Côte d'Ivoire","Africa","p074"
-2.856,4.994,"Côte d'Ivoire","Africa","p074"
-4.65,5.168,"Côte d'Ivoire","Africa","p074"
-7.712,4.365,"Côte d'Ivoire","Africa","p074"
-7.57,5.707,"Côte d'Ivoire","Africa","p074"
-8.603,6.468,"Côte d'Ivoire","Africa","p074"
-7.832,8.576,"Côte d'Ivoire","Africa","p074"
-8.03,10.207,"Côte d'Ivoire","Africa","p074"
29.34,-4.5,"Dem. Rep. Congo","Africa","p075"
29.62,-6.52,"Dem. Rep. Congo","Africa","p075"
30.74,-8.34,"Dem. Rep. Congo","Africa","p075"
28.735,-8.527,"Dem. Rep. Congo","Africa","p075"
28.372,-11.794,"Dem. Rep. Congo","Africa","p075"
29.616,-12.179,"Dem. Rep. Congo","Africa","p075"
29.7,-13.257,"Dem. Rep. Congo","Africa","p075"
28.934,-13.249,"Dem. Rep. Congo","Africa","p075"
27.164,-11.609,"Dem. Rep. Congo","Africa","p075"
26.553,-11.924,"Dem. Rep. Congo","Africa","p075"
24.257,-10.952,"Dem. Rep. Congo","Africa","p075"
22.155,-11.085,"Dem. Rep. Congo","Africa","p075"
21.728,-7.291,"Dem. Rep. Congo","Africa","p075"
20.092,-6.943,"Dem. Rep. Congo","Africa","p075"
19.017,-7.988,"Dem. Rep. Congo","Africa","p075"
17.473,-8.069,"Dem. Rep. Congo","Africa","p075"
16.327,-5.877,"Dem. Rep. Congo","Africa","p075"
12.182,-5.79,"Dem. Rep. Congo","Africa","p075"
13.6,-4.5,"Dem. Rep. Congo","Africa","p075"
14.583,-4.97,"Dem. Rep. Congo","Africa","p075"
16.006,-3.535,"Dem. Rep. Congo","Africa","p075"
16.407,-1.741,"Dem. Rep. Congo","Africa","p075"
17.639,-0.425,"Dem. Rep. Congo","Africa","p075"
18.543,4.202,"Dem. Rep. Congo","Africa","p075"
19.468,5.032,"Dem. Rep. Congo","Africa","p075"
22.405,4.029,"Dem. Rep. Congo","Africa","p075"
22.841,4.71,"Dem. Rep. Congo","Africa","p075"
25.65,5.256,"Dem. Rep. Congo","Africa","p075"
27.374,5.234,"Dem. Rep. Congo","Africa","p075"
28.429,4.287,"Dem. Rep. Congo","Africa","p075"
29.716,4.601,"Dem. Rep. Congo","Africa","p075"
30.834,3.509,"Dem. Rep. Congo","Africa","p075"
30.773,2.34,"Dem. Rep. Congo","Africa","p075"
31.174,2.204,"Dem. Rep. Congo","Africa","p075"
29.876,0.597,"Dem. Rep. Congo","Africa","p075"
29.025,-2.839,"Dem. Rep. Congo","Africa","p075"
29.34,-4.5,"Dem. Rep. Congo","Africa","p075"
9.922,54.983,"Denmark","Europe","p076"
8.526,54.963,"Denmark","Europe","p076"
8.09,56.54,"Denmark","Europe","p076"
10.58,57.73,"Denmark","Europe","p076"
10.25,56.89,"Denmark","Europe","p076"
10.912,56.459,"Denmark","Europe","p076"
9.65,55.47,"Denmark","Europe","p076"
9.922,54.983,"Denmark","Europe","p076"
12.371,56.111,"Denmark","Europe","p077"
12.69,55.61,"Denmark","Europe","p077"
12.09,54.8,"Denmark","Europe","p077"
11.044,55.365,"Denmark","Europe","p077"
10.904,55.78,"Denmark","Europe","p077"
12.371,56.111,"Denmark","Europe","p077"
42.352,12.542,"Djibouti","Africa","p078"
43.318,12.39,"Djibouti","Africa","p078"
42.777,10.927,"Djibouti","Africa","p078"
41.756,11.051,"Djibouti","Africa","p078"
42.352,12.542,"Djibouti","Africa","p078"
-71.708,18.045,"Dominican Rep.","North America","p079"
-71.587,19.885,"Dominican Rep.","North America","p079"
-69.951,19.648,"Dominican Rep.","North America","p079"
-68.318,18.612,"Dominican Rep.","North America","p079"
-68.689,18.205,"Dominican Rep.","North America","p079"
-70.669,18.427,"Dominican Rep.","North America","p079"
-71.4,17.599,"Dominican Rep.","North America","p079"
-71.708,18.045,"Dominican Rep.","North America","p079"
-75.373,-0.152,"Ecuador","South America","p080"
-75.545,-1.562,"Ecuador","South America","p080"
-77.838,-3.003,"Ecuador","South America","p080"
-78.64,-4.548,"Ecuador","South America","p080"
-79.205,-4.959,"Ecuador","South America","p080"
-80.442,-4.426,"Ecuador","South America","p080"
-79.77,-2.658,"Ecuador","South America","p080"
-80.968,-2.247,"Ecuador","South America","p080"
-80.934,-1.057,"Ecuador","South America","p080"
-80.091,0.768,"Ecuador","South America","p080"
-78.855,1.381,"Ecuador","South America","p080"
-75.373,-0.152,"Ecuador","South America","p080"
36.866,22.0,"Egypt","Africa","p081"
25.0,22.0,"Egypt","Africa","p081"
24.7,30.044,"Egypt","Africa","p081"
25.165,31.569,"Egypt","Africa","p081"
28.914,30.87,"Egypt","Africa","p081"
30.977,31.556,"Egypt","Africa","p081"
31.96,30.934,"Egypt","Africa","p081"
34.265,31.219,"Egypt","Africa","p081"
34.923,29.501,"Egypt","Africa","p081"
34.155,27.823,"Egypt","Africa","p081"
32.32,29.76,"Egypt","Africa","p081"
35.692,23.927,"Egypt","Africa","p081"
35.526,23.102,"Egypt","Africa","p081"
36.866,22.0,"Egypt","Africa","p081"
-89.353,14.424,"El Salvador","North America","p082"
-87.724,13.785,"El Salvador","North America","p082"
-87.904,13.149,"El Salvador","North America","p082"
-90.096,13.735,"El Salvador","North America","p082"
-89.353,14.424,"El Salvador","North America","p082"
9.649,2.284,"Eq. Guinea","Africa","p083"
11.276,2.261,"Eq. Guinea","Africa","p083"
11.285,1.058,"Eq. Guinea","Africa","p083"
9.493,1.01,"Eq. Guinea","Africa","p083"
9.649,2.284,"Eq. Guinea","Africa","p083"
36.43,14.422,"Eritrea","Africa","p084"
36.853,16.957,"Eritrea","Africa","p084"
38.41,17.998,"Eritrea","Africa","p084"
39.266,15.923,"Eritrea","Africa","p084"
43.081,12.7,"Eritrea","Africa","p084"
42.352,12.542,"Eritrea","Africa","p084"
40.026,14.52,"Eritrea","Africa","p084"
37.906,14.959,"Eritrea","Africa","p084"
37.594,14.213,"Eritrea","Africa","p084"
36.43,14.422,"Eritrea","Africa","p084"
27.981,59.475,"Estonia","Europe","p085"
27.288,57.475,"Estonia","Europe","p085"
24.313,57.793,"Estonia","Europe","p085"
24.429,58.383,"Estonia","Europe","p085"
23.427,58.613,"Estonia","Europe","p085"
23.34,59.187,"Estonia","Europe","p085"
27.981,59.475,"Estonia","Europe","p085"
47.789,8.003,"Ethiopia","Africa","p086"
44.964,5.002,"Ethiopia","Africa","p086"
43.661,4.958,"Ethiopia","Africa","p086"
41.855,3.919,"Ethiopia","Africa","p086"
40.768,4.257,"Ethiopia","Africa","p086"
39.559,3.422,"Ethiopia","Africa","p086"
36.159,4.448,"Ethiopia","Africa","p086"
34.707,6.594,"Ethiopia","Africa","p086"
32.954,7.785,"Ethiopia","Africa","p086"
33.825,8.379,"Ethiopia","Africa","p086"
34.257,10.63,"Ethiopia","Africa","p086"
35.864,12.578,"Ethiopia","Africa","p086"
36.43,14.422,"Ethiopia","Africa","p086"
37.594,14.213,"Ethiopia","Africa","p086"
37.906,14.959,"Ethiopia","Africa","p086"
40.026,14.52,"Ethiopia","Africa","p086"
41.599,13.452,"Ethiopia","Africa","p086"
42.352,12.542,"Ethiopia","Africa","p086"
41.756,11.051,"Ethiopia","Africa","p086"
42.777,10.927,"Ethiopia","Africa","p086"
42.559,10.573,"Ethiopia","Africa","p086"
43.679,9.184,"Ethiopia","Africa","p086"
47.789,8.003,"Ethiopia","Africa","p086"
-61.2,-51.85,"Falkland Is.","South America","p087"
-58.55,-51.1,"Falkland Is.","South America","p087"
-57.75,-51.55,"Falkland Is.","South America","p087"
-59.4,-52.2,"Falkland Is.","South America","p087"
-61.2,-51.85,"Falkland Is.","South America","p087"
180.0,-16.067,"Fiji","Oceania","p088"
180.0,-16.555,"Fiji","Oceania","p088"
178.725,-17.012,"Fiji","Oceania","p088"
178.597,-16.639,"Fiji","Oceania","p088"
180.0,-16.067,"Fiji","Oceania","p088"
178.126,-17.505,"Fiji","Oceania","p089"
178.718,-17.628,"Fiji","Oceania","p089"
178.553,-18.151,"Fiji","Oceania","p089"
177.381,-18.164,"Fiji","Oceania","p089"
177.671,-17.381,"Fiji","Oceania","p089"
178.126,-17.505,"Fiji","Oceania","p089"
28.592,69.065,"Finland","Europe","p090"
28.446,68.365,"Finland","Europe","p090"
29.977,67.698,"Finland","Europe","p090"
29.055,66.944,"Finland","Europe","p090"
30.218,65.806,"Finland","Europe","p090"
29.544,64.949,"Finland","Europe","p090"
30.445,64.204,"Finland","Europe","p090"
30.036,63.553,"Finland","Europe","p090"
31.516,62.868,"Finland","Europe","p090"
31.14,62.358,"Finland","Europe","p090"
28.07,60.504,"Finland","Europe","p090"
22.87,59.846,"Finland","Europe","p090"
21.322,60.72,"Finland","Europe","p090"
21.545,61.705,"Finland","Europe","p090"
21.059,62.607,"Finland","Europe","p090"
21.536,63.19,"Finland","Europe","p090"
25.398,65.111,"Finland","Europe","p090"
23.566,66.396,"Finland","Europe","p090"
23.539,67.936,"Finland","Europe","p090"
20.646,69.106,"Finland","Europe","p090"
24.736,68.65,"Finland","Europe","p090"
26.18,69.825,"Finland","Europe","p090"
27.732,70.164,"Finland","Europe","p090"
29.016,69.766,"Finland","Europe","p090"
28.592,69.065,"Finland","Europe","p090"
68.935,-48.625,"Fr. S. Antarctic Lands","Seven seas (open ocean)","p091"
70.56,-49.255,"Fr. S. Antarctic Lands","Seven seas (open ocean)","p091"
70.28,-49.71,"Fr. S. Antarctic Lands","Seven seas (open ocean)","p091"
68.745,-49.775,"Fr. S. Antarctic Lands","Seven seas (open ocean)","p091"
68.935,-48.625,"Fr. S. Antarctic Lands","Seven seas (open ocean)","p091"
-51.658,4.156,"France","Europe","p092"
-52.94,2.125,"France","Europe","p092"
-54.525,2.312,"France","Europe","p092"
-54.007,3.62,"France","Europe","p092"
-54.479,4.897,"France","Europe","p092"
-53.958,5.757,"France","Europe","p092"
-51.658,4.156,"France","Europe","p092"
6.186,49.464,"France","Europe","p093"
8.099,49.018,"France","Europe","p093"
7.467,47.621,"France","Europe","p093"
6.037,46.726,"France","Europe","p093"
6.844,45.991,"France","Europe","p093"
7.435,43.694,"France","Europe","p093"
6.529,43.129,"France","Europe","p093"
3.1,43.075,"France","Europe","p093"
2.986,42.473,"France","Europe","p093"
1.827,42.343,"France","Europe","p093"
-1.901,43.423,"France","Europe","p093"
-1.194,46.015,"France","Europe","p093"
-2.963,47.57,"France","Europe","p093"
-4.492,47.955,"France","Europe","p093"
-4.592,48.684,"France","Europe","p093"
-1.617,48.644,"France","Europe","p093"
-1.933,49.776,"France","Europe","p093"
-0.989,49.347,"France","Europe","p093"
1.339,50.127,"France","Europe","p093"
1.639,50.947,"France","Europe","p093"
2.514,51.149,"France","Europe","p093"
4.286,49.907,"France","Europe","p093"
6.186,49.464,"France","Europe","p093"
8.746,42.628,"France","Europe","p094"
9.39,43.01,"France","Europe","p094"
9.23,41.38,"France","Europe","p094"
8.746,42.628,"France","Europe","p094"
11.276,2.261,"Gabon","Africa","p095"
12.951,2.322,"Gabon","Africa","p095"
13.283,1.314,"Gabon","Africa","p095"
14.276,1.197,"Gabon","Africa","p095"
13.843,0.039,"Gabon","Africa","p095"
14.425,-1.333,"Gabon","Africa","p095"
13.992,-2.471,"Gabon","Africa","p095"
12.575,-1.949,"Gabon","Africa","p095"
11.478,-2.766,"Gabon","Africa","p095"
11.855,-3.427,"Gabon","Africa","p095"
11.094,-3.979,"Gabon","Africa","p095"
8.798,-1.111,"Gabon","Africa","p095"
9.493,1.01,"Gabon","Africa","p095"
11.285,1.058,"Gabon","Africa","p095"
11.276,2.261,"Gabon","Africa","p095"
-16.714,13.595,"Gambia","Africa","p096"
-13.845,13.505,"Gambia","Africa","p096"
-16.842,13.151,"Gambia","Africa","p096"
-16.714,13.595,"Gambia","Africa","p096"
39.955,43.435,"Georgia","Asia","p097"
45.47,42.503,"Georgia","Asia","p097"
46.638,41.182,"Georgia","Asia","p097"
41.554,41.536,"Georgia","Asia","p097"
41.453,42.645,"Georgia","Asia","p097"
39.955,43.435,"Georgia","Asia","p097"
14.12,53.757,"Germany","Europe","p098"
15.017,51.107,"Germany","Europe","p098"
12.24,50.266,"Germany","Europe","p098"
13.596,48.877,"Germany","Europe","p098"
12.884,48.289,"Germany","Europe","p098"
12.933,47.468,"Germany","Europe","p098"
7.467,47.621,"Germany","Europe","p098"
8.099,49.018,"Germany","Europe","p098"
6.658,49.202,"Germany","Europe","p098"
6.043,50.128,"Germany","Europe","p098"
5.989,51.852,"Germany","Europe","p098"
6.843,52.228,"Germany","Europe","p098"
7.1,53.694,"Germany","Europe","p098"
8.122,53.528,"Germany","Europe","p098"
8.801,54.021,"Germany","Europe","p098"
8.526,54.963,"Germany","Europe","p098"
9.922,54.983,"Germany","Europe","p098"
10.939,54.009,"Germany","Europe","p098"
12.518,54.47,"Germany","Europe","p098"
14.12,53.757,"Germany","Europe","p098"
0.024,11.019,"Ghana","Africa","p099"
1.06,5.929,"Ghana","Africa","p099"
-1.965,4.71,"Ghana","Africa","p099"
-2.856,4.994,"Ghana","Africa","p099"
-3.244,6.25,"Ghana","Africa","p099"
-2.562,8.22,"Ghana","Africa","p099"
-2.94,10.963,"Ghana","Africa","p099"
0.024,11.019,"Ghana","Africa","p099"
26.29,35.3,"Greece","Europe","p100"
24.725,34.92,"Greece","Europe","p100"
23.515,35.28,"Greece","Europe","p100"
23.7,35.705,"Greece","Europe","p100"
26.29,35.3,"Greece","Europe","p100"
22.952,41.338,"Greece","Europe","p101"
26.604,41.562,"Greece","Europe","p101"
26.057,40.824,"Greece","Europe","p101"
23.715,40.687,"Greece","Europe","p101"
24.408,40.125,"Greece","Europe","p101"
22.626,40.257,"Greece","Europe","p101"
24.04,37.655,"Greece","Europe","p101"
23.115,37.92,"Greece","Europe","p101"
23.41,37.41,"Greece","Europe","p101"
22.775,37.305,"Greece","Europe","p101"
23.154,36.423,"Greece","Europe","p101"
22.49,36.41,"Greece","Europe","p101"
21.67,36.845,"Greece","Europe","p101"
20.15,39.625,"Greece","Europe","p101"
21.02,40.843,"Greece","Europe","p101"
22.952,41.338,"Greece","Europe","p101"
-46.764,82.628,"Greenland","North America","p102"
-38.622,83.549,"Greenland","North America","p102"
-27.1,83.52,"Greenland","North America","p102"
-20.845,82.727,"Greenland","North America","p102"
-31.396,82.022,"Greenland","North America","p102"
-22.903,82.093,"Greenland","North America","p102"
-22.072,81.734,"Greenland","North America","p102"
-23.17,81.153,"Greenland","North America","p102"
-15.768,81.912,"Greenland","North America","p102"
-12.209,81.292,"Greenland","North America","p102"
-20.046,80.177,"Greenland","North America","p102"
-17.73,80.129,"Greenland","North America","p102"
-19.705,78.751,"Greenland","North America","p102"
-19.674,77.639,"Greenland","North America","p102"
-18.473,76.986,"Greenland","North America","p102"
-21.679,76.628,"Greenland","North America","p102"
-19.834,76.098,"Greenland","North America","p102"
-19.599,75.248,"Greenland","North America","p102"
-20.668,75.156,"Greenland","North America","p102"
-19.373,74.296,"Greenland","North America","p102"
-21.594,74.224,"Greenland","North America","p102"
-20.435,73.817,"Greenland","North America","p102"
-20.762,73.464,"Greenland","North America","p102"
-23.566,73.307,"Greenland","North America","p102"
-22.3,72.184,"Greenland","North America","p102"
-24.793,72.33,"Greenland","North America","p102"
-22.133,71.469,"Greenland","North America","p102"
-21.754,70.664,"Greenland","North America","p102"
-23.536,70.471,"Greenland","North America","p102"
-25.543,71.431,"Greenland","North America","p102"
-25.201,70.752,"Greenland","North America","p102"
-26.363,70.226,"Greenland","North America","p102"
-22.349,70.129,"Greenland","North America","p102"
-27.747,68.47,"Greenland","North America","p102"
-31.777,68.121,"Greenland","North America","p102"
-34.202,66.68,"Greenland","North America","p102"
-39.812,65.458,"Greenland","North America","p102"
-41.189,63.482,"Greenland","North America","p102"
-42.819,62.682,"Greenland","North America","p102"
-42.417,61.901,"Greenland","North America","p102"
-43.378,60.098,"Greenland","North America","p102"
-44.788,60.037,"Greenland","North America","p102"
-46.264,60.853,"Greenland","North America","p102"
-48.263,60.858,"Greenland","North America","p102"
-51.633,63.627,"Greenland","North America","p102"
-52.277,65.177,"Greenland","North America","p102"
-53.662,66.1,"Greenland","North America","p102"
-53.302,66.837,"Greenland","North America","p102"
-53.969,67.189,"Greenland","North America","p102"
-52.98,68.358,"Greenland","North America","p102"
-51.475,68.73,"Greenland","North America","p102"
-50.871,69.929,"Greenland","North America","p102"
-53.456,69.284,"Greenland","North America","p102"
-54.683,69.61,"Greenland","North America","p102"
-54.359,70.821,"Greenland","North America","p102"
-51.39,70.57,"Greenland","North America","p102"
-55.835,71.654,"Greenland","North America","p102"
-54.718,72.586,"Greenland","North America","p102"
-58.585,75.517,"Greenland","North America","p102"
-61.269,76.102,"Greenland","North America","p102"
-68.504,76.061,"Greenland","North America","p102"
-71.403,77.009,"Greenland","North America","p102"
-66.764,77.376,"Greenland","North America","p102"
-73.297,78.044,"Greenland","North America","p102"
-73.159,78.433,"Greenland","North America","p102"
-65.711,79.394,"Greenland","North America","p102"
-65.324,79.758,"Greenland","North America","p102"
-68.023,80.117,"Greenland","North America","p102"
-62.234,81.321,"Greenland","North America","p102"
-62.651,81.77,"Greenland","North America","p102"
-57.207,82.191,"Greenland","North America","p102"
-53.043,81.888,"Greenland","North America","p102"
-50.391,82.439,"Greenland","North America","p102"
-44.523,81.661,"Greenland","North America","p102"
-46.901,82.2,"Greenland","North America","p102"
-46.764,82.628,"Greenland","North America","p102"
-92.228,14.539,"Guatemala","North America","p103"
-91.748,16.067,"Guatemala","North America","p103"
-90.464,16.07,"Guatemala","North America","p103"
-91.454,17.252,"Guatemala","North America","p103"
-91.002,17.255,"Guatemala","North America","p103"
-91.002,17.818,"Guatemala","North America","p103"
-89.143,17.808,"Guatemala","North America","p103"
-89.229,15.887,"Guatemala","North America","p103"
-88.225,15.728,"Guatemala","North America","p103"
-89.353,14.424,"Guatemala","North America","p103"
-90.096,13.735,"Guatemala","North America","p103"
-92.228,14.539,"Guatemala","North America","p103"
-13.7,12.586,"Guinea","Africa","p104"
-10.165,11.844,"Guinea","Africa","p104"
-9.127,12.308,"Guinea","Africa","p104"
-8.03,10.207,"Guinea","Africa","p104"
-7.832,8.576,"Guinea","Africa","p104"
-8.281,7.687,"Guinea","Africa","p104"
-9.209,7.314,"Guinea","Africa","p104"
-9.755,8.541,"Guinea","Africa","p104"
-10.505,8.349,"Guinea","Africa","p104"
-11.117,10.046,"Guinea","Africa","p104"
-12.426,9.836,"Guinea","Africa","p104"
-13.247,8.903,"Guinea","Africa","p104"
-15.13,11.04,"Guinea","Africa","p104"
-13.743,11.811,"Guinea","Africa","p104"
-13.7,12.586,"Guinea","Africa","p104"
-16.677,12.385,"Guinea-Bissau","Africa","p105"
-13.7,12.586,"Guinea-Bissau","Africa","p105"
-13.743,11.811,"Guinea-Bissau","Africa","p105"
-15.13,11.04,"Guinea-Bissau","Africa","p105"
-16.677,12.385,"Guinea-Bissau","Africa","p105"
-56.539,1.9,"Guyana","South America","p106"
-58.54,1.268,"Guyana","South America","p106"
-59.646,1.787,"Guyana","South America","p106"
-59.981,5.014,"Guyana","South America","p106"
-61.41,5.959,"Guyana","South America","p106"
-59.758,8.367,"Guyana","South America","p106"
-57.147,5.973,"Guyana","South America","p106"
-58.045,4.061,"Guyana","South America","p106"
-56.539,1.9,"Guyana","South America","p106"
-71.712,19.714,"Haiti","North America","p107"
-71.708,18.045,"Haiti","North America","p107"
-74.458,18.343,"Haiti","North America","p107"
-72.335,18.668,"Haiti","North America","p107"
-73.19,19.916,"Haiti","North America","p107"
-71.712,19.714,"Haiti","North America","p107"
-83.147,14.996,"Honduras","North America","p108"
-84.925,14.79,"Honduras","North America","p108"
-87.317,12.985,"Honduras","North America","p108"
-87.86,13.893,"Honduras","North America","p108"
-89.353,14.424,"Honduras","North America","p108"
-87.902,15.864,"Honduras","North America","p108"
-84.984,15.996,"Honduras","North America","p108"
-83.147,14.996,"Honduras","North America","p108"
22.086,48.422,"Hungary","Europe","p109"
22.711,47.882,"Hungary","Europe","p109"
21.022,46.316,"Hungary","Europe","p109"
18.456,45.759,"Hungary","Europe","p109"
16.202,46.852,"Hungary","Europe","p109"
16.98,48.123,"Hungary","Europe","p109"
17.857,47.758,"Hungary","Europe","p109"
20.801,48.624,"Hungary","Europe","p109"
22.086,48.422,"Hungary","Europe","p109"
-14.509,66.456,"Iceland","Europe","p110"
-14.74,65.809,"Iceland","Europe","p110"
-13.61,65.127,"Iceland","Europe","p110"
-18.656,63.496,"Iceland","Europe","p110"
-22.763,63.96,"Iceland","Europe","p110"
-21.778,64.402,"Iceland","Europe","p110"
-23.955,64.891,"Iceland","Europe","p110"
-22.227,65.379,"Iceland","Europe","p110"
-24.326,65.611,"Iceland","Europe","p110"
-23.651,66.263,"Iceland","Europe","p110"
-22.135,66.41,"Iceland","Europe","p110"
-20.576,65.732,"Iceland","Europe","p110"
-19.057,66.277,"Iceland","Europe","p110"
-14.509,66.456,"Iceland","Europe","p110"
97.327,28.262,"India","Asia","p111"
97.134,27.084,"India","Asia","p111"
96.419,27.265,"India","Asia","p111"
95.125,26.574,"India","Asia","p111"
94.553,24.675,"India","Asia","p111"
94.107,23.851,"India","Asia","p111"
93.325,24.079,"India","Asia","p111"
93.166,22.278,"India","Asia","p111"
92.673,22.041,"India","Asia","p111"
92.146,23.627,"India","Asia","p111"
91.706,22.985,"India","Asia","p111"
91.159,23.504,"India","Asia","p111"
92.376,24.977,"India","Asia","p111"
89.921,25.27,"India","Asia","p111"
89.832,25.965,"India","Asia","p111"
88.563,26.447,"India","Asia","p111"
88.21,25.768,"India","Asia","p111"
88.932,25.239,"India","Asia","p111"
88.084,24.502,"India","Asia","p111"
88.7,24.234,"India","Asia","p111"
88.889,21.691,"India","Asia","p111"
86.976,21.496,"India","Asia","p111"
86.499,20.152,"India","Asia","p111"
85.06,19.479,"India","Asia","p111"
82.191,16.557,"India","Asia","p111"
80.325,15.899,"India","Asia","p111"
79.858,10.357,"India","Asia","p111"
77.54,7.966,"India","Asia","p111"
76.593,8.899,"India","Asia","p111"
73.534,15.991,"India","Asia","p111"
72.631,21.356,"India","Asia","p111"
70.47,20.877,"India","Asia","p111"
69.164,22.089,"India","Asia","p111"
69.645,22.451,"India","Asia","p111"
69.35,22.843,"India","Asia","p111"
68.177,23.692,"India","Asia","p111"
68.843,24.359,"India","Asia","p111"
71.043,24.357,"India","Asia","p111"
69.514,26.941,"India","Asia","p111"
70.616,27.989,"India","Asia","p111"
71.778,27.913,"India","Asia","p111"
75.259,32.271,"India","Asia","p111"
74.452,32.765,"India","Asia","p111"
73.75,34.318,"India","Asia","p111"
74.24,34.749,"India","Asia","p111"
76.872,34.654,"India","Asia","p111"
77.837,35.494,"India","Asia","p111"
78.912,34.322,"India","Asia","p111"
79.209,32.994,"India","Asia","p111"
79.176,32.484,"India","Asia","p111"
78.458,32.618,"India","Asia","p111"
78.739,31.516,"India","Asia","p111"
81.111,30.183,"India","Asia","p111"
80.088,28.794,"India","Asia","p111"
83.304,27.365,"India","Asia","p111"
88.06,26.415,"India","Asia","p111"
88.12,27.877,"India","Asia","p111"
88.73,28.087,"India","Asia","p111"
88.836,27.099,"India","Asia","p111"
89.745,26.719,"India","Asia","p111"
92.033,26.838,"India","Asia","p111"
91.697,27.772,"India","Asia","p111"
94.566,29.277,"India","Asia","p111"
96.118,29.453,"India","Asia","p111"
96.587,28.831,"India","Asia","p111"
96.249,28.411,"India","Asia","p111"
97.327,28.262,"India","Asia","p111"
141.0,-2.6,"Indonesia","Asia","p112"
141.034,-9.118,"Indonesia","Asia","p112"
140.143,-8.297,"Indonesia","Asia","p112"
137.614,-8.412,"Indonesia","Asia","p112"
138.669,-7.32,"Indonesia","Asia","p112"
137.928,-5.393,"Indonesia","Asia","p112"
133.663,-3.539,"Indonesia","Asia","p112"
132.984,-4.113,"Indonesia","Asia","p112"
131.99,-2.821,"Indonesia","Asia","p112"
133.696,-2.215,"Indonesia","Asia","p112"
132.232,-2.213,"Indonesia","Asia","p112"
130.52,-0.938,"Indonesia","Asia","p112"
132.38,-0.37,"Indonesia","Asia","p112"
133.986,-0.78,"Indonesia","Asia","p112"
134.423,-2.769,"Indonesia","Asia","p112"
135.458,-3.368,"Indonesia","Asia","p112"
137.441,-1.704,"Indonesia","Asia","p112"
141.0,-2.6,"Indonesia","Asia","p112"
124.969,-8.893,"Indonesia","Asia","p113"
124.436,-10.14,"Indonesia","Asia","p113"
123.46,-10.24,"Indonesia","Asia","p113"
123.98,-9.29,"Indonesia","Asia","p113"
124.969,-8.893,"Indonesia","Asia","p113"
134.21,-6.895,"Indonesia","Asia","p114"
134.5,-5.445,"Indonesia","Asia","p114"
134.725,-6.214,"Indonesia","Asia","p114"
134.21,-6.895,"Indonesia","Asia","p114"
117.882,4.138,"Indonesia","Asia","p115"
117.313,3.234,"Indonesia","Asia","p115"
117.876,1.828,"Indonesia","Asia","p115"
118.997,0.902,"Indonesia","Asia","p115"
117.812,0.784,"Indonesia","Asia","p115"
117.522,-0.804,"Indonesia","Asia","p115"
116.56,-1.488,"Indonesia","Asia","p115"
116.148,-4.013,"Indonesia","Asia","p115"
116.001,-3.657,"Indonesia","Asia","p115"
114.865,-4.107,"Indonesia","Asia","p115"
113.257,-3.119,"Indonesia","Asia","p115"
112.068,-3.478,"Indonesia","Asia","p115"
111.703,-2.994,"Indonesia","Asia","p115"
110.224,-2.934,"Indonesia","Asia","p115"
108.953,0.415,"Indonesia","Asia","p115"
109.663,2.006,"Indonesia","Asia","p115"
110.514,0.773,"Indonesia","Asia","p115"
112.86,1.498,"Indonesia","Asia","p115"
113.806,1.218,"Indonesia","Asia","p115"
114.621,1.431,"Indonesia","Asia","p115"
115.866,4.307,"Indonesia","Asia","p115"
117.882,4.138,"Indonesia","Asia","p115"
129.371,-2.802,"Indonesia","Asia","p116"
130.471,-3.094,"Indonesia","Asia","p116"
130.835,-3.858,"Indonesia","Asia","p116"
127.899,-3.393,"Indonesia","Asia","p116"
128.136,-2.844,"Indonesia","Asia","p116"
129.371,-2.802,"Indonesia","Asia","p116"
126.875,-3.791,"Indonesia","Asia","p117"
125.989,-3.177,"Indonesia","Asia","p117"
127.001,-3.129,"Indonesia","Asia","p117"
126.875,-3.791,"Indonesia","Asia","p117"
127.932,2.175,"Indonesia","Asia","p118"
128.688,1.132,"Indonesia","Asia","p118"
128.1,-0.9,"Indonesia","Asia","p118"
127.399,1.012,"Indonesia","Asia","p118"
127.932,2.175,"Indonesia","Asia","p118"
122.928,0.875,"Indonesia","Asia","p119"
125.066,1.643,"Indonesia","Asia","p119"
124.437,0.428,"Indonesia","Asia","p119"
120.183,0.237,"Indonesia","Asia","p119"
120.041,-0.52,"Indonesia","Asia","p119"
120.936,-1.409,"Indonesia","Asia","p119"
123.341,-0.616,"Indonesia","Asia","p119"
121.508,-1.904,"Indonesia","Asia","p119"
123.162,-5.341,"Indonesia","Asia","p119"
122.236,-5.283,"Indonesia","Asia","p119"
122.72,-4.464,"Indonesia","Asia","p119"
121.489,-4.575,"Indonesia","Asia","p119"
120.972,-2.628,"Indonesia","Asia","p119"
120.305,-2.932,"Indonesia","Asia","p119"
120.431,-5.528,"Indonesia","Asia","p119"
119.797,-5.673,"Indonesia","Asia","p119"
119.367,-5.38,"Indonesia","Asia","p119"
119.499,-3.494,"Indonesia","Asia","p119"
118.768,-2.802,"Indonesia","Asia","p119"
119.826,0.154,"Indonesia","Asia","p119"
120.886,1.309,"Indonesia","Asia","p119"
122.928,0.875,"Indonesia","Asia","p119"
120.295,-10.259,"Indonesia","Asia","p120"
118.968,-9.558,"Indonesia","Asia","p120"
119.9,-9.361,"Indonesia","Asia","p120"
120.776,-9.97,"Indonesia","Asia","p120"
120.295,-10.259,"Indonesia","Asia","p120"
121.342,-8.537,"Indonesia","Asia","p121"
122.904,-8.094,"Indonesia","Asia","p121"
122.757,-8.65,"Indonesia","Asia","p121"
121.254,-8.934,"Indonesia","Asia","p121"
119.921,-8.445,"Indonesia","Asia","p121"
121.342,-8.537,"Indonesia","Asia","p121"
118.261,-8.362,"Indonesia","Asia","p122"
119.127,-8.706,"Indonesia","Asia","p122"
116.74,-9.033,"Indonesia","Asia","p122"
117.9,-8.096,"Indonesia","Asia","p122"
118.261,-8.362,"Indonesia","Asia","p122"
108.487,-6.422,"Indonesia","Asia","p123"
112.615,-6.946,"Indonesia","Asia","p123"
112.979,-7.594,"Indonesia","Asia","p123"
115.706,-8.371,"Indonesia","Asia","p123"
114.565,-8.752,"Indonesia","Asia","p123"
106.454,-7.355,"Indonesia","Asia","p123"
105.365,-6.851,"Indonesia","Asia","p123"
106.052,-5.896,"Indonesia","Asia","p123"
108.487,-6.422,"Indonesia","Asia","p123"
104.37,-1.085,"Indonesia","Asia","p124"
104.888,-2.34,"Indonesia","Asia","p124"
106.109,-3.062,"Indonesia","Asia","p124"
105.818,-5.852,"Indonesia","Asia","p124"
104.71,-5.873,"Indonesia","Asia","p124"
101.399,-2.8,"Indonesia","Asia","p124"
98.601,1.824,"Indonesia","Asia","p124"
95.293,5.48,"Indonesia","Asia","p124"
97.485,5.246,"Indonesia","Asia","p124"
100.641,2.099,"Indonesia","Asia","p124"
102.498,1.399,"Indonesia","Asia","p124"
103.838,0.105,"Indonesia","Asia","p124"
103.438,-0.712,"Indonesia","Asia","p124"
104.37,-1.085,"Indonesia","Asia","p124"
48.568,29.927,"Iran","Asia","p125"
47.335,32.469,"Iran","Asia","p125"
45.417,33.968,"Iran","Asia","p125"
46.076,35.677,"Iran","Asia","p125"
44.226,37.972,"Iran","Asia","p125"
44.109,39.428,"Iran","Asia","p125"
44.794,39.713,"Iran","Asia","p125"
46.144,38.741,"Iran","Asia","p125"
48.06,39.582,"Iran","Asia","p125"
48.011,38.794,"Iran","Asia","p125"
49.2,37.583,"Iran","Asia","p125"
52.264,36.7,"Iran","Asia","p125"
55.512,37.964,"Iran","Asia","p125"
57.33,38.029,"Iran","Asia","p125"
61.123,36.492,"Iran","Asia","p125"
60.536,32.981,"Iran","Asia","p125"
61.781,30.736,"Iran","Asia","p125"
60.874,29.829,"Iran","Asia","p125"
62.728,28.26,"Iran","Asia","p125"
63.317,26.757,"Iran","Asia","p125"
61.874,26.24,"Iran","Asia","p125"
61.497,25.078,"Iran","Asia","p125"
57.397,25.74,"Iran","Asia","p125"
56.971,26.966,"Iran","Asia","p125"
54.715,26.481,"Iran","Asia","p125"
53.493,26.812,"Iran","Asia","p125"
51.521,27.866,"Iran","Asia","p125"
50.115,30.148,"Iran","Asia","p125"
48.568,29.927,"Iran","Asia","p125"
39.195,32.161,"Iraq","Asia","p126"
38.792,33.379,"Iraq","Asia","p126"
41.006,34.419,"Iraq","Asia","p126"
41.29,36.359,"Iraq","Asia","p126"
42.779,37.385,"Iraq","Asia","p126"
44.773,37.17,"Iraq","Asia","p126"
46.076,35.677,"Iraq","Asia","p126"
45.417,33.968,"Iraq","Asia","p126"
47.335,32.469,"Iraq","Asia","p126"
48.568,29.927,"Iraq","Asia","p126"
47.303,30.059,"Iraq","Asia","p126"
46.569,29.099,"Iraq","Asia","p126"
44.709,29.179,"Iraq","Asia","p126"
41.89,31.19,"Iraq","Asia","p126"
39.195,32.161,"Iraq","Asia","p126"
-6.198,53.868,"Ireland","Europe","p127"
-6.033,53.153,"Ireland","Europe","p127"
-6.789,52.26,"Ireland","Europe","p127"
-9.977,51.82,"Ireland","Europe","p127"
-9.166,52.865,"Ireland","Europe","p127"
-9.689,53.881,"Ireland","Europe","p127"
-7.572,55.132,"Ireland","Europe","p127"
-7.572,54.06,"Ireland","Europe","p127"
-6.198,53.868,"Ireland","Europe","p127"
35.72,32.709,"Israel","Asia","p128"
34.975,31.867,"Israel","Asia","p128"
35.421,31.1,"Israel","Asia","p128"
34.923,29.501,"Israel","Asia","p128"
34.265,31.219,"Israel","Asia","p128"
35.098,33.081,"Israel","Asia","p128"
35.821,33.277,"Israel","Asia","p128"
35.72,32.709,"Israel","Asia","p128"
10.443,46.894,"Italy","Europe","p129"
12.153,47.115,"Italy","Europe","p129"
13.806,46.509,"Italy","Europe","p129"
13.938,45.591,"Italy","Europe","p129"
12.329,45.382,"Italy","Europe","p129"
12.589,44.091,"Italy","Europe","p129"
15.143,41.955,"Italy","Europe","p129"
15.926,41.961,"Italy","Europe","p129"
15.889,41.541,"Italy","Europe","p129"
18.377,40.356,"Italy","Europe","p129"
18.293,39.811,"Italy","Europe","p129"
16.87,40.442,"Italy","Europe","p129"
16.449,39.795,"Italy","Europe","p129"
17.171,39.425,"Italy","Europe","p129"
17.053,38.903,"Italy","Europe","p129"
15.684,37.909,"Italy","Europe","p129"
16.109,38.965,"Italy","Europe","p129"
15.414,40.048,"Italy","Europe","p129"
11.192,42.355,"Italy","Europe","p129"
10.2,43.92,"Italy","Europe","p129"
8.889,44.366,"Italy","Europe","p129"
7.435,43.694,"Italy","Europe","p129"
6.844,45.991,"Italy","Europe","p129"
8.966,46.037,"Italy","Europe","p129"
10.443,46.894,"Italy","Europe","p129"
14.761,38.144,"Italy","Europe","p130"
15.52,38.231,"Italy","Europe","p130"
15.1,36.62,"Italy","Europe","p130"
12.431,37.613,"Italy","Europe","p130"
12.571,38.126,"Italy","Europe","p130"
14.761,38.144,"Italy","Europe","p130"
8.71,40.9,"Italy","Europe","p131"
9.21,41.21,"Italy","Europe","p131"
9.81,40.5,"Italy","Europe","p131"
9.67,39.177,"Italy","Europe","p131"
8.807,38.907,"Italy","Europe","p131"
8.16,40.95,"Italy","Europe","p131"
8.71,40.9,"Italy","Europe","p131"
-77.57,18.491,"Jamaica","North America","p132"
-76.2,17.887,"Jamaica","North America","p132"
-77.766,17.862,"Jamaica","North America","p132"
-78.338,18.226,"Jamaica","North America","p132"
-77.57,18.491,"Jamaica","North America","p132"
141.885,39.181,"Japan","Asia","p133"
140.959,38.174,"Japan","Asia","p133"
140.253,35.138,"Japan","Asia","p133"
137.218,34.606,"Japan","Asia","p133"
135.793,33.465,"Japan","Asia","p133"
135.121,33.849,"Japan","Asia","p133"
135.079,34.597,"Japan","Asia","p133"
130.986,33.886,"Japan","Asia","p133"
132.0,33.15,"Japan","Asia","p133"
131.333,31.45,"Japan","Asia","p133"
130.686,31.03,"Japan","Asia","p133"
130.202,31.418,"Japan","Asia","p133"
130.448,32.319,"Japan","Asia","p133"
129.408,33.296,"Japan","Asia","p133"
132.618,35.433,"Japan","Asia","p133"
135.678,35.527,"Japan","Asia","p133"
136.724,37.305,"Japan","Asia","p133"
137.391,36.827,"Japan","Asia","p133"
139.426,38.216,"Japan","Asia","p133"
140.306,41.195,"Japan","Asia","p133"
141.369,41.379,"Japan","Asia","p133"
141.885,39.181,"Japan","Asia","p133"
144.613,43.961,"Japan","Asia","p134"
145.321,44.385,"Japan","Asia","p134"
145.543,43.262,"Japan","Asia","p134"
144.06,42.988,"Japan","Asia","p134"
143.184,41.995,"Japan","Asia","p134"
141.611,42.679,"Japan","Asia","p134"
141.067,41.585,"Japan","Asia","p134"
139.955,41.57,"Japan","Asia","p134"
139.818,42.564,"Japan","Asia","p134"
140.312,43.333,"Japan","Asia","p134"
141.381,43.389,"Japan","Asia","p134"
141.968,45.551,"Japan","Asia","p134"
144.613,43.961,"Japan","Asia","p134"
132.371,33.464,"Japan","Asia","p135"
133.904,34.365,"Japan","Asia","p135"
134.766,33.806,"Japan","Asia","p135"
134.203,33.201,"Japan","Asia","p135"
133.28,33.29,"Japan","Asia","p135"
133.015,32.705,"Japan","Asia","p135"
132.371,33.464,"Japan","Asia","p135"
35.546,32.394,"Jordan","Asia","p136"
36.834,32.313,"Jordan","Asia","p136"
38.792,33.379,"Jordan","Asia","p136"
39.195,32.161,"Jordan","Asia","p136"
37.002,31.508,"Jordan","Asia","p136"
37.999,30.509,"Jordan","Asia","p136"
36.069,29.197,"Jordan","Asia","p136"
34.923,29.501,"Jordan","Asia","p136"
35.546,32.394,"Jordan","Asia","p136"
87.36,49.215,"Kazakhstan","Asia","p137"
85.768,48.456,"Kazakhstan","Asia","p137"
85.164,47.001,"Kazakhstan","Asia","p137"
83.18,47.33,"Kazakhstan","Asia","p137"
82.459,45.54,"Kazakhstan","Asia","p137"
79.966,44.918,"Kazakhstan","Asia","p137"
80.866,43.18,"Kazakhstan","Asia","p137"
80.18,42.92,"Kazakhstan","Asia","p137"
80.26,42.35,"Kazakhstan","Asia","p137"
74.213,43.298,"Kazakhstan","Asia","p137"
73.49,42.501,"Kazakhstan","Asia","p137"
71.186,42.704,"Kazakhstan","Asia","p137"
68.632,40.669,"Kazakhstan","Asia","p137"
66.714,41.168,"Kazakhstan","Asia","p137"
66.511,41.988,"Kazakhstan","Asia","p137"
66.023,41.995,"Kazakhstan","Asia","p137"
66.098,42.998,"Kazakhstan","Asia","p137"
64.901,43.728,"Kazakhstan","Asia","p137"
62.013,43.504,"Kazakhstan","Asia","p137"
58.503,45.587,"Kazakhstan","Asia","p137"
55.929,44.996,"Kazakhstan","Asia","p137"
55.968,41.309,"Kazakhstan","Asia","p137"
54.079,42.324,"Kazakhstan","Asia","p137"
52.502,41.783,"Kazakhstan","Asia","p137"
52.501,42.792,"Kazakhstan","Asia","p137"
51.342,43.133,"Kazakhstan","Asia","p137"
50.306,44.61,"Kazakhstan","Asia","p137"
51.279,44.515,"Kazakhstan","Asia","p137"
51.317,45.246,"Kazakhstan","Asia","p137"
53.041,45.259,"Kazakhstan","Asia","p137"
53.043,46.853,"Kazakhstan","Asia","p137"
51.192,47.049,"Kazakhstan","Asia","p137"
49.101,46.399,"Kazakhstan","Asia","p137"
48.057,47.744,"Kazakhstan","Asia","p137"
46.466,48.394,"Kazakhstan","Asia","p137"
47.549,50.455,"Kazakhstan","Asia","p137"
48.578,49.875,"Kazakhstan","Asia","p137"
48.702,50.605,"Kazakhstan","Asia","p137"
50.767,51.693,"Kazakhstan","Asia","p137"
52.329,51.719,"Kazakhstan","Asia","p137"
55.717,50.622,"Kazakhstan","Asia","p137"
56.778,51.044,"Kazakhstan","Asia","p137"
61.337,50.799,"Kazakhstan","Asia","p137"
61.588,51.273,"Kazakhstan","Asia","p137"
59.968,51.96,"Kazakhstan","Asia","p137"
61.7,52.98,"Kazakhstan","Asia","p137"
60.978,53.665,"Kazakhstan","Asia","p137"
61.437,54.006,"Kazakhstan","Asia","p137"
69.068,55.385,"Kazakhstan","Asia","p137"
70.865,55.17,"Kazakhstan","Asia","p137"
71.18,54.133,"Kazakhstan","Asia","p137"
73.509,54.036,"Kazakhstan","Asia","p137"
73.426,53.49,"Kazakhstan","Asia","p137"
76.891,54.491,"Kazakhstan","Asia","p137"
76.525,54.177,"Kazakhstan","Asia","p137"
80.036,50.865,"Kazakhstan","Asia","p137"
80.568,51.388,"Kazakhstan","Asia","p137"
81.946,50.812,"Kazakhstan","Asia","p137"
83.383,51.069,"Kazakhstan","Asia","p137"
87.36,49.215,"Kazakhstan","Asia","p137"
39.202,-4.677,"Kenya","Africa","p138"
37.767,-3.677,"Kenya","Africa","p138"
37.699,-3.097,"Kenya","Africa","p138"
33.904,-0.95,"Kenya","Africa","p138"
33.894,0.11,"Kenya","Africa","p138"
35.036,1.906,"Kenya","Africa","p138"
34.005,4.25,"Kenya","Africa","p138"
35.298,5.506,"Kenya","Africa","p138"
36.159,4.448,"Kenya","Africa","p138"
38.121,3.599,"Kenya","Africa","p138"
39.559,3.422,"Kenya","Africa","p138"
40.768,4.257,"Kenya","Africa","p138"
41.855,3.919,"Kenya","Africa","p138"
40.981,2.785,"Kenya","Africa","p138"
40.993,-0.858,"Kenya","Africa","p138"
41.585,-1.683,"Kenya","Africa","p138"
40.263,-2.573,"Kenya","Africa","p138"
39.202,-4.677,"Kenya","Africa","p138"
20.59,41.855,"Kosovo","Europe","p139"
20.071,42.589,"Kosovo","Europe","p139"
20.635,43.217,"Kosovo","Europe","p139"
21.775,42.683,"Kosovo","Europe","p139"
20.59,41.855,"Kosovo","Europe","p139"
47.975,29.976,"Kuwait","Asia","p140"
48.416,28.552,"Kuwait","Asia","p140"
46.569,29.099,"Kuwait","Asia","p140"
47.303,30.059,"Kuwait","Asia","p140"
47.975,29.976,"Kuwait","Asia","p140"
70.962,42.266,"Kyrgyzstan","Asia","p141"
71.845,42.845,"Kyrgyzstan","Asia","p141"
73.49,42.501,"Kyrgyzstan","Asia","p141"
74.213,43.298,"Kyrgyzstan","Asia","p141"
80.26,42.35,"Kyrgyzstan","Asia","p141"
76.904,41.066,"Kyrgyzstan","Asia","p141"
76.526,40.428,"Kyrgyzstan","Asia","p141"
75.468,40.562,"Kyrgyzstan","Asia","p141"
73.675,39.431,"Kyrgyzstan","Asia","p141"
71.785,39.279,"Kyrgyzstan","Asia","p141"
69.465,39.527,"Kyrgyzstan","Asia","p141"
69.56,40.103,"Kyrgyzstan","Asia","p141"
71.775,40.146,"Kyrgyzstan","Asia","p141"
73.055,40.866,"Kyrgyzstan","Asia","p141"
70.42,41.52,"Kyrgyzstan","Asia","p141"
70.962,42.266,"Kyrgyzstan","Asia","p141"
107.383,14.202,"Laos","Asia","p142"
106.496,14.571,"Laos","Asia","p142"
106.044,13.881,"Laos","Asia","p142"
105.219,14.273,"Laos","Asia","p142"
105.589,15.57,"Laos","Asia","p142"
103.956,18.241,"Laos","Asia","p142"
101.06,17.512,"Laos","Asia","p142"
101.282,19.463,"Laos","Asia","p142"
100.606,19.508,"Laos","Asia","p142"
100.116,20.418,"Laos","Asia","p142"
101.18,21.437,"Laos","Asia","p142"
101.803,21.174,"Laos","Asia","p142"
101.652,22.318,"Laos","Asia","p142"
102.17,22.465,"Laos","Asia","p142"
103.204,20.767,"Laos","Asia","p142"
104.435,20.759,"Laos","Asia","p142"
104.823,19.887,"Laos","Asia","p142"
103.897,19.265,"Laos","Asia","p142"
105.095,18.667,"Laos","Asia","p142"
107.313,15.909,"Laos","Asia","p142"
107.383,14.202,"Laos","Asia","p142"
27.288,57.475,"Latvia","Europe","p143"
28.177,56.169,"Latvia","Europe","p143"
26.494,55.615,"Latvia","Europe","p143"
24.861,56.373,"Latvia","Europe","p143"
21.056,56.031,"Latvia","Europe","p143"
21.582,57.412,"Latvia","Europe","p143"
22.524,57.753,"Latvia","Europe","p143"
23.318,57.006,"Latvia","Europe","p143"
24.121,57.026,"Latvia","Europe","p143"
24.313,57.793,"Latvia","Europe","p143"
25.165,57.97,"Latvia","Europe","p143"
27.288,57.475,"Latvia","Europe","p143"
35.821,33.277,"Lebanon","Asia","p144"
35.126,33.091,"Lebanon","Asia","p144"
35.482,33.905,"Lebanon","Asia","p144"
36.448,34.594,"Lebanon","Asia","p144"
35.821,33.277,"Lebanon","Asia","p144"
28.978,-28.956,"Lesotho","Africa","p145"
29.325,-29.257,"Lesotho","Africa","p145"
28.107,-30.546,"Lesotho","Africa","p145"
26.999,-29.876,"Lesotho","Africa","p145"
28.074,-28.851,"Lesotho","Africa","p145"
28.978,-28.956,"Lesotho","Africa","p145"
-8.439,7.686,"Liberia","Africa","p146"
-8.603,6.468,"Liberia","Africa","p146"
-7.57,5.707,"Liberia","Africa","p146"
-7.712,4.365,"Liberia","Africa","p146"
-11.439,6.786,"Liberia","Africa","p146"
-10.23,8.406,"Liberia","Africa","p146"
-9.755,8.541,"Liberia","Africa","p146"
-9.209,7.314,"Liberia","Africa","p146"
-8.439,7.686,"Liberia","Africa","p146"
25.0,22.0,"Libya","Africa","p147"
25.0,20.003,"Libya","Africa","p147"
23.85,20.0,"Libya","Africa","p147"
23.838,19.58,"Libya","Africa","p147"
15.861,23.41,"Libya","Africa","p147"
14.144,22.491,"Libya","Africa","p147"
10.771,24.563,"Libya","Africa","p147"
10.304,24.379,"Libya","Africa","p147"
9.319,26.094,"Libya","Africa","p147"
9.95,31.376,"Libya","Africa","p147"
11.432,32.369,"Libya","Africa","p147"
11.489,33.137,"Libya","Africa","p147"
15.246,32.265,"Libya","Africa","p147"
15.714,31.376,"Libya","Africa","p147"
19.086,30.266,"Libya","Africa","p147"
20.053,30.986,"Libya","Africa","p147"
19.82,31.752,"Libya","Africa","p147"
20.855,32.707,"Libya","Africa","p147"
24.921,31.899,"Libya","Africa","p147"
25.0,22.0,"Libya","Africa","p147"
26.494,55.615,"Lithuania","Europe","p148"
25.536,54.282,"Lithuania","Europe","p148"
23.484,53.912,"Lithuania","Europe","p148"
22.758,54.857,"Lithuania","Europe","p148"
21.268,55.19,"Lithuania","Europe","p148"
21.056,56.031,"Lithuania","Europe","p148"
24.861,56.373,"Lithuania","Europe","p148"
26.494,55.615,"Lithuania","Europe","p148"
6.043,50.128,"Luxembourg","Europe","p149"
6.186,49.464,"Luxembourg","Europe","p149"
5.674,49.529,"Luxembourg","Europe","p149"
6.043,50.128,"Luxembourg","Europe","p149"
49.544,-12.47,"Madagascar","Africa","p150"
50.377,-15.706,"Madagascar","Africa","p150"
49.673,-15.71,"Madagascar","Africa","p150"
49.775,-16.875,"Madagascar","Africa","p150"
47.096,-24.942,"Madagascar","Africa","p150"
45.41,-25.601,"Madagascar","Africa","p150"
44.04,-24.988,"Madagascar","Africa","p150"
43.346,-22.777,"Madagascar","Africa","p150"
43.433,-21.336,"Madagascar","Africa","p150"
44.464,-19.435,"Madagascar","Africa","p150"
43.963,-17.41,"Madagascar","Africa","p150"
44.447,-16.216,"Madagascar","Africa","p150"
46.312,-15.78,"Madagascar","Africa","p150"
47.705,-14.594,"Madagascar","Africa","p150"
49.195,-12.041,"Madagascar","Africa","p150"
49.544,-12.47,"Madagascar","Africa","p150"
32.759,-9.231,"Malawi","Africa","p151"
33.74,-9.417,"Malawi","Africa","p151"
34.28,-10.16,"Malawi","Africa","p151"
34.56,-13.58,"Malawi","Africa","p151"
35.687,-14.611,"Malawi","Africa","p151"
35.772,-15.897,"Malawi","Africa","p151"
35.034,-16.801,"Malawi","Africa","p151"
34.381,-16.184,"Malawi","Africa","p151"
34.46,-14.613,"Malawi","Africa","p151"
32.688,-13.713,"Malawi","Africa","p151"
33.486,-10.526,"Malawi","Africa","p151"
32.759,-9.231,"Malawi","Africa","p151"
100.086,6.464,"Malaysia","Asia","p152"
101.076,6.205,"Malaysia","Asia","p152"
101.154,5.691,"Malaysia","Asia","p152"
102.141,6.222,"Malaysia","Asia","p152"
102.962,5.524,"Malaysia","Asia","p152"
104.229,1.293,"Malaysia","Asia","p152"
103.52,1.226,"Malaysia","Asia","p152"
101.391,2.761,"Malaysia","Asia","p152"
100.086,6.464,"Malaysia","Asia","p152"
117.882,4.138,"Malaysia","Asia","p153"
115.866,4.307,"Malaysia","Asia","p153"
114.621,1.431,"Malaysia","Asia","p153"
110.514,0.773,"Malaysia","Asia","p153"
109.83,1.338,"Malaysia","Asia","p153"
109.663,2.006,"Malaysia","Asia","p153"
111.169,1.851,"Malaysia","Asia","p153"
111.37,2.697,"Malaysia","Asia","p153"
112.996,3.102,"Malaysia","Asia","p153"
114.204,4.526,"Malaysia","Asia","p153"
114.66,4.008,"Malaysia","Asia","p153"
115.347,4.317,"Malaysia","Asia","p153"
115.451,5.448,"Malaysia","Asia","p153"
116.725,6.925,"Malaysia","Asia","p153"
119.182,5.408,"Malaysia","Asia","p153"
117.882,4.138,"Malaysia","Asia","p153"
-11.514,12.443,"Mali","Africa","p154"
-12.171,14.617,"Mali","Africa","p154"
-11.666,15.388,"Mali","Africa","p154"
-5.538,15.502,"Mali","Africa","p154"
-6.454,24.957,"Mali","Africa","p154"
-4.923,24.975,"Mali","Africa","p154"
3.147,19.694,"Mali","Africa","p154"
3.158,19.057,"Mali","Africa","p154"
4.267,19.155,"Mali","Africa","p154"
4.27,16.852,"Mali","Africa","p154"
3.638,15.568,"Mali","Africa","p154"
-1.066,14.974,"Mali","Africa","p154"
-4.006,13.472,"Mali","Africa","p154"
-5.221,11.714,"Mali","Africa","p154"
-5.404,10.371,"Mali","Africa","p154"
-6.05,10.096,"Mali","Africa","p154"
-6.205,10.524,"Mali","Africa","p154"
-8.03,10.207,"Mali","Africa","p154"
-9.127,12.308,"Mali","Africa","p154"
-10.165,11.844,"Mali","Africa","p154"
-11.514,12.443,"Mali","Africa","p154"
-17.063,21.0,"Mauritania","Africa","p155"
-12.929,21.327,"Mauritania","Africa","p155"
-12.874,23.285,"Mauritania","Africa","p155"
-11.937,23.375,"Mauritania","Africa","p155"
-11.969,25.933,"Mauritania","Africa","p155"
-8.687,25.881,"Mauritania","Africa","p155"
-8.684,27.396,"Mauritania","Africa","p155"
-4.923,24.975,"Mauritania","Africa","p155"
-6.454,24.957,"Mauritania","Africa","p155"
-5.538,15.502,"Mauritania","Africa","p155"
-11.666,15.388,"Mauritania","Africa","p155"
-12.171,14.617,"Mauritania","Africa","p155"
-14.577,16.598,"Mauritania","Africa","p155"
-16.463,16.135,"Mauritania","Africa","p155"
-16.278,20.093,"Mauritania","Africa","p155"
-17.063,21.0,"Mauritania","Africa","p155"
-117.128,32.535,"Mexico","North America","p156"
-114.721,32.721,"Mexico","North America","p156"
-111.024,31.335,"Mexico","North America","p156"
-106.508,31.755,"Mexico","North America","p156"
-103.94,29.27,"Mexico","North America","p156"
-103.11,28.97,"Mexico","North America","p156"
-102.48,29.76,"Mexico","North America","p156"
-101.662,29.779,"Mexico","North America","p156"
-99.02,26.37,"Mexico","North America","p156"
-97.14,25.87,"Mexico","North America","p156"
-97.872,22.444,"Mexico","North America","p156"
-95.901,18.828,"Mexico","North America","p156"
-94.426,18.144,"Mexico","North America","p156"
-91.408,18.876,"Mexico","North America","p156"
-90.772,19.284,"Mexico","North America","p156"
-90.279,21.0,"Mexico","North America","p156"
-87.052,21.544,"Mexico","North America","p156"
-86.846,20.85,"Mexico","North America","p156"
-87.837,18.26,"Mexico","North America","p156"
-91.002,17.818,"Mexico","North America","p156"
-91.002,17.255,"Mexico","North America","p156"
-91.454,17.252,"Mexico","North America","p156"
-90.464,16.07,"Mexico","North America","p156"
-91.748,16.067,"Mexico","North America","p156"
-92.228,14.539,"Mexico","North America","p156"
-93.875,15.94,"Mexico","North America","p156"
-96.557,15.654,"Mexico","North America","p156"
-103.501,18.292,"Mexico","North America","p156"
-105.493,19.947,"Mexico","North America","p156"
-105.266,21.422,"Mexico","North America","p156"
-106.029,22.774,"Mexico","North America","p156"
-112.228,28.954,"Mexico","North America","p156"
-113.149,31.171,"Mexico","North America","p156"
-114.776,31.8,"Mexico","North America","p156"
-114.674,30.163,"Mexico","North America","p156"
-111.616,26.663,"Mexico","North America","p156"
-110.655,24.299,"Mexico","North America","p156"
-109.409,23.365,"Mexico","North America","p156"
-110.031,22.823,"Mexico","North America","p156"
-112.182,24.738,"Mexico","North America","p156"
-112.301,26.012,"Mexico","North America","p156"
-115.055,27.723,"Mexico","North America","p156"
-114.162,28.566,"Mexico","North America","p156"
-115.519,29.556,"Mexico","North America","p156"
-117.128,32.535,"Mexico","North America","p156"
26.619,48.221,"Moldova","Europe","p157"
28.671,48.118,"Moldova","Europe","p157"
30.025,46.424,"Moldova","Europe","p157"
28.863,46.438,"Moldova","Europe","p157"
28.234,45.488,"Moldova","Europe","p157"
28.128,46.81,"Moldova","Europe","p157"
26.619,48.221,"Moldova","Europe","p157"
87.751,49.297,"Mongolia","Asia","p158"
92.235,50.802,"Mongolia","Asia","p158"
97.26,49.726,"Mongolia","Asia","p158"
98.232,50.422,"Mongolia","Asia","p158"
97.826,51.011,"Mongolia","Asia","p158"
98.861,52.047,"Mongolia","Asia","p158"
102.065,51.26,"Mongolia","Asia","p158"
102.256,50.511,"Mongolia","Asia","p158"
103.677,50.09,"Mongolia","Asia","p158"
106.889,50.274,"Mongolia","Asia","p158"
108.475,49.283,"Mongolia","Asia","p158"
110.662,49.13,"Mongolia","Asia","p158"
114.362,50.248,"Mongolia","Asia","p158"
116.679,49.889,"Mongolia","Asia","p158"
115.485,48.135,"Mongolia","Asia","p158"
115.743,47.727,"Mongolia","Asia","p158"
118.064,48.067,"Mongolia","Asia","p158"
119.773,47.048,"Mongolia","Asia","p158"
117.422,46.673,"Mongolia","Asia","p158"
113.464,44.809,"Mongolia","Asia","p158"
111.873,45.102,"Mongolia","Asia","p158"
111.348,44.457,"Mongolia","Asia","p158"
111.83,43.743,"Mongolia","Asia","p158"
110.412,42.871,"Mongolia","Asia","p158"
104.965,41.597,"Mongolia","Asia","p158"
100.846,42.664,"Mongolia","Asia","p158"
96.349,42.726,"Mongolia","Asia","p158"
95.307,44.241,"Mongolia","Asia","p158"
90.946,45.286,"Mongolia","Asia","p158"
90.586,45.72,"Mongolia","Asia","p158"
90.971,46.888,"Mongolia","Asia","p158"
90.281,47.694,"Mongolia","Asia","p158"
88.014,48.599,"Mongolia","Asia","p158"
87.751,49.297,"Mongolia","Asia","p158"
20.071,42.589,"Montenegro","Europe","p159"
19.372,41.878,"Montenegro","Europe","p159"
18.45,42.48,"Montenegro","Europe","p159"
19.219,43.524,"Montenegro","Europe","p159"
20.34,42.899,"Montenegro","Europe","p159"
20.071,42.589,"Montenegro","Europe","p159"
-2.17,35.168,"Morocco","Africa","p160"
-1.308,32.263,"Morocco","Africa","p160"
-3.647,31.637,"Morocco","Africa","p160"
-3.69,30.897,"Morocco","Africa","p160"
-5.242,30.0,"Morocco","Africa","p160"
-8.674,28.841,"Morocco","Africa","p160"
-8.795,27.121,"Morocco","Africa","p160"
-11.393,26.883,"Morocco","Africa","p160"
-12.501,24.77,"Morocco","Africa","p160"
-13.891,23.691,"Morocco","Africa","p160"
-14.751,21.501,"Morocco","Africa","p160"
-17.02,21.422,"Morocco","Africa","p160"
-14.44,26.254,"Morocco","Africa","p160"
-9.565,29.934,"Morocco","Africa","p160"
-9.815,31.178,"Morocco","Africa","p160"
-8.657,33.24,"Morocco","Africa","p160"
-6.913,34.11,"Morocco","Africa","p160"
-5.93,35.76,"Morocco","Africa","p160"
-2.17,35.168,"Morocco","Africa","p160"
34.56,-11.52,"Mozambique","Africa","p161"
37.471,-11.569,"Mozambique","Africa","p161"
40.317,-10.317,"Mozambique","Africa","p161"
40.775,-14.692,"Mozambique","Africa","p161"
39.453,-16.721,"Mozambique","Africa","p161"
37.411,-17.586,"Mozambique","Africa","p161"
34.786,-19.784,"Mozambique","Africa","p161"
35.563,-22.09,"Mozambique","Africa","p161"
35.459,-24.123,"Mozambique","Africa","p161"
33.013,-25.358,"Mozambique","Africa","p161"
32.575,-25.727,"Mozambique","Africa","p161"
32.83,-26.742,"Mozambique","Africa","p161"
32.072,-26.734,"Mozambique","Africa","p161"
31.191,-22.252,"Mozambique","Africa","p161"
32.66,-20.304,"Mozambique","Africa","p161"
32.848,-16.713,"Mozambique","Africa","p161"
30.339,-15.881,"Mozambique","Africa","p161"
30.179,-14.796,"Mozambique","Africa","p161"
33.214,-13.972,"Mozambique","Africa","p161"
34.46,-14.613,"Mozambique","Africa","p161"
34.381,-16.184,"Mozambique","Africa","p161"
35.034,-16.801,"Mozambique","Africa","p161"
35.772,-15.897,"Mozambique","Africa","p161"
35.687,-14.611,"Mozambique","Africa","p161"
34.56,-13.58,"Mozambique","Africa","p161"
34.56,-11.52,"Mozambique","Africa","p161"
100.116,20.418,"Myanmar","Asia","p162"
98.254,19.708,"Myanmar","Asia","p162"
97.376,18.445,"Myanmar","Asia","p162"
98.903,16.178,"Myanmar","Asia","p162"
98.192,15.124,"Myanmar","Asia","p162"
99.587,11.893,"Myanmar","Asia","p162"
98.554,9.933,"Myanmar","Asia","p162"
98.51,13.122,"Myanmar","Asia","p162"
97.165,16.929,"Myanmar","Asia","p162"
95.369,15.714,"Myanmar","Asia","p162"
94.189,16.038,"Myanmar","Asia","p162"
94.325,18.214,"Myanmar","Asia","p162"
93.663,19.727,"Myanmar","Asia","p162"
92.369,20.671,"Myanmar","Asia","p162"
92.303,21.475,"Myanmar","Asia","p162"
93.166,22.278,"Myanmar","Asia","p162"
93.325,24.079,"Myanmar","Asia","p162"
94.107,23.851,"Myanmar","Asia","p162"
95.125,26.574,"Myanmar","Asia","p162"
96.419,27.265,"Myanmar","Asia","p162"
97.134,27.084,"Myanmar","Asia","p162"
97.327,28.262,"Myanmar","Asia","p162"
97.912,28.336,"Myanmar","Asia","p162"
98.683,27.509,"Myanmar","Asia","p162"
98.672,25.919,"Myanmar","Asia","p162"
97.725,25.084,"Myanmar","Asia","p162"
97.605,23.897,"Myanmar","Asia","p162"
98.66,24.063,"Myanmar","Asia","p162"
98.899,23.143,"Myanmar","Asia","p162"
99.532,22.949,"Myanmar","Asia","p162"
99.241,22.118,"Myanmar","Asia","p162"
100.417,21.559,"Myanmar","Asia","p162"
101.15,21.85,"Myanmar","Asia","p162"
100.116,20.418,"Myanmar","Asia","p162"
32.732,35.14,"N. Cyprus","Asia","p163"
34.576,35.672,"N. Cyprus","Asia","p163"
33.974,35.059,"N. Cyprus","Asia","p163"
32.732,35.14,"N. Cyprus","Asia","p163"
19.896,-24.768,"Namibia","Africa","p164"
19.895,-28.461,"Namibia","Africa","p164"
18.465,-29.045,"Namibia","Africa","p164"
16.824,-28.082,"Namibia","Africa","p164"
16.345,-28.577,"Namibia","Africa","p164"
15.21,-27.091,"Namibia","Africa","p164"
14.258,-22.111,"Namibia","Africa","p164"
11.734,-17.302,"Namibia","Africa","p164"
13.462,-16.971,"Namibia","Africa","p164"
14.059,-17.423,"Namibia","Africa","p164"
18.263,-17.31,"Namibia","Africa","p164"
21.377,-17.931,"Namibia","Africa","p164"
24.034,-17.296,"Namibia","Africa","p164"
25.077,-17.579,"Namibia","Africa","p164"
23.579,-18.281,"Namibia","Africa","p164"
23.197,-17.869,"Namibia","Africa","p164"
20.911,-18.252,"Namibia","Africa","p164"
20.881,-21.814,"Namibia","Africa","p164"
19.895,-21.849,"Namibia","Africa","p164"
19.896,-24.768,"Namibia","Africa","p164"
88.12,27.877,"Nepal","Asia","p165"
88.06,26.415,"Nepal","Asia","p165"
87.227,26.398,"Nepal","Asia","p165"
80.088,28.794,"Nepal","Asia","p165"
81.526,30.423,"Nepal","Asia","p165"
85.823,28.204,"Nepal","Asia","p165"
88.12,27.877,"Nepal","Asia","p165"
6.905,53.482,"Netherlands","Europe","p166"
6.843,52.228,"Netherlands","Europe","p166"
5.989,51.852,"Netherlands","Europe","p166"
6.157,50.804,"Netherlands","Europe","p166"
4.974,51.475,"Netherlands","Europe","p166"
3.315,51.346,"Netherlands","Europe","p166"
4.706,53.092,"Netherlands","Europe","p166"
6.905,53.482,"Netherlands","Europe","p166"
165.78,-21.08,"New Caledonia","Oceania","p167"
167.12,-22.16,"New Caledonia","Oceania","p167"
166.19,-22.13,"New Caledonia","Oceania","p167"
164.03,-20.106,"New Caledonia","Oceania","p167"
165.78,-21.08,"New Caledonia","Oceania","p167"
176.886,-40.066,"New Zealand","Oceania","p168"
176.012,-41.29,"New Zealand","Oceania","p168"
175.24,-41.688,"New Zealand","Oceania","p168"
174.651,-41.282,"New Zealand","Oceania","p168"
175.228,-40.459,"New Zealand","Oceania","p168"
173.824,-39.509,"New Zealand","Oceania","p168"
174.575,-38.798,"New Zealand","Oceania","p168"
174.697,-37.381,"New Zealand","Oceania","p168"
172.636,-34.529,"New Zealand","Oceania","p168"
174.329,-35.265,"New Zealand","Oceania","p168"
175.958,-37.555,"New Zealand","Oceania","p168"
178.517,-37.695,"New Zealand","Oceania","p168"
177.97,-39.166,"New Zealand","Oceania","p168"
177.207,-39.146,"New Zealand","Oceania","p168"
176.886,-40.066,"New Zealand","Oceania","p168"
169.668,-43.555,"New Zealand","Oceania","p169"
172.799,-40.494,"New Zealand","Oceania","p169"
173.247,-41.332,"New Zealand","Oceania","p169"
173.958,-40.927,"New Zealand","Oceania","p169"
174.248,-41.349,"New Zealand","Oceania","p169"
172.711,-43.372,"New Zealand","Oceania","p169"
173.08,-43.853,"New Zealand","Oceania","p169"
171.453,-44.243,"New Zealand","Oceania","p169"
170.617,-45.909,"New Zealand","Oceania","p169"
169.332,-46.641,"New Zealand","Oceania","p169"
166.509,-45.853,"New Zealand","Oceania","p169"
169.668,-43.555,"New Zealand","Oceania","p169"
-83.656,10.939,"Nicaragua","North America","p170"
-85.713,11.088,"Nicaragua","North America","p170"
-87.668,12.91,"Nicaragua","North America","p170"
-84.925,14.79,"Nicaragua","North America","p170"
-83.147,14.996,"Nicaragua","North America","p170"
-83.656,10.939,"Nicaragua","North America","p170"
14.851,22.863,"Niger","Africa","p171"
15.097,21.309,"Niger","Africa","p171"
15.903,20.388,"Niger","Africa","p171"
15.248,16.627,"Niger","Africa","p171"
13.972,15.684,"Niger","Africa","p171"
13.54,14.367,"Niger","Africa","p171"
13.954,13.353,"Niger","Africa","p171"
14.596,13.33,"Niger","Africa","p171"
14.181,12.484,"Niger","Africa","p171"
13.084,13.596,"Niger","Africa","p171"
12.302,13.037,"Niger","Africa","p171"
10.99,13.387,"Niger","Africa","p171"
9.015,12.827,"Niger","Africa","p171"
5.443,13.866,"Niger","Africa","p171"
4.108,13.531,"Niger","Africa","p171"
3.611,11.66,"Niger","Africa","p171"
2.849,12.236,"Niger","Africa","p171"
2.154,11.94,"Niger","Africa","p171"
2.177,12.625,"Niger","Africa","p171"
1.024,12.852,"Niger","Africa","p171"
0.375,14.929,"Niger","Africa","p171"
3.638,15.568,"Niger","Africa","p171"
4.27,16.852,"Niger","Africa","p171"
4.267,19.155,"Niger","Africa","p171"
12.0,23.472,"Niger","Africa","p171"
14.144,22.491,"Niger","Africa","p171"
14.851,22.863,"Niger","Africa","p171"
2.692,6.259,"Nigeria","Africa","p172"
2.724,8.507,"Nigeria","Africa","p172"
3.705,10.063,"Nigeria","Africa","p172"
3.681,12.553,"Nigeria","Africa","p172"
4.368,13.747,"Nigeria","Africa","p172"
9.015,12.827,"Nigeria","Africa","p172"
10.99,13.387,"Nigeria","Africa","p172"
12.302,13.037,"Nigeria","Africa","p172"
13.084,13.596,"Nigeria","Africa","p172"
14.577,12.085,"Nigeria","Africa","p172"
11.746,6.981,"Nigeria","Africa","p172"
11.059,6.644,"Nigeria","Africa","p172"
10.118,7.039,"Nigeria","Africa","p172"
9.233,6.444,"Nigeria","Africa","p172"
8.5,4.772,"Nigeria","Africa","p172"
5.898,4.262,"Nigeria","Africa","p172"
4.326,6.271,"Nigeria","Africa","p172"
2.692,6.259,"Nigeria","Africa","p172"
130.64,42.395,"North Korea","Asia","p173"
129.667,41.601,"North Korea","Asia","p173"
129.705,40.883,"North Korea","Asia","p173"
127.533,39.757,"North Korea","Asia","p173"
127.385,39.213,"North Korea","Asia","p173"
128.206,38.37,"North Korea","Asia","p173"
125.275,37.669,"North Korea","Asia","p173"
124.712,38.108,"North Korea","Asia","p173"
125.387,39.388,"North Korea","Asia","p173"
124.266,39.928,"North Korea","Asia","p173"
125.08,40.57,"North Korea","Asia","p173"
126.869,41.817,"North Korea","Asia","p173"
128.208,41.467,"North Korea","Asia","p173"
128.052,41.994,"North Korea","Asia","p173"
129.994,42.985,"North Korea","Asia","p173"
130.64,42.395,"North Korea","Asia","p173"
22.381,42.32,"North Macedonia","Europe","p174"
22.952,41.338,"North Macedonia","Europe","p174"
20.605,41.086,"North Macedonia","Europe","p174"
20.762,42.052,"North Macedonia","Europe","p174"
22.381,42.32,"North Macedonia","Europe","p174"
15.143,79.674,"Norway","Europe","p175"
16.991,80.051,"Norway","Europe","p175"
21.544,78.956,"Norway","Europe","p175"
19.027,78.563,"Norway","Europe","p175"
17.118,76.809,"Norway","Europe","p175"
15.913,76.77,"Norway","Europe","p175"
13.763,77.38,"Norway","Europe","p175"
14.67,77.736,"Norway","Europe","p175"
11.222,78.869,"Norway","Europe","p175"
10.445,79.652,"Norway","Europe","p175"
15.143,79.674,"Norway","Europe","p175"
31.101,69.558,"Norway","Europe","p176"
28.592,69.065,"Norway","Europe","p176"
29.016,69.766,"Norway","Europe","p176"
27.732,70.164,"Norway","Europe","p176"
26.18,69.825,"Norway","Europe","p176"
24.736,68.65,"Norway","Europe","p176"
21.245,69.37,"Norway","Europe","p176"
20.025,69.065,"Norway","Europe","p176"
19.879,68.407,"Norway","Europe","p176"
17.994,68.567,"Norway","Europe","p176"
17.729,68.011,"Norway","Europe","p176"
16.769,68.014,"Norway","Europe","p176"
13.556,64.787,"Norway","Europe","p176"
13.92,64.445,"Norway","Europe","p176"
13.572,64.049,"Norway","Europe","p176"
12.58,64.066,"Norway","Europe","p176"
11.931,63.128,"Norway","Europe","p176"
11.992,61.8,"Norway","Europe","p176"
12.631,61.294,"Norway","Europe","p176"
12.3,60.118,"Norway","Europe","p176"
11.027,58.856,"Norway","Europe","p176"
10.357,59.47,"Norway","Europe","p176"
8.382,58.313,"Norway","Europe","p176"
7.049,58.079,"Norway","Europe","p176"
5.666,58.588,"Norway","Europe","p176"
4.992,61.971,"Norway","Europe","p176"
10.528,64.486,"Norway","Europe","p176"
14.761,67.811,"Norway","Europe","p176"
19.184,69.817,"Norway","Europe","p176"
23.024,70.202,"Norway","Europe","p176"
24.547,71.03,"Norway","Europe","p176"
28.166,71.185,"Norway","Europe","p176"
31.293,70.454,"Norway","Europe","p176"
30.005,70.186,"Norway","Europe","p176"
31.101,69.558,"Norway","Europe","p176"
27.408,80.056,"Norway","Europe","p177"
23.024,79.4,"Norway","Europe","p177"
17.368,80.319,"Norway","Europe","p177"
22.919,80.657,"Norway","Europe","p177"
27.408,80.056,"Norway","Europe","p177"
24.724,77.854,"Norway","Europe","p178"
20.726,77.677,"Norway","Europe","p178"
21.416,77.935,"Norway","Europe","p178"
20.812,78.255,"Norway","Europe","p178"
22.884,78.455,"Norway","Europe","p178"
24.724,77.854,"Norway","Europe","p178"
55.208,22.708,"Oman","Asia","p179"
55.886,24.921,"Oman","Asia","p179"
56.397,24.925,"Oman","Asia","p179"
59.806,22.311,"Oman","Asia","p179"
57.826,20.243,"Oman","Asia","p179"
57.694,18.945,"Oman","Asia","p179"
54.791,16.951,"Oman","Asia","p179"
53.109,16.651,"Oman","Asia","p179"
52.0,19.0,"Oman","Asia","p179"
55.0,20.0,"Oman","Asia","p179"
55.667,22.0,"Oman","Asia","p179"
55.208,22.708,"Oman","Asia","p179"
77.837,35.494,"Pakistan","Asia","p180"
76.872,34.654,"Pakistan","Asia","p180"
74.24,34.749,"Pakistan","Asia","p180"
73.75,34.318,"Pakistan","Asia","p180"
74.452,32.765,"Pakistan","Asia","p180"
75.259,32.271,"Pakistan","Asia","p180"
71.778,27.913,"Pakistan","Asia","p180"
70.616,27.989,"Pakistan","Asia","p180"
69.514,26.941,"Pakistan","Asia","p180"
71.043,24.357,"Pakistan","Asia","p180"
68.843,24.359,"Pakistan","Asia","p180"
68.177,23.692,"Pakistan","Asia","p180"
66.373,25.425,"Pakistan","Asia","p180"
61.497,25.078,"Pakistan","Asia","p180"
61.874,26.24,"Pakistan","Asia","p180"
63.317,26.757,"Pakistan","Asia","p180"
62.728,28.26,"Pakistan","Asia","p180"
60.874,29.829,"Pakistan","Asia","p180"
62.55,29.319,"Pakistan","Asia","p180"
66.346,29.888,"Pakistan","Asia","p180"
66.939,31.305,"Pakistan","Asia","p180"
69.318,31.901,"Pakistan","Asia","p180"
69.263,32.502,"Pakistan","Asia","p180"
70.324,33.359,"Pakistan","Asia","p180"
69.931,34.02,"Pakistan","Asia","p180"
70.882,33.989,"Pakistan","Asia","p180"
71.613,35.153,"Pakistan","Asia","p180"
71.262,36.074,"Pakistan","Asia","p180"
71.846,36.51,"Pakistan","Asia","p180"
75.158,37.133,"Pakistan","Asia","p180"
76.193,35.898,"Pakistan","Asia","p180"
77.837,35.494,"Pakistan","Asia","p180"
35.398,31.489,"Palestine","Asia","p181"
34.927,31.353,"Palestine","Asia","p181"
35.184,32.533,"Palestine","Asia","p181"
35.398,31.489,"Palestine","Asia","p181"
-77.353,8.671,"Panama","North America","p182"
-77.243,7.935,"Panama","North America","p182"
-77.882,7.224,"Panama","North America","p182"
-78.182,8.319,"Panama","North America","p182"
-79.12,8.996,"Panama","North America","p182"
-80.383,8.298,"Panama","North America","p182"
-80.004,7.548,"Panama","North America","p182"
-80.886,7.221,"Panama","North America","p182"
-81.721,8.109,"Panama","North America","p182"
-82.851,8.074,"Panama","North America","p182"
-82.933,9.477,"Panama","North America","p182"
-81.439,8.786,"Panama","North America","p182"
-79.021,9.553,"Panama","North America","p182"
-77.353,8.671,"Panama","North America","p182"
141.0,-2.6,"Papua New Guinea","Oceania","p183"
144.584,-3.861,"Papua New Guinea","Oceania","p183"
145.982,-5.466,"Papua New Guinea","Oceania","p183"
147.648,-6.084,"Papua New Guinea","Oceania","p183"
147.891,-6.614,"Papua New Guinea","Oceania","p183"
146.971,-6.722,"Papua New Guinea","Oceania","p183"
147.192,-7.388,"Papua New Guinea","Oceania","p183"
150.691,-10.583,"Papua New Guinea","Oceania","p183"
147.913,-10.13,"Papua New Guinea","Oceania","p183"
146.048,-8.067,"Papua New Guinea","Oceania","p183"
144.744,-7.63,"Papua New Guinea","Oceania","p183"
143.286,-8.245,"Papua New Guinea","Oceania","p183"
143.414,-8.983,"Papua New Guinea","Oceania","p183"
142.628,-9.327,"Papua New Guinea","Oceania","p183"
141.034,-9.118,"Papua New Guinea","Oceania","p183"
141.0,-2.6,"Papua New Guinea","Oceania","p183"
152.64,-3.66,"Papua New Guinea","Oceania","p184"
153.14,-4.5,"Papua New Guinea","Oceania","p184"
152.827,-4.766,"Papua New Guinea","Oceania","p184"
152.406,-3.79,"Papua New Guinea","Oceania","p184"
150.662,-2.741,"Papua New Guinea","Oceania","p184"
152.64,-3.66,"Papua New Guinea","Oceania","p184"
151.301,-5.841,"Papua New Guinea","Oceania","p185"
149.71,-6.317,"Papua New Guinea","Oceania","p185"
148.319,-5.747,"Papua New Guinea","Oceania","p185"
149.846,-5.506,"Papua New Guinea","Oceania","p185"
150.14,-5.001,"Papua New Guinea","Oceania","p185"
150.237,-5.532,"Papua New Guinea","Oceania","p185"
150.807,-5.456,"Papua New Guinea","Oceania","p185"
151.648,-4.757,"Papua New Guinea","Oceania","p185"
151.538,-4.168,"Papua New Guinea","Oceania","p185"
152.137,-4.149,"Papua New Guinea","Oceania","p185"
152.319,-4.868,"Papua New Guinea","Oceania","p185"
151.301,-5.841,"Papua New Guinea","Oceania","p185"
154.76,-5.34,"Papua New Guinea","Oceania","p186"
155.88,-6.82,"Papua New Guinea","Oceania","p186"
155.167,-6.536,"Papua New Guinea","Oceania","p186"
154.76,-5.34,"Papua New Guinea","Oceania","p186"
-58.166,-20.177,"Paraguay","South America","p187"
-57.937,-22.09,"Paraguay","South America","p187"
-55.798,-22.357,"Paraguay","South America","p187"
-55.401,-23.957,"Paraguay","South America","p187"
-54.293,-24.021,"Paraguay","South America","p187"
-54.789,-26.622,"Paraguay","South America","p187"
-55.696,-27.388,"Paraguay","South America","p187"
-58.618,-27.124,"Paraguay","South America","p187"
-57.777,-25.162,"Paraguay","South America","p187"
-60.847,-23.881,"Paraguay","South America","p187"
-62.685,-22.249,"Paraguay","South America","p187"
-61.786,-19.634,"Paraguay","South America","p187"
-59.115,-19.357,"Paraguay","South America","p187"
-58.166,-20.177,"Paraguay","South America","p187"
-69.894,-4.298,"Peru","South America","p188"
-72.892,-5.275,"Peru","South America","p188"
-73.12,-6.63,"Peru","South America","p188"
-73.987,-7.524,"Peru","South America","p188"
-73.015,-9.033,"Peru","South America","p188"
-73.227,-9.462,"Peru","South America","p188"
-72.185,-10.054,"Peru","South America","p188"
-70.482,-9.49,"Peru","South America","p188"
-70.549,-11.009,"Peru","South America","p188"
-69.53,-10.952,"Peru","South America","p188"
-68.665,-12.561,"Peru","South America","p188"
-69.34,-14.953,"Peru","South America","p188"
-68.96,-16.501,"Peru","South America","p188"
-70.373,-18.348,"Peru","South America","p188"
-76.009,-14.649,"Peru","South America","p188"
-79.761,-7.194,"Peru","South America","p188"
-81.25,-6.137,"Peru","South America","p188"
-80.926,-5.691,"Peru","South America","p188"
-81.411,-4.737,"Peru","South America","p188"
-80.303,-3.405,"Peru","South America","p188"
-80.442,-4.426,"Peru","South America","p188"
-79.205,-4.959,"Peru","South America","p188"
-78.64,-4.548,"Peru","South America","p188"
-77.838,-3.003,"Peru","South America","p188"
-75.545,-1.562,"Peru","South America","p188"
-75.107,-0.057,"Peru","South America","p188"
-73.07,-2.309,"Peru","South America","p188"
-70.813,-2.257,"Peru","South America","p188"
-70.048,-2.725,"Peru","South America","p188"
-70.693,-3.743,"Peru","South America","p188"
-69.894,-4.298,"Peru","South America","p188"
120.834,12.704,"Philippines","Asia","p189"
120.323,13.466,"Philippines","Asia","p189"
121.527,13.07,"Philippines","Asia","p189"
121.262,12.206,"Philippines","Asia","p189"
120.834,12.704,"Philippines","Asia","p189"
122.586,9.981,"Philippines","Asia","p190"
122.947,10.882,"Philippines","Asia","p190"
123.499,10.941,"Philippines","Asia","p190"
123.338,10.267,"Philippines","Asia","p190"
124.078,11.233,"Philippines","Asia","p190"
122.996,9.022,"Philippines","Asia","p190"
122.586,9.981,"Philippines","Asia","p190"
126.377,8.415,"Philippines","Asia","p191"
126.537,7.189,"Philippines","Asia","p191"
126.197,6.274,"Philippines","Asia","p191"
125.831,7.294,"Philippines","Asia","p191"
125.364,6.786,"Philippines","Asia","p191"
125.397,5.581,"Philippines","Asia","p191"
124.22,6.161,"Philippines","Asia","p191"
124.244,7.361,"Philippines","Asia","p191"
123.61,7.834,"Philippines","Asia","p191"
121.92,7.192,"Philippines","Asia","p191"
123.488,8.693,"Philippines","Asia","p191"
123.841,8.24,"Philippines","Asia","p191"
125.471,8.987,"Philippines","Asia","p191"
125.412,9.76,"Philippines","Asia","p191"
126.223,9.286,"Philippines","Asia","p191"
126.377,8.415,"Philippines","Asia","p191"
118.505,9.316,"Philippines","Asia","p192"
117.174,8.367,"Philippines","Asia","p192"
119.511,11.37,"Philippines","Asia","p192"
119.69,10.554,"Philippines","Asia","p192"
118.505,9.316,"Philippines","Asia","p192"
122.337,18.225,"Philippines","Asia","p193"
122.516,17.094,"Philippines","Asia","p193"
121.663,15.931,"Philippines","Asia","p193"
121.729,14.328,"Philippines","Asia","p193"
123.95,13.782,"Philippines","Asia","p193"
124.077,12.537,"Philippines","Asia","p193"
122.929,13.553,"Philippines","Asia","p193"
122.671,13.186,"Philippines","Asia","p193"
122.035,13.784,"Philippines","Asia","p193"
120.629,13.858,"Philippines","Asia","p193"
120.992,14.525,"Philippines","Asia","p193"
120.564,14.396,"Philippines","Asia","p193"
119.921,15.406,"Philippines","Asia","p193"
120.716,18.505,"Philippines","Asia","p193"
122.337,18.225,"Philippines","Asia","p193"
122.038,11.416,"Philippines","Asia","p194"
121.884,11.892,"Philippines","Asia","p194"
123.12,11.584,"Philippines","Asia","p194"
122.003,10.441,"Philippines","Asia","p194"
122.038,11.416,"Philippines","Asia","p194"
125.503,12.163,"Philippines","Asia","p195"
125.783,11.046,"Philippines","Asia","p195"
125.012,11.311,"Philippines","Asia","p195"
125.277,10.359,"Philippines","Asia","p195"
124.802,10.135,"Philippines","Asia","p195"
124.303,11.495,"Philippines","Asia","p195"
124.878,11.794,"Philippines","Asia","p195"
124.267,12.558,"Philippines","Asia","p195"
125.503,12.163,"Philippines","Asia","p195"
23.484,53.912,"Poland","Europe","p196"
23.799,52.691,"Poland","Europe","p196"
23.199,52.487,"Poland","Europe","p196"
24.03,50.705,"Poland","Europe","p196"
22.518,49.477,"Poland","Europe","p196"
22.776,49.027,"Poland","Europe","p196"
21.608,49.47,"Poland","Europe","p196"
19.825,49.217,"Poland","Europe","p196"
17.555,50.362,"Poland","Europe","p196"
16.176,50.423,"Poland","Europe","p196"
15.017,51.107,"Poland","Europe","p196"
14.075,52.981,"Poland","Europe","p196"
14.12,53.757,"Poland","Europe","p196"
17.623,54.852,"Poland","Europe","p196"
23.484,53.912,"Poland","Europe","p196"
-9.035,41.881,"Portugal","Europe","p197"
-8.264,42.28,"Portugal","Europe","p197"
-6.389,41.382,"Portugal","Europe","p197"
-7.499,39.63,"Portugal","Europe","p197"
-7.029,38.076,"Portugal","Europe","p197"
-7.856,36.838,"Portugal","Europe","p197"
-8.899,36.869,"Portugal","Europe","p197"
-8.84,38.266,"Portugal","Europe","p197"
-9.527,38.737,"Portugal","Europe","p197"
-8.769,40.761,"Portugal","Europe","p197"
-9.035,41.881,"Portugal","Europe","p197"
-66.282,18.515,"Puerto Rico","North America","p198"
-65.591,18.228,"Puerto Rico","North America","p198"
-65.847,17.976,"Puerto Rico","North America","p198"
-67.184,17.947,"Puerto Rico","North America","p198"
-67.101,18.521,"Puerto Rico","North America","p198"
-66.282,18.515,"Puerto Rico","North America","p198"
50.81,24.755,"Qatar","Asia","p199"
51.286,26.115,"Qatar","Asia","p199"
51.607,25.216,"Qatar","Asia","p199"
51.39,24.627,"Qatar","Asia","p199"
50.81,24.755,"Qatar","Asia","p199"
28.234,45.488,"Romania","Europe","p200"
29.603,45.293,"Romania","Europe","p200"
28.838,44.914,"Romania","Europe","p200"
28.558,43.707,"Romania","Europe","p200"
27.242,44.176,"Romania","Europe","p200"
22.945,43.824,"Romania","Europe","p200"
22.706,44.578,"Romania","Europe","p200"
21.562,44.769,"Romania","Europe","p200"
20.22,46.127,"Romania","Europe","p200"
23.142,48.096,"Romania","Europe","p200"
24.866,47.738,"Romania","Europe","p200"
26.619,48.221,"Romania","Europe","p200"
28.128,46.81,"Romania","Europe","p200"
28.234,45.488,"Romania","Europe","p200"
178.725,71.099,"Russia","Europe","p201"
180.0,71.516,"Russia","Europe","p201"
180.0,70.832,"Russia","Europe","p201"
178.725,71.099,"Russia","Europe","p201"
49.101,46.399,"Russia","Europe","p202"
46.682,44.609,"Russia","Europe","p202"
48.584,41.809,"Russia","Europe","p202"
47.816,41.151,"Russia","Europe","p202"
45.47,42.503,"Russia","Europe","p202"
39.955,43.435,"Russia","Europe","p202"
36.675,45.245,"Russia","Europe","p202"
38.233,46.241,"Russia","Europe","p202"
37.674,46.637,"Russia","Europe","p202"
39.148,47.045,"Russia","Europe","p202"
38.224,47.102,"Russia","Europe","p202"
38.255,47.546,"Russia","Europe","p202"
39.738,47.899,"Russia","Europe","p202"
40.069,49.601,"Russia","Europe","p202"
35.356,50.577,"Russia","Europe","p202"
35.022,51.208,"Russia","Europe","p202"
34.225,51.256,"Russia","Europe","p202"
34.392,51.769,"Russia","Europe","p202"
33.753,52.335,"Russia","Europe","p202"
31.786,52.102,"Russia","Europe","p202"
31.305,53.074,"Russia","Europe","p202"
32.694,53.351,"Russia","Europe","p202"
30.758,54.812,"Russia","Europe","p202"
30.874,55.551,"Russia","Europe","p202"
28.177,56.169,"Russia","Europe","p202"
27.288,57.475,"Russia","Europe","p202"
27.717,57.792,"Russia","Europe","p202"
27.42,58.725,"Russia","Europe","p202"
29.118,60.028,"Russia","Europe","p202"
28.07,60.504,"Russia","Europe","p202"
31.516,62.868,"Russia","Europe","p202"
30.036,63.553,"Russia","Europe","p202"
30.445,64.204,"Russia","Europe","p202"
29.544,64.949,"Russia","Europe","p202"
30.218,65.806,"Russia","Europe","p202"
29.055,66.944,"Russia","Europe","p202"
29.977,67.698,"Russia","Europe","p202"
28.446,68.365,"Russia","Europe","p202"
28.592,69.065,"Russia","Europe","p202"
32.133,69.906,"Russia","Europe","p202"
41.06,67.457,"Russia","Europe","p202"
41.126,66.792,"Russia","Europe","p202"
38.383,66.0,"Russia","Europe","p202"
33.184,66.633,"Russia","Europe","p202"
34.815,65.9,"Russia","Europe","p202"
34.944,64.414,"Russia","Europe","p202"
37.013,63.85,"Russia","Europe","p202"
36.54,64.764,"Russia","Europe","p202"
37.176,65.143,"Russia","Europe","p202"
39.593,64.521,"Russia","Europe","p202"
40.436,64.764,"Russia","Europe","p202"
39.763,65.497,"Russia","Europe","p202"
42.093,66.476,"Russia","Europe","p202"
43.95,66.069,"Russia","Europe","p202"
44.532,66.756,"Russia","Europe","p202"
43.698,67.352,"Russia","Europe","p202"
44.188,67.951,"Russia","Europe","p202"
43.453,68.571,"Russia","Europe","p202"
46.25,68.25,"Russia","Europe","p202"
46.821,67.69,"Russia","Europe","p202"
45.555,67.567,"Russia","Europe","p202"
45.562,67.01,"Russia","Europe","p202"
46.349,66.668,"Russia","Europe","p202"
53.717,68.857,"Russia","Europe","p202"
54.472,68.808,"Russia","Europe","p202"
53.486,68.201,"Russia","Europe","p202"
58.802,68.881,"Russia","Europe","p202"
59.941,68.278,"Russia","Europe","p202"
61.078,68.941,"Russia","Europe","p202"
60.03,69.52,"Russia","Europe","p202"
60.55,69.85,"Russia","Europe","p202"
68.512,68.092,"Russia","Europe","p202"
69.181,68.616,"Russia","Europe","p202"
66.93,69.455,"Russia","Europe","p202"
67.26,69.929,"Russia","Europe","p202"
66.695,71.029,"Russia","Europe","p202"
69.94,73.04,"Russia","Europe","p202"
72.588,72.776,"Russia","Europe","p202"
72.796,72.22,"Russia","Europe","p202"
71.848,71.409,"Russia","Europe","p202"
72.792,70.391,"Russia","Europe","p202"
72.565,69.021,"Russia","Europe","p202"
73.668,68.408,"Russia","Europe","p202"
71.28,66.32,"Russia","Europe","p202"
72.423,66.173,"Russia","Europe","p202"
75.052,67.76,"Russia","Europe","p202"
74.469,68.329,"Russia","Europe","p202"
74.936,68.989,"Russia","Europe","p202"
73.842,69.071,"Russia","Europe","p202"
73.602,69.628,"Russia","Europe","p202"
74.4,70.632,"Russia","Europe","p202"
73.101,71.447,"Russia","Europe","p202"
74.891,72.121,"Russia","Europe","p202"
74.659,72.832,"Russia","Europe","p202"
75.684,72.301,"Russia","Europe","p202"
75.289,71.336,"Russia","Europe","p202"
76.359,71.153,"Russia","Europe","p202"
75.903,71.874,"Russia","Europe","p202"
77.577,72.267,"Russia","Europe","p202"
81.5,71.75,"Russia","Europe","p202"
80.611,72.583,"Russia","Europe","p202"
80.511,73.648,"Russia","Europe","p202"
86.822,73.937,"Russia","Europe","p202"
86.01,74.46,"Russia","Europe","p202"
87.167,75.116,"Russia","Europe","p202"
100.76,76.43,"Russia","Europe","p202"
101.991,77.288,"Russia","Europe","p202"
104.352,77.698,"Russia","Europe","p202"
106.067,77.374,"Russia","Europe","p202"
104.705,77.127,"Russia","Europe","p202"
106.97,76.974,"Russia","Europe","p202"
107.24,76.48,"Russia","Europe","p202"
111.077,76.71,"Russia","Europe","p202"
114.134,75.848,"Russia","Europe","p202"
113.885,75.328,"Russia","Europe","p202"
109.4,74.18,"Russia","Europe","p202"
113.02,73.977,"Russia","Europe","p202"
113.53,73.335,"Russia","Europe","p202"
115.568,73.753,"Russia","Europe","p202"
123.201,72.971,"Russia","Europe","p202"
123.258,73.735,"Russia","Europe","p202"
126.976,73.565,"Russia","Europe","p202"
128.591,73.039,"Russia","Europe","p202"
129.052,72.399,"Russia","Europe","p202"
128.46,71.98,"Russia","Europe","p202"
131.289,70.787,"Russia","Europe","p202"
132.254,71.836,"Russia","Europe","p202"
133.858,71.386,"Russia","Europe","p202"
139.87,71.488,"Russia","Europe","p202"
139.148,72.416,"Russia","Europe","p202"
140.468,72.849,"Russia","Europe","p202"
149.5,72.2,"Russia","Europe","p202"
152.969,70.842,"Russia","Europe","p202"
158.998,70.867,"Russia","Europe","p202"
159.83,70.453,"Russia","Europe","p202"
159.709,69.722,"Russia","Europe","p202"
160.941,69.437,"Russia","Europe","p202"
167.836,69.583,"Russia","Europe","p202"
169.578,68.694,"Russia","Europe","p202"
170.817,69.014,"Russia","Europe","p202"
170.008,69.653,"Russia","Europe","p202"
170.453,70.097,"Russia","Europe","p202"
175.724,69.877,"Russia","Europe","p202"
180.0,68.964,"Russia","Europe","p202"
180.0,64.98,"Russia","Europe","p202"
177.411,64.608,"Russia","Europe","p202"
179.37,62.983,"Russia","Europe","p202"
179.228,62.304,"Russia","Europe","p202"
177.364,62.522,"Russia","Europe","p202"
173.68,61.653,"Russia","Europe","p202"
170.331,59.882,"Russia","Europe","p202"
168.9,60.574,"Russia","Europe","p202"
166.295,59.789,"Russia","Europe","p202"
165.84,60.16,"Russia","Europe","p202"
163.539,59.869,"Russia","Europe","p202"
162.017,58.243,"Russia","Europe","p202"
163.192,57.615,"Russia","Europe","p202"
163.058,56.159,"Russia","Europe","p202"
162.13,56.122,"Russia","Europe","p202"
161.701,55.286,"Russia","Europe","p202"
162.117,54.855,"Russia","Europe","p202"
160.369,54.344,"Russia","Europe","p202"
160.022,53.203,"Russia","Europe","p202"
158.531,52.959,"Russia","Europe","p202"
158.231,51.943,"Russia","Europe","p202"
156.79,51.011,"Russia","Europe","p202"
155.434,55.381,"Russia","Europe","p202"
155.914,56.768,"Russia","Europe","p202"
156.81,57.832,"Russia","Europe","p202"
158.364,58.056,"Russia","Europe","p202"
163.67,61.141,"Russia","Europe","p202"
164.474,62.551,"Russia","Europe","p202"
163.258,62.466,"Russia","Europe","p202"
162.658,61.642,"Russia","Europe","p202"
160.121,60.544,"Russia","Europe","p202"
159.302,61.774,"Russia","Europe","p202"
156.721,61.434,"Russia","Europe","p202"
154.218,59.758,"Russia","Europe","p202"
155.044,59.145,"Russia","Europe","p202"
151.266,58.781,"Russia","Europe","p202"
151.338,59.504,"Russia","Europe","p202"
149.784,59.656,"Russia","Europe","p202"
148.545,59.164,"Russia","Europe","p202"
142.198,59.04,"Russia","Europe","p202"
135.126,54.73,"Russia","Europe","p202"
136.702,54.604,"Russia","Europe","p202"
138.165,53.755,"Russia","Europe","p202"
139.902,54.19,"Russia","Europe","p202"
141.345,53.09,"Russia","Europe","p202"
140.062,48.447,"Russia","Europe","p202"
134.869,43.398,"Russia","Europe","p202"
133.537,42.811,"Russia","Europe","p202"
132.278,43.285,"Russia","Europe","p202"
130.78,42.22,"Russia","Europe","p202"
131.025,44.968,"Russia","Europe","p202"
133.097,45.144,"Russia","Europe","p202"
135.026,48.478,"Russia","Europe","p202"
130.987,47.79,"Russia","Europe","p202"
130.582,48.73,"Russia","Europe","p202"
129.398,49.441,"Russia","Europe","p202"
127.657,49.76,"Russia","Europe","p202"
125.946,52.793,"Russia","Europe","p202"
123.571,53.459,"Russia","Europe","p202"
120.177,52.754,"Russia","Europe","p202"
120.738,51.964,"Russia","Europe","p202"
119.288,50.143,"Russia","Europe","p202"
117.879,49.511,"Russia","Europe","p202"
114.362,50.248,"Russia","Europe","p202"
110.662,49.13,"Russia","Europe","p202"
108.475,49.283,"Russia","Europe","p202"
106.889,50.274,"Russia","Europe","p202"
103.677,50.09,"Russia","Europe","p202"
102.256,50.511,"Russia","Europe","p202"
102.065,51.26,"Russia","Europe","p202"
98.861,52.047,"Russia","Europe","p202"
97.826,51.011,"Russia","Europe","p202"
98.232,50.422,"Russia","Europe","p202"
97.26,49.726,"Russia","Europe","p202"
92.235,50.802,"Russia","Europe","p202"
87.36,49.215,"Russia","Europe","p202"
83.383,51.069,"Russia","Europe","p202"
81.946,50.812,"Russia","Europe","p202"
80.568,51.388,"Russia","Europe","p202"
80.036,50.865,"Russia","Europe","p202"
76.525,54.177,"Russia","Europe","p202"
76.891,54.491,"Russia","Europe","p202"
73.426,53.49,"Russia","Europe","p202"
73.509,54.036,"Russia","Europe","p202"
71.18,54.133,"Russia","Europe","p202"
70.865,55.17,"Russia","Europe","p202"
69.068,55.385,"Russia","Europe","p202"
61.437,54.006,"Russia","Europe","p202"
60.978,53.665,"Russia","Europe","p202"
61.7,52.98,"Russia","Europe","p202"
59.968,51.96,"Russia","Europe","p202"
61.588,51.273,"Russia","Europe","p202"
61.337,50.799,"Russia","Europe","p202"
56.778,51.044,"Russia","Europe","p202"
55.717,50.622,"Russia","Europe","p202"
52.329,51.719,"Russia","Europe","p202"
50.767,51.693,"Russia","Europe","p202"
48.702,50.605,"Russia","Europe","p202"
48.578,49.875,"Russia","Europe","p202"
47.549,50.455,"Russia","Europe","p202"
46.466,48.394,"Russia","Europe","p202"
48.057,47.744,"Russia","Europe","p202"
49.101,46.399,"Russia","Europe","p202"
93.778,81.025,"Russia","Europe","p203"
95.941,81.25,"Russia","Europe","p203"
100.187,79.78,"Russia","Europe","p203"
99.94,78.881,"Russia","Europe","p203"
94.973,79.045,"Russia","Europe","p203"
91.181,80.341,"Russia","Europe","p203"
93.778,81.025,"Russia","Europe","p203"
102.838,79.281,"Russia","Europe","p204"
105.372,78.713,"Russia","Europe","p204"
105.075,78.307,"Russia","Europe","p204"
99.438,77.921,"Russia","Europe","p204"
101.265,79.234,"Russia","Europe","p204"
102.838,79.281,"Russia","Europe","p204"
138.831,76.137,"Russia","Europe","p205"
145.086,75.563,"Russia","Europe","p205"
144.3,74.82,"Russia","Europe","p205"
138.955,74.611,"Russia","Europe","p205"
136.974,75.262,"Russia","Europe","p205"
137.512,75.949,"Russia","Europe","p205"
138.831,76.137,"Russia","Europe","p205"
148.222,75.346,"Russia","Europe","p206"
150.732,75.084,"Russia","Europe","p206"
147.977,74.778,"Russia","Europe","p206"
146.119,75.173,"Russia","Europe","p206"
148.222,75.346,"Russia","Europe","p206"
139.863,73.37,"Russia","Europe","p207"
142.062,73.858,"Russia","Europe","p207"
143.604,73.212,"Russia","Europe","p207"
139.863,73.37,"Russia","Europe","p207"
44.847,80.59,"Russia","Europe","p208"
51.523,80.7,"Russia","Europe","p208"
47.586,80.01,"Russia","Europe","p208"
46.503,80.247,"Russia","Europe","p208"
47.072,80.559,"Russia","Europe","p208"
44.847,80.59,"Russia","Europe","p208"
22.731,54.328,"Russia","Europe","p209"
19.661,54.426,"Russia","Europe","p209"
21.268,55.19,"Russia","Europe","p209"
22.758,54.857,"Russia","Europe","p209"
22.731,54.328,"Russia","Europe","p209"
53.508,73.75,"Russia","Europe","p210"
55.902,74.627,"Russia","Europe","p210"
55.632,75.081,"Russia","Europe","p210"
61.17,76.252,"Russia","Europe","p210"
68.157,76.94,"Russia","Europe","p210"
68.852,76.545,"Russia","Europe","p210"
58.477,74.309,"Russia","Europe","p210"
55.419,72.371,"Russia","Europe","p210"
55.623,71.541,"Russia","Europe","p210"
57.536,70.72,"Russia","Europe","p210"
53.677,70.763,"Russia","Europe","p210"
51.602,71.475,"Russia","Europe","p210"
51.456,72.015,"Russia","Europe","p210"
52.478,72.229,"Russia","Europe","p210"
52.444,72.775,"Russia","Europe","p210"
54.428,73.628,"Russia","Europe","p210"
53.508,73.75,"Russia","Europe","p210"
142.915,53.705,"Russia","Europe","p211"
143.235,51.757,"Russia","Europe","p211"
144.654,48.976,"Russia","Europe","p211"
143.174,49.307,"Russia","Europe","p211"
142.559,47.862,"Russia","Europe","p211"
143.533,46.837,"Russia","Europe","p211"
143.505,46.138,"Russia","Europe","p211"
142.748,46.741,"Russia","Europe","p211"
142.092,45.967,"Russia","Europe","p211"
142.18,50.952,"Russia","Europe","p211"
141.594,51.935,"Russia","Europe","p211"
141.683,53.302,"Russia","Europe","p211"
142.607,53.762,"Russia","Europe","p211"
142.21,54.225,"Russia","Europe","p211"
142.655,54.366,"Russia","Europe","p211"
142.915,53.705,"Russia","Europe","p211"
-174.928,67.206,"Russia","Europe","p212"
-175.014,66.584,"Russia","Europe","p212"
-174.34,66.336,"Russia","Europe","p212"
-174.572,67.062,"Russia","Europe","p212"
-171.857,66.913,"Russia","Europe","p212"
-169.9,65.977,"Russia","Europe","p212"
-172.53,65.438,"Russia","Europe","p212"
-172.955,64.253,"Russia","Europe","p212"
-176.207,65.357,"Russia","Europe","p212"
-178.36,65.391,"Russia","Europe","p212"
-178.903,65.74,"Russia","Europe","p212"
-178.686,66.112,"Russia","Europe","p212"
-179.884,65.875,"Russia","Europe","p212"
-179.433,65.404,"Russia","Europe","p212"
-180.0,64.98,"Russia","Europe","p212"
-180.0,68.964,"Russia","Europe","p212"
-174.928,67.206,"Russia","Europe","p212"
-178.694,70.893,"Russia","Europe","p213"
-180.0,70.832,"Russia","Europe","p213"
-180.0,71.516,"Russia","Europe","p213"
-177.578,71.269,"Russia","Europe","p213"
-178.694,70.893,"Russia","Europe","p213"
33.436,45.972,"Russia","Europe","p214"
36.53,45.47,"Russia","Europe","p214"
33.883,44.361,"Russia","Europe","p214"
33.326,44.565,"Russia","Europe","p214"
33.547,45.035,"Russia","Europe","p214"
32.454,45.327,"Russia","Europe","p214"
33.436,45.972,"Russia","Europe","p214"
30.419,-1.135,"Rwanda","Africa","p215"
30.758,-2.287,"Rwanda","Africa","p215"
29.025,-2.839,"Rwanda","Africa","p215"
29.292,-1.62,"Rwanda","Africa","p215"
30.419,-1.135,"Rwanda","Africa","p215"
30.834,3.509,"S. Sudan","Africa","p216"
29.716,4.601,"S. Sudan","Africa","p216"
27.98,4.408,"S. Sudan","Africa","p216"
23.887,8.62,"S. Sudan","Africa","p216"
24.537,8.918,"S. Sudan","Africa","p216"
25.07,10.274,"S. Sudan","Africa","p216"
25.791,10.411,"S. Sudan","Africa","p216"
26.752,9.467,"S. Sudan","Africa","p216"
28.967,9.398,"S. Sudan","Africa","p216"
29.997,10.291,"S. Sudan","Africa","p216"
31.353,9.81,"S. Sudan","Africa","p216"
32.4,11.081,"S. Sudan","Africa","p216"
32.074,11.973,"S. Sudan","Africa","p216"
33.207,12.179,"S. Sudan","Africa","p216"
33.975,8.685,"S. Sudan","Africa","p216"
32.954,7.785,"S. Sudan","Africa","p216"
34.075,7.226,"S. Sudan","Africa","p216"
35.298,5.506,"S. Sudan","Africa","p216"
33.39,3.79,"S. Sudan","Africa","p216"
30.834,3.509,"S. Sudan","Africa","p216"
34.956,29.357,"Saudi Arabia","Asia","p217"
36.069,29.197,"Saudi Arabia","Asia","p217"
37.504,30.004,"Saudi Arabia","Asia","p217"
37.999,30.509,"Saudi Arabia","Asia","p217"
37.002,31.508,"Saudi Arabia","Asia","p217"
39.195,32.161,"Saudi Arabia","Asia","p217"
41.89,31.19,"Saudi Arabia","Asia","p217"
44.709,29.179,"Saudi Arabia","Asia","p217"
47.46,29.003,"Saudi Arabia","Asia","p217"
50.152,26.69,"Saudi Arabia","Asia","p217"
50.24,25.608,"Saudi Arabia","Asia","p217"
51.39,24.627,"Saudi Arabia","Asia","p217"
52.001,23.001,"Saudi Arabia","Asia","p217"
55.208,22.708,"Saudi Arabia","Asia","p217"
55.667,22.0,"Saudi Arabia","Asia","p217"
55.0,20.0,"Saudi Arabia","Asia","p217"
49.117,18.617,"Saudi Arabia","Asia","p217"
47.0,16.95,"Saudi Arabia","Asia","p217"
43.381,17.58,"Saudi Arabia","Asia","p217"
42.779,16.348,"Saudi Arabia","Asia","p217"
40.939,19.486,"Saudi Arabia","Asia","p217"
39.139,21.292,"Saudi Arabia","Asia","p217"
38.493,23.688,"Saudi Arabia","Asia","p217"
37.484,24.285,"Saudi Arabia","Asia","p217"
35.13,28.063,"Saudi Arabia","Asia","p217"
34.632,28.059,"Saudi Arabia","Asia","p217"
34.956,29.357,"Saudi Arabia","Asia","p217"
-16.714,13.595,"Senegal","Africa","p218"
-17.625,14.73,"Senegal","Africa","p218"
-16.121,16.456,"Senegal","Africa","p218"
-14.577,16.598,"Senegal","Africa","p218"
-12.171,14.617,"Senegal","Africa","p218"
-11.514,12.443,"Senegal","Africa","p218"
-16.677,12.385,"Senegal","Africa","p218"
-16.842,13.151,"Senegal","Africa","p218"
-13.845,13.505,"Senegal","Africa","p218"
-16.714,13.595,"Senegal","Africa","p218"
18.83,45.909,"Serbia","Europe","p219"
20.22,46.127,"Serbia","Europe","p219"
21.562,44.769,"Serbia","Europe","p219"
22.706,44.578,"Serbia","Europe","p219"
22.41,44.008,"Serbia","Europe","p219"
22.986,43.211,"Serbia","Europe","p219"
22.545,42.461,"Serbia","Europe","p219"
21.577,42.245,"Serbia","Europe","p219"
21.775,42.683,"Serbia","Europe","p219"
20.814,43.272,"Serbia","Europe","p219"
20.258,42.813,"Serbia","Europe","p219"
19.219,43.524,"Serbia","Europe","p219"
19.6,44.038,"Serbia","Europe","p219"
18.83,45.909,"Serbia","Europe","p219"
-13.247,8.903,"Sierra Leone","Africa","p220"
-12.426,9.836,"Sierra Leone","Africa","p220"
-11.117,10.046,"Sierra Leone","Africa","p220"
-10.23,8.406,"Sierra Leone","Africa","p220"
-11.439,6.786,"Sierra Leone","Africa","p220"
-12.949,7.799,"Sierra Leone","Africa","p220"
-13.247,8.903,"Sierra Leone","Africa","p220"
22.558,49.086,"Slovakia","Europe","p221"
21.872,48.32,"Slovakia","Europe","p221"
20.801,48.624,"Slovakia","Europe","p221"
17.857,47.758,"Slovakia","Europe","p221"
16.88,48.47,"Slovakia","Europe","p221"
18.555,49.495,"Slovakia","Europe","p221"
22.558,49.086,"Slovakia","Europe","p221"
13.806,46.509,"Slovenia","Europe","p222"
16.565,46.504,"Slovenia","Europe","p222"
15.328,45.452,"Slovenia","Europe","p222"
13.715,45.5,"Slovenia","Europe","p222"
13.806,46.509,"Slovenia","Europe","p222"
162.119,-10.483,"Solomon Is.","Oceania","p223"
162.399,-10.826,"Solomon Is.","Oceania","p223"
161.7,-10.82,"Solomon Is.","Oceania","p223"
161.32,-10.205,"Solomon Is.","Oceania","p223"
162.119,-10.483,"Solomon Is.","Oceania","p223"
160.852,-9.873,"Solomon Is.","Oceania","p224"
159.849,-9.794,"Solomon Is.","Oceania","p224"
159.703,-9.243,"Solomon Is.","Oceania","p224"
160.852,-9.873,"Solomon Is.","Oceania","p224"
159.64,-8.02,"Solomon Is.","Oceania","p225"
159.917,-8.538,"Solomon Is.","Oceania","p225"
158.211,-7.422,"Solomon Is.","Oceania","p225"
159.64,-8.02,"Solomon Is.","Oceania","p225"
41.585,-1.683,"Somalia","Africa","p226"
40.993,-0.858,"Somalia","Africa","p226"
40.981,2.785,"Somalia","Africa","p226"
42.129,4.234,"Somalia","Africa","p226"
44.964,5.002,"Somalia","Africa","p226"
48.938,9.452,"Somalia","Africa","p226"
48.948,11.411,"Somalia","Africa","p226"
51.111,12.025,"Somalia","Africa","p226"
50.552,9.199,"Somalia","Africa","p226"
48.595,5.339,"Somalia","Africa","p226"
41.585,-1.683,"Somalia","Africa","p226"
48.948,11.411,"Somaliland","Africa","p227"
48.938,9.452,"Somaliland","Africa","p227"
47.789,8.003,"Somaliland","Africa","p227"
43.679,9.184,"Somaliland","Africa","p227"
42.559,10.573,"Somaliland","Africa","p227"
43.145,11.462,"Somaliland","Africa","p227"
44.118,10.446,"Somaliland","Africa","p227"
48.948,11.411,"Somaliland","Africa","p227"
16.345,-28.577,"South Africa","Africa","p228"
16.824,-28.082,"South Africa","Africa","p228"
18.465,-29.045,"South Africa","Africa","p228"
19.895,-28.461,"South Africa","Africa","p228"
19.896,-24.768,"South Africa","Africa","p228"
20.89,-26.829,"South Africa","Africa","p228"
21.606,-26.727,"South Africa","Africa","p228"
23.312,-25.269,"South Africa","Africa","p228"
25.665,-25.487,"South Africa","Africa","p228"
27.119,-23.574,"South Africa","Africa","p228"
29.432,-22.091,"South Africa","Africa","p228"
31.191,-22.252,"South Africa","Africa","p228"
31.931,-24.369,"South Africa","Africa","p228"
31.838,-25.843,"South Africa","Africa","p228"
31.044,-25.731,"South Africa","Africa","p228"
30.686,-26.744,"South Africa","Africa","p228"
31.283,-27.286,"South Africa","Africa","p228"
32.83,-26.742,"South Africa","Africa","p228"
32.203,-28.752,"South Africa","Africa","p228"
28.22,-32.772,"South Africa","Africa","p228"
25.781,-33.945,"South Africa","Africa","p228"
22.574,-33.864,"South Africa","Africa","p228"
20.071,-34.795,"South Africa","Africa","p228"
18.377,-34.137,"South Africa","Africa","p228"
17.925,-32.611,"South Africa","Africa","p228"
18.222,-31.662,"South Africa","Africa","p228"
16.345,-28.577,"South Africa","Africa","p228"
28.978,-28.956,"South Africa","Africa","p229"
28.074,-28.851,"South Africa","Africa","p229"
26.999,-29.876,"South Africa","Africa","p229"
28.107,-30.546,"South Africa","Africa","p229"
29.325,-29.257,"South Africa","Africa","p229"
28.978,-28.956,"South Africa","Africa","p229"
126.175,37.75,"South Korea","Asia","p230"
128.35,38.612,"South Korea","Asia","p230"
129.46,36.784,"South Korea","Asia","p230"
129.091,35.082,"South Korea","Asia","p230"
126.486,34.39,"South Korea","Asia","p230"
126.117,36.725,"South Korea","Asia","p230"
126.86,36.894,"South Korea","Asia","p230"
126.175,37.75,"South Korea","Asia","p230"
-7.454,37.098,"Spain","Europe","p231"
-7.029,38.076,"Spain","Europe","p231"
-7.499,39.63,"Spain","Europe","p231"
-6.389,41.382,"Spain","Europe","p231"
-8.264,42.28,"Spain","Europe","p231"
-9.035,41.881,"Spain","Europe","p231"
-9.393,43.027,"Spain","Europe","p231"
-7.978,43.748,"Spain","Europe","p231"
-1.901,43.423,"Spain","Europe","p231"
0.338,42.58,"Spain","Europe","p231"
2.986,42.473,"Spain","Europe","p231"
3.039,41.892,"Spain","Europe","p231"
2.092,41.226,"Spain","Europe","p231"
0.811,41.015,"Spain","Europe","p231"
-0.279,39.31,"Spain","Europe","p231"
0.111,38.739,"Spain","Europe","p231"
-2.146,36.674,"Spain","Europe","p231"
-4.369,36.678,"Spain","Europe","p231"
-5.377,35.947,"Spain","Europe","p231"
-7.454,37.098,"Spain","Europe","p231"
81.788,7.523,"Sri Lanka","Asia","p232"
81.637,6.482,"Sri Lanka","Asia","p232"
80.348,5.968,"Sri Lanka","Asia","p232"
79.695,8.201,"Sri Lanka","Asia","p232"
80.148,9.824,"Sri Lanka","Asia","p232"
81.788,7.523,"Sri Lanka","Asia","p232"
24.567,8.229,"Sudan","Africa","p233"
23.459,8.954,"Sudan","Africa","p233"
23.554,10.089,"Sudan","Africa","p233"
21.937,12.588,"Sudan","Africa","p233"
23.025,15.681,"Sudan","Africa","p233"
23.887,15.611,"Sudan","Africa","p233"
23.85,20.0,"Sudan","Africa","p233"
25.0,20.003,"Sudan","Africa","p233"
25.0,22.0,"Sudan","Africa","p233"
36.866,22.0,"Sudan","Africa","p233"
37.482,18.614,"Sudan","Africa","p233"
38.41,17.998,"Sudan","Africa","p233"
36.853,16.957,"Sudan","Africa","p233"
36.27,13.563,"Sudan","Africa","p233"
34.257,10.63,"Sudan","Africa","p233"
33.975,8.685,"Sudan","Africa","p233"
33.207,12.179,"Sudan","Africa","p233"
32.743,12.248,"Sudan","Africa","p233"
32.074,11.973,"Sudan","Africa","p233"
32.4,11.081,"Sudan","Africa","p233"
31.353,9.81,"Sudan","Africa","p233"
29.997,10.291,"Sudan","Africa","p233"
28.967,9.398,"Sudan","Africa","p233"
26.752,9.467,"Sudan","Africa","p233"
25.791,10.411,"Sudan","Africa","p233"
25.07,10.274,"Sudan","Africa","p233"
24.537,8.918,"Sudan","Africa","p233"
23.887,8.62,"Sudan","Africa","p233"
24.567,8.229,"Sudan","Africa","p233"
-54.525,2.312,"Suriname","South America","p234"
-55.973,2.51,"Suriname","South America","p234"
-55.996,1.818,"Suriname","South America","p234"
-56.539,1.9,"Suriname","South America","p234"
-57.602,3.335,"Suriname","South America","p234"
-58.045,4.061,"Suriname","South America","p234"
-57.147,5.973,"Suriname","South America","p234"
-53.958,5.757,"Suriname","South America","p234"
-54.479,4.897,"Suriname","South America","p234"
-54.007,3.62,"Suriname","South America","p234"
-54.525,2.312,"Suriname","South America","p234"
11.027,58.856,"Sweden","Europe","p235"
12.3,60.118,"Sweden","Europe","p235"
12.631,61.294,"Sweden","Europe","p235"
11.992,61.8,"Sweden","Europe","p235"
11.931,63.128,"Sweden","Europe","p235"
12.58,64.066,"Sweden","Europe","p235"
13.572,64.049,"Sweden","Europe","p235"
13.92,64.445,"Sweden","Europe","p235"
13.556,64.787,"Sweden","Europe","p235"
16.769,68.014,"Sweden","Europe","p235"
17.729,68.011,"Sweden","Europe","p235"
17.994,68.567,"Sweden","Europe","p235"
19.879,68.407,"Sweden","Europe","p235"
20.025,69.065,"Sweden","Europe","p235"
20.646,69.106,"Sweden","Europe","p235"
23.539,67.936,"Sweden","Europe","p235"
23.903,66.007,"Sweden","Europe","p235"
22.183,65.724,"Sweden","Europe","p235"
21.214,65.026,"Sweden","Europe","p235"
21.37,64.414,"Sweden","Europe","p235"
17.848,62.749,"Sweden","Europe","p235"
17.12,61.341,"Sweden","Europe","p235"
18.788,60.082,"Sweden","Europe","p235"
17.869,58.954,"Sweden","Europe","p235"
16.829,58.72,"Sweden","Europe","p235"
15.88,56.104,"Sweden","Europe","p235"
14.667,56.201,"Sweden","Europe","p235"
14.101,55.408,"Sweden","Europe","p235"
12.943,55.362,"Sweden","Europe","p235"
11.027,58.856,"Sweden","Europe","p235"
9.594,47.525,"Switzerland","Europe","p236"
9.48,47.103,"Switzerland","Europe","p236"
10.443,46.894,"Switzerland","Europe","p236"
9.923,46.315,"Switzerland","Europe","p236"
7.274,45.777,"Switzerland","Europe","p236"
6.023,46.273,"Switzerland","Europe","p236"
6.737,47.542,"Switzerland","Europe","p236"
9.594,47.525,"Switzerland","Europe","p236"
35.72,32.709,"Syria","Asia","p237"
36.612,34.202,"Syria","Asia","p237"
35.905,35.41,"Syria","Asia","p237"
36.739,36.818,"Syria","Asia","p237"
42.35,37.23,"Syria","Asia","p237"
41.29,36.359,"Syria","Asia","p237"
41.006,34.419,"Syria","Asia","p237"
36.834,32.313,"Syria","Asia","p237"
35.72,32.709,"Syria","Asia","p237"
121.778,24.394,"Taiwan","Asia","p238"
120.747,21.971,"Taiwan","Asia","p238"
120.106,23.556,"Taiwan","Asia","p238"
121.495,25.295,"Taiwan","Asia","p238"
121.778,24.394,"Taiwan","Asia","p238"
67.83,37.145,"Tajikistan","Asia","p239"
68.392,38.157,"Tajikistan","Asia","p239"
68.176,38.902,"Tajikistan","Asia","p239"
67.442,39.14,"Tajikistan","Asia","p239"
67.701,39.58,"Tajikistan","Asia","p239"
68.536,39.533,"Tajikistan","Asia","p239"
69.329,40.728,"Tajikistan","Asia","p239"
70.667,40.96,"Tajikistan","Asia","p239"
70.458,40.496,"Tajikistan","Asia","p239"
71.014,40.244,"Tajikistan","Asia","p239"
69.56,40.103,"Tajikistan","Asia","p239"
69.465,39.527,"Tajikistan","Asia","p239"
73.675,39.431,"Tajikistan","Asia","p239"
73.929,38.506,"Tajikistan","Asia","p239"
74.865,38.379,"Tajikistan","Asia","p239"
74.98,37.42,"Tajikistan","Asia","p239"
73.26,37.495,"Tajikistan","Asia","p239"
71.845,36.738,"Tajikistan","Asia","p239"
70.807,38.486,"Tajikistan","Asia","p239"
69.196,37.151,"Tajikistan","Asia","p239"
67.83,37.145,"Tajikistan","Asia","p239"
33.904,-0.95,"Tanzania","Africa","p240"
37.699,-3.097,"Tanzania","Africa","p240"
37.767,-3.677,"Tanzania","Africa","p240"
39.202,-4.677,"Tanzania","Africa","p240"
38.741,-5.909,"Tanzania","Africa","p240"
39.44,-6.84,"Tanzania","Africa","p240"
39.187,-8.486,"Tanzania","Africa","p240"
40.317,-10.317,"Tanzania","Africa","p240"
39.521,-10.897,"Tanzania","Africa","p240"
36.514,-11.721,"Tanzania","Africa","p240"
34.56,-11.52,"Tanzania","Africa","p240"
33.74,-9.417,"Tanzania","Africa","p240"
30.74,-8.34,"Tanzania","Africa","p240"
29.62,-6.52,"Tanzania","Africa","p240"
29.34,-4.5,"Tanzania","Africa","p240"
30.752,-3.359,"Tanzania","Africa","p240"
30.419,-1.135,"Tanzania","Africa","p240"
33.904,-0.95,"Tanzania","Africa","p240"
105.219,14.273,"Thailand","Asia","p241"
102.988,14.226,"Thailand","Asia","p241"
102.348,13.394,"Thailand","Asia","p241"
102.585,12.187,"Thailand","Asia","p241"
100.832,12.627,"Thailand","Asia","p241"
100.978,13.413,"Thailand","Asia","p241"
100.098,13.407,"Thailand","Asia","p241"
99.222,9.239,"Thailand","Asia","p241"
99.874,9.208,"Thailand","Asia","p241"
100.459,7.43,"Thailand","Asia","p241"
102.141,6.222,"Thailand","Asia","p241"
101.154,5.691,"Thailand","Asia","p241"
98.15,8.35,"Thailand","Asia","p241"
99.587,11.893,"Thailand","Asia","p241"
98.192,15.124,"Thailand","Asia","p241"
98.903,16.178,"Thailand","Asia","p241"
97.376,18.445,"Thailand","Asia","p241"
98.254,19.708,"Thailand","Asia","p241"
100.116,20.418,"Thailand","Asia","p241"
100.606,19.508,"Thailand","Asia","p241"
101.282,19.463,"Thailand","Asia","p241"
101.06,17.512,"Thailand","Asia","p241"
103.2,18.31,"Thailand","Asia","p241"
104.717,17.429,"Thailand","Asia","p241"
104.779,16.442,"Thailand","Asia","p241"
105.589,15.57,"Thailand","Asia","p241"
105.219,14.273,"Thailand","Asia","p241"
124.969,-8.893,"Timor-Leste","Asia","p242"
127.336,-8.397,"Timor-Leste","Asia","p242"
125.089,-9.393,"Timor-Leste","Asia","p242"
124.969,-8.893,"Timor-Leste","Asia","p242"
0.9,10.997,"Togo","Africa","p243"
1.664,9.129,"Togo","Africa","p243"
1.865,6.142,"Togo","Africa","p243"
1.06,5.929,"Togo","Africa","p243"
-0.05,10.707,"Togo","Africa","p243"
0.9,10.997,"Togo","Africa","p243"
-61.68,10.76,"Trinidad and Tobago","North America","p244"
-60.895,10.855,"Trinidad and Tobago","North America","p244"
-60.935,10.11,"Trinidad and Tobago","North America","p244"
-61.95,10.09,"Trinidad and Tobago","North America","p244"
-61.68,10.76,"Trinidad and Tobago","North America","p244"
9.482,30.308,"Tunisia","Africa","p245"
9.056,32.103,"Tunisia","Africa","p245"
7.613,33.344,"Tunisia","Africa","p245"
7.524,34.097,"Tunisia","Africa","p245"
8.141,34.655,"Tunisia","Africa","p245"
8.421,36.946,"Tunisia","Africa","p245"
9.51,37.35,"Tunisia","Africa","p245"
10.21,37.23,"Tunisia","Africa","p245"
10.181,36.724,"Tunisia","Africa","p245"
11.029,37.092,"Tunisia","Africa","p245"
10.6,36.41,"Tunisia","Africa","p245"
10.808,34.834,"Tunisia","Africa","p245"
10.15,34.331,"Tunisia","Africa","p245"
11.489,33.137,"Tunisia","Africa","p245"
11.432,32.369,"Tunisia","Africa","p245"
9.95,31.376,"Tunisia","Africa","p245"
9.97,30.539,"Tunisia","Africa","p245"
9.482,30.308,"Tunisia","Africa","p245"
44.773,37.17,"Turkey","Asia","p246"
36.739,36.818,"Turkey","Asia","p246"
36.15,35.822,"Turkey","Asia","p246"
35.782,36.275,"Turkey","Asia","p246"
36.161,36.651,"Turkey","Asia","p246"
34.715,36.796,"Turkey","Asia","p246"
34.027,36.22,"Turkey","Asia","p246"
30.622,36.678,"Turkey","Asia","p246"
29.7,36.144,"Turkey","Asia","p246"
27.641,36.659,"Turkey","Asia","p246"
26.318,38.208,"Turkey","Asia","p246"
26.805,38.986,"Turkey","Asia","p246"
26.171,39.464,"Turkey","Asia","p246"
27.28,40.42,"Turkey","Asia","p246"
28.82,40.46,"Turkey","Asia","p246"
29.24,41.22,"Turkey","Asia","p246"
31.146,41.088,"Turkey","Asia","p246"
33.513,42.019,"Turkey","Asia","p246"
35.168,42.04,"Turkey","Asia","p246"
38.348,40.949,"Turkey","Asia","p246"
42.62,41.583,"Turkey","Asia","p246"
44.794,39.713,"Turkey","Asia","p246"
44.109,39.428,"Turkey","Asia","p246"
44.773,37.17,"Turkey","Asia","p246"
26.117,41.827,"Turkey","Asia","p247"
27.997,42.007,"Turkey","Asia","p247"
28.988,41.3,"Turkey","Asia","p247"
26.358,40.152,"Turkey","Asia","p247"
26.057,40.824,"Turkey","Asia","p247"
26.604,41.562,"Turkey","Asia","p247"
26.117,41.827,"Turkey","Asia","p247"
52.502,41.783,"Turkmenistan","Asia","p248"
54.079,42.324,"Turkmenistan","Asia","p248"
55.455,41.26,"Turkmenistan","Asia","p248"
57.096,41.322,"Turkmenistan","Asia","p248"
56.932,41.826,"Turkmenistan","Asia","p248"
58.629,42.752,"Turkmenistan","Asia","p248"
59.976,42.223,"Turkmenistan","Asia","p248"
60.466,41.22,"Turkmenistan","Asia","p248"
61.883,41.085,"Turkmenistan","Asia","p248"
62.374,40.054,"Turkmenistan","Asia","p248"
64.17,38.892,"Turkmenistan","Asia","p248"
66.546,37.975,"Turkmenistan","Asia","p248"
66.519,37.363,"Turkmenistan","Asia","p248"
65.746,37.661,"Turkmenistan","Asia","p248"
64.746,37.112,"Turkmenistan","Asia","p248"
64.546,36.312,"Turkmenistan","Asia","p248"
62.231,35.271,"Turkmenistan","Asia","p248"
61.211,35.65,"Turkmenistan","Asia","p248"
61.123,36.492,"Turkmenistan","Asia","p248"
57.33,38.029,"Turkmenistan","Asia","p248"
55.512,37.964,"Turkmenistan","Asia","p248"
53.922,37.199,"Turkmenistan","Asia","p248"
53.881,38.952,"Turkmenistan","Asia","p248"
53.101,39.291,"Turkmenistan","Asia","p248"
53.358,39.975,"Turkmenistan","Asia","p248"
52.694,40.034,"Turkmenistan","Asia","p248"
52.915,40.877,"Turkmenistan","Asia","p248"
54.737,40.951,"Turkmenistan","Asia","p248"
53.722,42.123,"Turkmenistan","Asia","p248"
52.917,41.868,"Turkmenistan","Asia","p248"
52.815,41.135,"Turkmenistan","Asia","p248"
52.502,41.783,"Turkmenistan","Asia","p248"
33.904,-0.95,"Uganda","Africa","p249"
29.579,-1.341,"Uganda","Africa","p249"
29.876,0.597,"Uganda","Africa","p249"
31.174,2.204,"Uganda","Africa","p249"
30.773,2.34,"Uganda","Africa","p249"
31.246,3.782,"Uganda","Africa","p249"
33.39,3.79,"Uganda","Africa","p249"
34.005,4.25,"Uganda","Africa","p249"
34.479,3.556,"Uganda","Africa","p249"
35.036,1.906,"Uganda","Africa","p249"
33.894,0.11,"Uganda","Africa","p249"
33.904,-0.95,"Uganda","Africa","p249"
31.786,52.102,"Ukraine","Europe","p250"
33.753,52.335,"Ukraine","Europe","p250"
34.392,51.769,"Ukraine","Europe","p250"
34.225,51.256,"Ukraine","Europe","p250"
35.022,51.208,"Ukraine","Europe","p250"
35.356,50.577,"Ukraine","Europe","p250"
40.069,49.601,"Ukraine","Europe","p250"
39.738,47.899,"Ukraine","Europe","p250"
34.962,46.273,"Ukraine","Europe","p250"
35.013,45.738,"Ukraine","Europe","p250"
31.675,46.706,"Ukraine","Europe","p250"
30.749,46.583,"Ukraine","Europe","p250"
29.603,45.293,"Ukraine","Europe","p250"
28.68,45.304,"Ukraine","Europe","p250"
28.234,45.488,"Ukraine","Europe","p250"
28.863,46.438,"Ukraine","Europe","p250"
30.025,46.424,"Ukraine","Europe","p250"
28.671,48.118,"Ukraine","Europe","p250"
27.523,48.467,"Ukraine","Europe","p250"
24.866,47.738,"Ukraine","Europe","p250"
22.711,47.882,"Ukraine","Europe","p250"
22.086,48.422,"Ukraine","Europe","p250"
22.776,49.027,"Ukraine","Europe","p250"
22.518,49.477,"Ukraine","Europe","p250"
23.923,50.425,"Ukraine","Europe","p250"
23.527,51.578,"Ukraine","Europe","p250"
25.328,51.911,"Ukraine","Europe","p250"
30.555,51.32,"Ukraine","Europe","p250"
30.928,52.042,"Ukraine","Europe","p250"
31.786,52.102,"Ukraine","Europe","p250"
51.58,24.245,"United Arab Emirates","Asia","p251"
54.008,24.122,"United Arab Emirates","Asia","p251"
56.071,26.055,"United Arab Emirates","Asia","p251"
56.261,25.715,"United Arab Emirates","Asia","p251"
56.397,24.925,"United Arab Emirates","Asia","p251"
55.886,24.921,"United Arab Emirates","Asia","p251"
55.981,24.131,"United Arab Emirates","Asia","p251"
55.007,22.497,"United Arab Emirates","Asia","p251"
52.001,23.001,"United Arab Emirates","Asia","p251"
51.58,24.245,"United Arab Emirates","Asia","p251"
-6.198,53.868,"United Kingdom","Europe","p252"
-7.572,54.06,"United Kingdom","Europe","p252"
-7.572,55.132,"United Kingdom","Europe","p252"
-5.662,54.555,"United Kingdom","Europe","p252"
-6.198,53.868,"United Kingdom","Europe","p252"
-3.094,53.405,"United Kingdom","Europe","p253"
-2.945,53.985,"United Kingdom","Europe","p253"
-3.63,54.615,"United Kingdom","Europe","p253"
-5.083,55.062,"United Kingdom","Europe","p253"
-5.048,55.784,"United Kingdom","Europe","p253"
-5.586,55.311,"United Kingdom","Europe","p253"
-6.15,56.785,"United Kingdom","Europe","p253"
-5.01,58.63,"United Kingdom","Europe","p253"
-3.005,58.635,"United Kingdom","Europe","p253"
-4.074,57.553,"United Kingdom","Europe","p253"
-1.959,57.685,"United Kingdom","Europe","p253"
-3.119,55.974,"United Kingdom","Europe","p253"
-2.085,55.91,"United Kingdom","Europe","p253"
0.47,52.93,"United Kingdom","Europe","p253"
1.682,52.74,"United Kingdom","Europe","p253"
1.051,51.807,"United Kingdom","Europe","p253"
1.45,51.289,"United Kingdom","Europe","p253"
0.55,50.766,"United Kingdom","Europe","p253"
-2.956,50.697,"United Kingdom","Europe","p253"
-5.245,49.96,"United Kingdom","Europe","p253"
-5.777,50.16,"United Kingdom","Europe","p253"
-3.415,51.426,"United Kingdom","Europe","p253"
-5.267,51.991,"United Kingdom","Europe","p253"
-4.222,52.301,"United Kingdom","Europe","p253"
-4.77,52.84,"United Kingdom","Europe","p253"
-4.58,53.495,"United Kingdom","Europe","p253"
-3.094,53.405,"United Kingdom","Europe","p253"
-122.84,49.0,"United States of America","North America","p254"
-95.159,49.0,"United States of America","North America","p254"
-94.818,49.389,"United States of America","North America","p254"
-94.329,48.671,"United States of America","North America","p254"
-91.64,48.14,"United States of America","North America","p254"
-88.378,48.303,"United States of America","North America","p254"
-82.551,45.348,"United States of America","North America","p254"
-82.138,43.571,"United States of America","North America","p254"
-83.12,42.08,"United States of America","North America","p254"
-82.69,41.675,"United States of America","North America","p254"
-78.939,42.864,"United States of America","North America","p254"
-79.172,43.466,"United States of America","North America","p254"
-78.72,43.625,"United States of America","North America","p254"
-76.82,43.629,"United States of America","North America","p254"
-74.867,45.0,"United States of America","North America","p254"
-71.505,45.008,"United States of America","North America","p254"
-69.237,47.448,"United States of America","North America","p254"
-67.79,47.066,"United States of America","North America","p254"
-67.791,45.703,"United States of America","North America","p254"
-66.965,44.81,"United States of America","North America","p254"
-70.116,43.684,"United States of America","North America","p254"
-70.825,42.335,"United States of America","North America","p254"
-69.965,41.637,"United States of America","North America","p254"
-73.71,40.931,"United States of America","North America","p254"
-71.945,40.93,"United States of America","North America","p254"
-73.952,40.751,"United States of America","North America","p254"
-74.906,38.94,"United States of America","North America","p254"
-75.528,39.498,"United States of America","North America","p254"
-75.057,38.404,"United States of America","North America","p254"
-75.94,37.217,"United States of America","North America","p254"
-75.722,37.937,"United States of America","North America","p254"
-76.35,39.15,"United States of America","North America","p254"
-76.329,38.083,"United States of America","North America","p254"
-76.99,38.24,"United States of America","North America","p254"
-76.302,37.918,"United States of America","North America","p254"
-75.727,35.551,"United States of America","North America","p254"
-81.336,31.44,"United States of America","North America","p254"
-81.314,30.036,"United States of America","North America","p254"
-80.057,26.88,"United States of America","North America","p254"
-80.381,25.206,"United States of America","North America","p254"
-81.172,25.201,"United States of America","North America","p254"
-81.71,25.87,"United States of America","North America","p254"
-83.71,29.937,"United States of America","North America","p254"
-85.109,29.636,"United States of America","North America","p254"
-86.4,30.4,"United States of America","North America","p254"
-89.594,30.16,"United States of America","North America","p254"
-89.408,29.16,"United States of America","North America","p254"
-93.226,29.784,"United States of America","North America","p254"
-94.69,29.48,"United States of America","North America","p254"
-97.14,27.83,"United States of America","North America","p254"
-97.14,25.87,"United States of America","North America","p254"
-97.53,25.84,"United States of America","North America","p254"
-99.02,26.37,"United States of America","North America","p254"
-100.958,29.381,"United States of America","North America","p254"
-102.48,29.76,"United States of America","North America","p254"
-103.11,28.97,"United States of America","North America","p254"
-103.94,29.27,"United States of America","North America","p254"
-106.508,31.755,"United States of America","North America","p254"
-111.024,31.335,"United States of America","North America","p254"
-114.721,32.721,"United States of America","North America","p254"
-117.128,32.535,"United States of America","North America","p254"
-118.52,34.028,"United States of America","North America","p254"
-120.623,34.609,"United States of America","North America","p254"
-124.398,40.313,"United States of America","North America","p254"
-124.533,42.766,"United States of America","North America","p254"
-123.899,45.523,"United States of America","North America","p254"
-124.687,48.184,"United States of America","North America","p254"
-123.12,48.04,"United States of America","North America","p254"
-122.587,47.096,"United States of America","North America","p254"
-122.84,49.0,"United States of America","North America","p254"
-155.402,20.08,"United States of America","North America","p255"
-154.807,19.509,"United States of America","North America","p255"
-155.688,18.916,"United States of America","North America","p255"
-156.073,19.703,"United States of America","North America","p255"
-155.861,20.267,"United States of America","North America","p255"
-155.402,20.08,"United States of America","North America","p255"
-166.468,60.384,"United States of America","North America","p256"
-165.579,59.91,"United States of America","North America","p256"
-167.455,60.213,"United States of America","North America","p256"
-166.468,60.384,"United States of America","North America","p256"
-153.229,57.969,"United States of America","North America","p257"
-152.141,57.591,"United States of America","North America","p257"
-154.005,56.735,"United States of America","North America","p257"
-154.516,56.993,"United States of America","North America","p257"
-154.671,57.461,"United States of America","North America","p257"
-153.229,57.969,"United States of America","North America","p257"
-140.986,69.712,"United States of America","North America","p258"
-140.998,60.306,"United States of America","North America","p258"
-139.039,60.0,"United States of America","North America","p258"
-137.452,58.905,"United States of America","North America","p258"
-135.476,59.788,"United States of America","North America","p258"
-131.708,56.552,"United States of America","North America","p258"
-130.008,55.916,"United States of America","North America","p258"
-130.536,54.803,"United States of America","North America","p258"
-131.967,55.498,"United States of America","North America","p258"
-134.078,58.123,"United States of America","North America","p258"
-136.628,58.212,"United States of America","North America","p258"
-139.868,59.538,"United States of America","North America","p258"
-147.114,60.885,"United States of America","North America","p258"
-148.224,60.673,"United States of America","North America","p258"
-148.018,59.978,"United States of America","North America","p258"
-151.716,59.156,"United States of America","North America","p258"
-151.41,60.726,"United States of America","North America","p258"
-150.347,61.034,"United States of America","North America","p258"
-150.621,61.284,"United States of America","North America","p258"
-154.019,59.35,"United States of America","North America","p258"
-153.288,58.865,"United States of America","North America","p258"
-154.232,58.146,"United States of America","North America","p258"
-158.433,55.994,"United States of America","North America","p258"
-164.942,54.572,"United States of America","North America","p258"
-158.684,57.017,"United States of America","North America","p258"
-157.723,57.57,"United States of America","North America","p258"
-157.042,58.919,"United States of America","North America","p258"
-159.059,58.424,"United States of America","North America","p258"
-160.355,59.071,"United States of America","North America","p258"
-161.969,58.672,"United States of America","North America","p258"
-161.874,59.634,"United States of America","North America","p258"
-162.518,59.99,"United States of America","North America","p258"
-163.818,59.798,"United States of America","North America","p258"
-165.346,60.507,"United States of America","North America","p258"
-166.121,61.5,"United States of America","North America","p258"
-165.734,62.075,"United States of America","North America","p258"
-164.563,63.146,"United States of America","North America","p258"
-160.773,63.766,"United States of America","North America","p258"
-161.518,64.403,"United States of America","North America","p258"
-160.778,64.789,"United States of America","North America","p258"
-164.961,64.447,"United States of America","North America","p258"
-168.111,65.67,"United States of America","North America","p258"
-164.475,66.577,"United States of America","North America","p258"
-163.653,66.577,"United States of America","North America","p258"
-163.789,66.077,"United States of America","North America","p258"
-161.678,66.116,"United States of America","North America","p258"
-166.764,68.359,"United States of America","North America","p258"
-166.205,68.883,"United States of America","North America","p258"
-164.431,68.916,"United States of America","North America","p258"
-161.909,70.333,"United States of America","North America","p258"
-156.581,71.358,"United States of America","North America","p258"
-154.344,70.696,"United States of America","North America","p258"
-140.986,69.712,"United States of America","North America","p258"
-171.732,63.783,"United States of America","North America","p259"
-168.689,63.298,"United States of America","North America","p259"
-169.529,62.977,"United States of America","North America","p259"
-171.553,63.318,"United States of America","North America","p259"
-171.732,63.783,"United States of America","North America","p259"
-57.625,-30.216,"Uruguay","South America","p260"
-56.976,-30.11,"Uruguay","South America","p260"
-53.788,-32.047,"Uruguay","South America","p260"
-53.21,-32.728,"Uruguay","South America","p260"
-53.806,-34.397,"Uruguay","South America","p260"
-56.215,-34.86,"Uruguay","South America","p260"
-58.427,-33.909,"Uruguay","South America","p260"
-57.625,-30.216,"Uruguay","South America","p260"
55.968,41.309,"Uzbekistan","Asia","p261"
55.929,44.996,"Uzbekistan","Asia","p261"
58.503,45.587,"Uzbekistan","Asia","p261"
62.013,43.504,"Uzbekistan","Asia","p261"
64.901,43.728,"Uzbekistan","Asia","p261"
66.098,42.998,"Uzbekistan","Asia","p261"
66.023,41.995,"Uzbekistan","Asia","p261"
66.511,41.988,"Uzbekistan","Asia","p261"
66.714,41.168,"Uzbekistan","Asia","p261"
67.986,41.136,"Uzbekistan","Asia","p261"
68.26,40.662,"Uzbekistan","Asia","p261"
70.962,42.266,"Uzbekistan","Asia","p261"
70.42,41.52,"Uzbekistan","Asia","p261"
73.055,40.866,"Uzbekistan","Asia","p261"
71.775,40.146,"Uzbekistan","Asia","p261"
70.601,40.219,"Uzbekistan","Asia","p261"
70.667,40.96,"Uzbekistan","Asia","p261"
69.329,40.728,"Uzbekistan","Asia","p261"
68.536,39.533,"Uzbekistan","Asia","p261"
67.701,39.58,"Uzbekistan","Asia","p261"
67.442,39.14,"Uzbekistan","Asia","p261"
68.176,38.902,"Uzbekistan","Asia","p261"
68.392,38.157,"Uzbekistan","Asia","p261"
67.83,37.145,"Uzbekistan","Asia","p261"
66.519,37.363,"Uzbekistan","Asia","p261"
66.546,37.975,"Uzbekistan","Asia","p261"
64.17,38.892,"Uzbekistan","Asia","p261"
62.374,40.054,"Uzbekistan","Asia","p261"
61.883,41.085,"Uzbekistan","Asia","p261"
60.466,41.22,"Uzbekistan","Asia","p261"
59.976,42.223,"Uzbekistan","Asia","p261"
58.629,42.752,"Uzbekistan","Asia","p261"
56.932,41.826,"Uzbekistan","Asia","p261"
57.096,41.322,"Uzbekistan","Asia","p261"
55.968,41.309,"Uzbekistan","Asia","p261"
166.793,-15.669,"Vanuatu","Oceania","p262"
166.629,-14.626,"Vanuatu","Oceania","p262"
167.27,-15.74,"Vanuatu","Oceania","p262"
166.793,-15.669,"Vanuatu","Oceania","p262"
-60.734,5.2,"Venezuela","South America","p263"
-60.967,4.536,"Venezuela","South America","p263"
-63.093,3.771,"Venezuela","South America","p263"
-64.816,4.056,"Venezuela","South America","p263"
-64.27,2.497,"Venezuela","South America","p263"
-63.369,2.201,"Venezuela","South America","p263"
-66.326,0.724,"Venezuela","South America","p263"
-67.81,2.821,"Venezuela","South America","p263"
-67.303,3.318,"Venezuela","South America","p263"
-67.823,4.504,"Venezuela","South America","p263"
-67.341,6.095,"Venezuela","South America","p263"
-69.389,6.1,"Venezuela","South America","p263"
-70.093,6.96,"Venezuela","South America","p263"
-71.96,6.992,"Venezuela","South America","p263"
-72.789,9.085,"Venezuela","South America","p263"
-73.305,9.152,"Venezuela","South America","p263"
-72.905,10.45,"Venezuela","South America","p263"
-71.332,11.776,"Venezuela","South America","p263"
-71.947,11.423,"Venezuela","South America","p263"
-71.633,10.446,"Venezuela","South America","p263"
-72.074,9.866,"Venezuela","South America","p263"
-71.265,9.137,"Venezuela","South America","p263"
-71.401,10.969,"Venezuela","South America","p263"
-70.155,11.375,"Venezuela","South America","p263"
-69.943,12.162,"Venezuela","South America","p263"
-68.194,10.555,"Venezuela","South America","p263"
-66.228,10.649,"Venezuela","South America","p263"
-64.89,10.077,"Venezuela","South America","p263"
-64.318,10.641,"Venezuela","South America","p263"
-61.881,10.716,"Venezuela","South America","p263"
-62.73,10.42,"Venezuela","South America","p263"
-62.389,9.948,"Venezuela","South America","p263"
-59.758,8.367,"Venezuela","South America","p263"
-61.41,5.959,"Venezuela","South America","p263"
-60.734,5.2,"Venezuela","South America","p263"
104.334,10.487,"Vietnam","Asia","p264"
106.25,10.962,"Vietnam","Asia","p264"
105.811,11.568,"Vietnam","Asia","p264"
107.491,12.337,"Vietnam","Asia","p264"
107.565,15.202,"Vietnam","Asia","p264"
105.095,18.667,"Vietnam","Asia","p264"
103.897,19.265,"Vietnam","Asia","p264"
104.823,19.887,"Vietnam","Asia","p264"
104.435,20.759,"Vietnam","Asia","p264"
103.204,20.767,"Vietnam","Asia","p264"
102.17,22.465,"Vietnam","Asia","p264"
105.329,23.352,"Vietnam","Asia","p264"
108.05,21.552,"Vietnam","Asia","p264"
106.715,20.697,"Vietnam","Asia","p264"
105.662,19.058,"Vietnam","Asia","p264"
108.877,15.277,"Vietnam","Asia","p264"
109.2,11.667,"Vietnam","Asia","p264"
105.158,8.6,"Vietnam","Asia","p264"
105.076,9.918,"Vietnam","Asia","p264"
104.334,10.487,"Vietnam","Asia","p264"
-8.666,27.656,"W. Sahara","Africa","p265"
-8.687,25.881,"W. Sahara","Africa","p265"
-11.969,25.933,"W. Sahara","Africa","p265"
-11.937,23.375,"W. Sahara","Africa","p265"
-12.874,23.285,"W. Sahara","Africa","p265"
-12.929,21.327,"W. Sahara","Africa","p265"
-17.063,21.0,"W. Sahara","Africa","p265"
-17.02,21.422,"W. Sahara","Africa","p265"
-14.751,21.501,"W. Sahara","Africa","p265"
-13.891,23.691,"W. Sahara","Africa","p265"
-12.501,24.77,"W. Sahara","Africa","p265"
-11.393,26.883,"W. Sahara","Africa","p265"
-8.795,27.121,"W. Sahara","Africa","p265"
-8.666,27.656,"W. Sahara","Africa","p265"
52.0,19.0,"Yemen","Asia","p266"
53.109,16.651,"Yemen","Asia","p266"
52.385,16.382,"Yemen","Asia","p266"
52.168,15.597,"Yemen","Asia","p266"
44.99,12.7,"Yemen","Asia","p266"
43.483,12.637,"Yemen","Asia","p266"
42.605,15.213,"Yemen","Asia","p266"
43.381,17.58,"Yemen","Asia","p266"
47.0,16.95,"Yemen","Asia","p266"
49.117,18.617,"Yemen","Asia","p266"
52.0,19.0,"Yemen","Asia","p266"
30.74,-8.34,"Zambia","Africa","p267"
33.231,-9.677,"Zambia","Africa","p267"
33.306,-12.436,"Zambia","Africa","p267"
32.688,-13.713,"Zambia","Africa","p267"
33.214,-13.972,"Zambia","Africa","p267"
30.179,-14.796,"Zambia","Africa","p267"
30.274,-15.508,"Zambia","Africa","p267"
28.947,-16.043,"Zambia","Africa","p267"
27.044,-17.938,"Zambia","Africa","p267"
23.215,-17.523,"Zambia","Africa","p267"
21.888,-16.08,"Zambia","Africa","p267"
21.934,-12.898,"Zambia","Africa","p267"
24.016,-12.911,"Zambia","Africa","p267"
23.912,-10.927,"Zambia","Africa","p267"
25.752,-11.785,"Zambia","Africa","p267"
27.164,-11.609,"Zambia","Africa","p267"
28.934,-13.249,"Zambia","Africa","p267"
29.7,-13.257,"Zambia","Africa","p267"
29.616,-12.179,"Zambia","Africa","p267"
28.372,-11.794,"Zambia","Africa","p267"
28.45,-9.165,"Zambia","Africa","p267"
29.003,-8.407,"Zambia","Africa","p267"
30.74,-8.34,"Zambia","Africa","p267"
31.191,-22.252,"Zimbabwe","Africa","p268"
28.021,-21.486,"Zimbabwe","Africa","p268"
25.264,-17.737,"Zimbabwe","Africa","p268"
27.044,-17.938,"Zimbabwe","Africa","p268"
28.947,-16.043,"Zimbabwe","Africa","p268"
30.274,-15.508,"Zimbabwe","Africa","p268"
32.848,-16.713,"Zimbabwe","Africa","p268"
32.66,-20.304,"Zimbabwe","Africa","p268"
31.191,-22.252,"Zimbabwe","Africa","p268"
32.072,-26.734,"eSwatini","Africa","p269"
31.283,-27.286,"eSwatini","Africa","p269"
30.686,-26.744,"eSwatini","Africa","p269"
31.044,-25.731,"eSwatini","Africa","p269"
31.838,-25.843,"eSwatini","Africa","p269"
32.072,-26.734,"eSwatini","Africa","p269"
